,grid_idx,bd_diff,bs_diff,pp_diff,sum_diff,phase,geom_dist,geom_feature_dist,pw_dist,final_cal
0,31364,0.0,0.0,0.0,0.0,0,0.0,0.0,0.0,0.0
1,31365,0.0,0.0,0.0,0.0,0,0.0,0.0,0.0,0.0
2,31366,0.0,0.0,0.0,0.0,0,0.0,0.0,0.0,0.0
3,31367,0.0,0.0,0.0,0.0,0,0.0,0.0,0.0,0.0
4,31368,0.0,0.0,0.0,0.0,0,0.0,0.0,0.0,0.0
5,35983,0.0,0.0,0.0,0.0,0,0.0,0.0,0.0,0.0
6,36119,0.0,0.0,0.0,0.0,0,0.0,0.0,0.0,0.0
7,31268,0.0,0.0,0.0,0.0,0,0.0,0.0,0.0,0.0
8,31405,0.0,0.0,0.0,0.0,0,0.0,0.0,0.0,0.0
9,31408,0.0,0.0,0.0,0.0,0,0.0,0.0,0.0,0.0
10,31409,0.0,0.0,0.0,0.0,0,0.0,0.0,0.0,0.0
11,31410,0.0,0.0,0.0,0.0,0,0.0,0.0,0.0,0.0
12,36024,0.0,0.0,0.0,0.0,0,0.0,0.0,0.0,0.0
13,36025,0.0,0.0,0.0,0.0,0,0.0,0.0,0.0,0.0
14,36026,0.0,0.0,0.0,0.0,0,0.0,0.0,0.0,0.0
15,36027,0.0,0.0,0.0,0.0,0,0.0,0.0,0.0,0.0
16,31445,0.0,0.0,0.0,0.0,0,0.0,0.0,0.0,0.0
17,31318,0.0,0.0,0.0,0.0,0,0.0,0.0,0.0,0.0
18,31319,0.0,0.0,0.0,0.0,0,0.0,0.0,0.0,0.0
19,31320,0.0,0.0,0.0,0.0,0,0.0,0.0,0.0,0.0
20,31321,0.0,0.0,0.0,0.0,0,0.0,0.0,0.0,0.0
21,31446,0.0,0.0,0.0,0.0,0,0.0,0.0,0.0,0.0
22,36068,0.0,0.0,0.0,0.0,0,0.0,0.0,0.0,0.0
23,36069,0.0,0.0,0.0,0.0,0,0.0,0.0,0.0,0.0
24,36070,0.0,0.0,0.0,0.0,0,0.0,0.0,0.0,0.0
25,36071,0.0,0.0,0.0,0.0,0,0.0,0.0,0.0,0.0
26,36072,0.0,0.0,0.0,0.0,0,0.0,0.0,0.0,0.0
15,31476,0.7389228226111705,0.4931326746212885,0.49433480060728663,1.8336560876988708,1,0.4472135954999579,0.8200359318901982,13.366276607822915,15.065679758184459
5,36073,0.5945004511974282,0.3250318799521854,0.1720264534142948,2.9151063707777936,1,0.4242640687119285,1.2367748895942503,13.366276607822915,15.065679758184459
11,31444,0.753994893448682,0.6726537281817458,0.46829921818808073,3.212657175600232,1,0.41231056256176607,1.324612487389826,13.366276607822915,15.065679758184459
14,36123,0.8457975137993583,0.4656983458543607,0.1852166258349859,2.415301629270187,2,0.565685424949238,1.3663009285342926,12.8803327927817,20.30409144179208
13,36122,0.8688804743966791,0.42963370614090896,0.09881165983625705,3.3534953134670196,2,0.5,1.6767476567335098,12.8803327927817,20.30409144179208
12,36121,1.025517680776316,0.742477008964112,0.07487986828957414,3.7701069171582984,2,0.4472135954999579,1.6860430698416247,12.8803327927817,20.30409144179208
13,36174,0.8660094292879528,0.5242448188479569,0.0899719754134276,2.9808507124339996,3,0.58309518948453,1.7381197109917992,12.39768685883767,23.51566759307347
3,36116,0.7175892140308738,0.4794237120800885,0.4569504180344928,3.766866344904757,3,0.5,1.8834331724523785,12.39768685883767,23.51566759307347
12,36173,1.009037247491921,0.47008037444792244,0.06169218861465693,3.8416336441185854,3,0.5385164807134504,2.068783030221128,12.39768685883767,23.51566759307347
2,36227,0.7071217431383701,0.5790524679108321,0.09166818336859951,3.659211035267012,4,0.6324555320336759,2.314288262133296,12.169864939499167,22.598461693905794
5,35984,1.286531558850163,0.4244528240658142,0.27566116428653925,3.8294098616554137,4,0.41231056256176607,1.5789061343387185,12.169864939499167,22.598461693905794
4,31369,1.1773062506967098,1.0439598704889406,0.19109924241218346,4.068691884486069,4,0.41231056256176607,1.6775646397829431,12.169864939499167,22.598461693905794
21,31323,0.8408243056588924,0.4137893042796726,0.1319289148403617,2.90128049149027,5,0.5385164807134504,1.5623873598399298,11.747078084833229,21.501912250118796
5,36117,0.8475806014609224,0.47563725131598933,0.3683622941736252,4.130558891203011,5,0.4472135954999579,1.847242093159218,11.747078084833229,21.501912250118796
17,36171,0.6638509777237518,0.3716985604546221,0.3939056628319885,4.163172007377582,5,0.5,2.081586003688791,11.747078084833229,21.501912250118796
22,31324,0.8198155818322391,0.47510841018002364,0.12951306788433967,2.3940779493223516,6,0.6324555320336759,1.5141478431687596,11.767853405271504,24.204493020006847
14,36028,1.3554272903574849,0.8564338307460715,0.28516809532682924,4.145098477636646,6,0.4472135954999579,1.8537443938852862,11.767853405271504,24.204493020006847
10,31272,1.7324784935878084,0.9766682120649872,0.15280947932218308,4.177873333096171,6,0.6708203932499369,2.802602632255998,11.767853405271504,24.204493020006847
10,31273,0.7064141209110848,0.29859864406538134,0.13434029564293384,2.60895030063112,7,0.7615773105863908,1.986917353408204,11.51872254983724,25.075149997705093
5,35985,1.0404809852973675,0.5425372764458836,0.26212603744984436,4.224084756817783,7,0.5099019513592785,2.153869060208371,11.51872254983724,25.075149997705093
6,36115,0.8103392821324178,0.5891940322342617,0.5341734236053304,4.224830000230681,7,0.565685424949238,2.3899247540187822,11.51872254983724,25.075149997705093
22,35945,0.9154048387791544,0.0884224585418327,0.23378145190667496,2.4085080458175585,8,0.6,1.4451048274905351,11.27569800629747,23.991761196914553
10,31274,0.7017803050183606,0.2707295018613819,0.16976473521483118,2.987424706370553,8,0.8544003745317531,2.552456788008413,11.27569800629747,23.991761196914553
6,36114,0.8530395111945334,0.3189826412400007,0.6232279135776233,3.7257755699666792,8,0.6403124237432849,2.385660385528883,11.27569800629747,23.991761196914553
10,31275,1.1373522614735292,0.7968026082059433,0.24977762652117225,2.7130792613487533,9,0.9486832980505139,2.5738529815287876,11.185663229629053,27.219890930696813
25,35946,1.0430203925918304,0.47413460764781074,0.25677471072953806,3.696323163414042,9,0.7,2.5874262143898292,11.185663229629053,27.219890930696813
23,36074,1.23384624148558,0.9375812067622669,0.2635202153893909,4.278216030869659,9,0.5,2.1391080154348296,11.185663229629053,27.219890930696813
17,35909,0.8012700890751075,0.4733715409664569,0.21410477987504462,2.387165296209571,10,0.8062257748298549,1.9245941905835016,10.931305717237843,29.26479371444263
16,36166,0.41920741427764074,0.412320154043588,0.6658161422034115,4.249520049795329,10,0.7071067811865476,3.0048644439984726,10.931305717237843,29.26479371444263
12,36283,0.7102766013262622,0.6538547879131206,0.15463727925637002,4.260931159213225,10,0.7280109889280518,3.10200470697317,10.931305717237843,29.26479371444263
15,35910,0.7516315605075674,0.5872302346311047,0.2568455893137887,2.9404986671044293,11,0.9055385138137417,2.662734792881033,10.774734699559527,28.579667544190368
24,35948,0.9410731977382313,0.6839655518010945,0.27924619318098265,3.8906594946461253,11,0.9,3.501593545181513,10.774734699559527,28.579667544190368
9,36120,0.8903167879045901,0.7942263639861632,0.18921926143960535,4.348866540282963,11,0.41231056256176607,1.79308360973011,10.774734699559527,28.579667544190368
15,35911,0.7404639851889343,0.33376574480247106,0.3688654727268129,3.6966251952405145,12,1.004987562112089,3.7150623430068896,10.686151055765261,40.95199878857511
8,35989,0.9509577139237739,0.7895567867224935,0.29344702547568996,3.7871724634126993,12,0.9055385138137417,3.429430524075063,10.686151055765261,40.95199878857511
24,35949,1.0596042620202262,0.6887286194669193,0.28975756717710444,4.352256123701176,12,1.0,4.352256123701176,10.686151055765261,40.95199878857511
11,35876,0.9633036829993687,0.5993989111297344,0.41526535175359175,3.9831803814403153,13,1.118033988749895,4.453331049772044,10.729901724855821,41.9343703060137
26,36075,1.2134889030255616,0.7125987585227415,0.29610753221957486,4.519335086029761,13,0.58309518948453,2.6352025483326083,10.729901724855821,41.9343703060137
17,36034,0.41513583456061925,1.8110486560467534,0.4252940695004578,4.545973624637095,13,1.019803902718557,4.636001644060534,10.729901724855821,41.9343703060137
32,36081,0.4552849140664891,0.6154228501122393,0.49055771967379874,3.3422553298814988,14,1.140175425099138,3.8107573915374977,10.662465909406514,40.635892887582415
28,35947,1.0209483541789874,0.7049363326460829,0.2415422247864404,4.573230396862108,14,0.8,3.658584317489687,10.662465909406514,40.635892887582415
40,36340,1.2744915107952806,0.6398778795139769,0.18855957564840115,4.639517931006907,14,0.8544003745317531,3.9640058578990853,10.662465909406514,40.635892887582415
21,36285,0.8123923236326515,1.0838468039952003,0.14874641508950107,2.251531812217196,15,0.8062257748298549,1.8152429798588763,10.662148528755663,41.93054291258931
13,36130,1.2532517613933913,0.45393609210333785,0.5242041967676381,3.720255307626795,15,1.1704699910719625,4.354447196703356,10.662148528755663,41.93054291258931
14,36131,0.6115074405647366,0.4509879369024774,0.5807665934607322,4.449539975200913,15,1.2649110640673518,5.628272344641604,10.662148528755663,41.93054291258931
55,36342,0.9461515079617854,0.8368748690232327,0.2038128596918883,2.4487722478024083,16,0.9433981132056604,2.310167118247176,10.583740626239264,33.49145067097584
38,36183,0.4121294996417051,0.3897291305640911,0.6419964859036684,3.2962337706162526,16,1.3,4.285103901801128,10.583740626239264,33.49145067097584
21,36286,0.8134108472799005,0.7777825052862938,0.18378148104778746,3.368860287883523,16,0.8602325267042626,2.8980031975596927,10.583740626239264,33.49145067097584
8,36237,0.9669377620436745,0.611741894894763,0.6721396402538516,3.5529963399160773,17,1.3416407864998738,4.766844803916179,10.637180313284889,52.880620923543674
53,36343,1.3145037680631497,1.2915452059703505,0.26077582266962746,3.99754921990279,17,1.0,3.99754921990279,10.637180313284889,52.880620923543674
9,36238,0.8596248505525754,0.5638924561485995,0.7341060743982463,4.295002544765403,17,1.4317821063276353,6.149507790226762,10.637180313284889,52.880620923543674
34,36293,0.8200197518538159,0.6613883364234722,0.6977736561622786,3.8450235332794254,18,1.3892443989449805,5.341677407420081,10.556798595824706,54.043167992256336
47,36182,0.4410141834996196,0.6770293616068226,0.5528450659305875,4.331842598386693,18,1.208304597359457,5.234185326668177,10.556798595824706,54.043167992256336
59,36344,0.8138589501104181,0.8918171756488222,0.32576593911274343,4.498495133411127,18,1.063014581273465,4.781965920603749,10.556798595824706,54.043167992256336
69,36350,0.49318666945881867,0.6361135184158622,0.8101999617591199,3.8301121408985814,19,1.5264337522473748,5.846412446760048,10.479738544714786,58.721948652958964
38,36294,0.7219853181961623,0.5819591620901026,0.7530643997457891,4.492449653822534,19,1.47648230602334,6.63302242456965,10.479738544714786,58.721948652958964
21,36396,0.8756976216234877,0.7868048194468261,0.16022925885157824,4.564961397676634,19,0.9486832980505139,4.3307026342211525,10.479738544714786,58.721948652958964
26,36406,0.6493049561723557,0.6197640458805209,0.8306559917266803,4.3526202531720815,20,1.5811388300841898,6.882096894901255,10.419114358883075,51.38983328758311
48,36176,0.8047577190112348,0.678837144941542,0.1719001770364276,4.5572294405312,20,0.7071067811865476,3.2224478408225883,10.419114358883075,51.38983328758311
55,36450,1.0505798320291226,0.8296457371440245,0.3810507249832974,4.601129992327648,20,1.019803902718557,4.69225032309114,10.419114358883075,51.38983328758311
16,36462,1.0800802050942824,0.6217656998666228,0.9076077201152277,3.6888020020072405,21,1.7204650534085253,6.346454933396862,10.458990803204696,64.20792618509414
10,36449,0.609732074607721,0.6068962738518896,0.4647748722985531,4.535273408423551,21,1.004987562112089,4.557893366243369,10.458990803204696,64.20792618509414
14,36461,1.3120246694340036,0.681364038991266,0.8554829574877318,4.580576351277372,21,1.6401219466856727,7.5127038021993995,10.458990803204696,64.20792618509414
29,36517,1.0482692683847883,0.4362751041756952,0.9672817962884248,4.011480838802308,22,1.7804493814764855,7.142238578250343,10.404367444566967,68.18718125880207
9,36408,0.5166672354634904,0.08117719118472418,0.9375930800214353,4.291377440027453,22,1.74928556845359,7.506844624627336,10.404367444566967,68.18718125880207
16,35950,0.7729715297636467,0.5311018260208954,0.29378829763409525,4.556399440861162,22,1.1,5.012039384947278,10.404367444566967,68.18718125880207
85,31220,0.8884100917971552,0.714733373651126,0.06764880800619907,4.541432217086264,23,0.9848857801796105,4.472792012257823,10.314147569816951,31.16050403286888
46,36118,0.7835285658655613,0.24011627760846524,0.5159110203558037,4.608936617674063,23,0.41231056256176607,1.9003132496447162,10.314147569816951,31.16050403286888
52,36168,0.9280943405399266,0.4508767573414586,0.5587031294872453,4.613861809832807,23,0.58309518948453,2.690320626259897,10.314147569816951,31.16050403286888
74,31162,0.9035835207199457,0.3765315109636576,0.0808769173493117,3.7056248142988677,24,0.9433981132056604,3.4958794580576273,10.23249376547783,39.32675652063702
5,36395,0.7254016177739757,0.534363247897728,0.17331774700959315,4.586969669752449,24,0.9219544457292888,4.228977079453678,10.23249376547783,39.32675652063702
84,36339,0.6634323391906095,0.6081024788901618,0.08776976930341547,4.614368784199858,24,0.8246211251235321,3.805105978561792,10.23249376547783,39.32675652063702
60,31101,0.9248241232010819,0.7518635724985335,0.14565937783897281,4.209992442657283,25,1.0,4.209992442657283,10.205166185889496,45.34898931774814
24,36504,0.6165889584755838,0.4191741521769747,0.5152782001350911,4.605679187567277,25,1.104536101718726,5.0871389356026295,10.205166185889496,45.34898931774814
74,31161,1.256301242694601,0.7507436209260001,0.11558417265233442,4.689493171444725,25,0.8602325267042626,4.034054559834281,10.205166185889496,45.34898931774814
83,36292,0.7281582486787381,0.6235175896814158,0.5470131280738723,4.6793738908475895,26,1.3038404810405297,6.101157104811216,10.12692608150797,62.423500524511496
34,36035,0.8483635952511995,0.6381983982797279,0.3245601059835532,4.679521808570601,26,1.118033988749895,5.231864433078311,10.12692608150797,62.423500524511496
75,36239,0.6505304998807606,0.5897135075445036,0.7290977136099855,4.700319040549944,26,1.5231546211727816,7.159312667600062,10.12692608150797,62.423500524511496
83,36291,0.4306254801558543,0.4374209164139375,0.4714875731286162,3.8050114886458757,27,1.2206555615733703,4.644608435466157,10.027874600235936,51.893404361146125
82,36289,0.7082993887171716,0.6633220833347195,0.3276227396454939,4.695934687453178,27,1.063014581273465,4.99184704547058,10.027874600235936,51.893404361146125
74,36236,0.6702165486239066,0.5219710598201561,0.4893570282063996,4.699367991903349,27,1.2529964086141667,5.8882912166112655,10.027874600235936,51.893404361146125
83,36290,0.6267380235380849,0.7178439083122463,0.3988685305412708,4.630892165340864,28,1.140175425099138,5.2800294432057875,9.940134859300162,62.33831481833954
12,36448,0.5976313913285634,0.4920236849378106,0.5563866747231838,4.742586949231267,28,1.0,4.742586949231267,9.940134859300162,62.33831481833954
39,36572,0.6167603508766931,0.42183180321101144,0.953383847717738,4.767865224059531,28,1.8439088914585775,8.791509079919512,9.940134859300162,62.33831481833954
49,36628,0.6149632395753412,0.5470514844405813,1.0324762006919552,3.976078166623693,29,1.9849433241279206,7.892289813050481,9.864964028405236,55.07150709789279
24,36502,0.5823640318017794,0.10862474804008582,0.6776457320646515,4.2032315703654,29,1.104536101718726,4.642621013352478,9.864964028405236,55.07150709789279
3,36392,0.5496537680024234,0.33715264068521306,0.5974490331420637,4.652142510300973,29,0.9055385138137417,4.212694214827672,9.864964028405236,55.07150709789279
64,36684,0.4160681228879408,0.4738882294315983,1.0253300412897712,3.6103557762129945,30,2.051828452868319,7.407830706611307,9.791687681565595,65.15408133413658
14,36447,0.5772460978338854,0.3268664744386671,0.5893397614928914,4.6616949950265045,30,1.004987562112089,4.684945488361813,9.791687681565595,65.15408133413658
10,36407,0.5701244823024537,0.4497408168945084,0.7749617867461208,4.7281935976934495,30,1.6643316977093239,7.869282477547495,9.791687681565595,65.15408133413658
85,36743,0.49427921547729026,0.34809944081496963,1.0204847922309808,4.15667285871597,31,2.1213203435596424,8.817634696716402,9.781998250892327,71.84398012382673
30,36516,1.3161646384731147,0.3260230741351314,0.8485574338725224,4.710820969339821,31,1.70293863659264,8.022239038759574,9.781998250892327,71.84398012382673
25,36503,0.8217981263866769,0.5582765185719958,0.5639837914248265,4.721504621667674,31,1.1,5.193655083834442,9.781998250892327,71.84398012382673
93,36806,0.49945117178877485,0.4456531291329204,1.0690739991176066,4.164358804137647,32,2.262741699796952,9.422868319038821,9.714265077414375,67.56556023716922
39,36570,0.5771011193866005,0.46830288770486095,0.79737759589406,4.4614911669083845,32,1.697056274847714,7.571401579979524,9.714265077414375,67.56556023716922
96,36335,0.7157097898436068,0.4226815094703823,0.5771091515528338,4.695015794875862,32,0.8246211251235321,3.8716092072432877,9.714265077414375,67.56556023716922
2,36869,0.3608614213743626,0.3258584297057535,1.0682666899296733,4.101217440273048,33,2.3345235059857505,9.574388517476143,9.651433688895276,87.63686549607105
51,36624,0.4395094820581292,0.5105289972661908,0.7483532425659716,4.367111855768923,33,1.70293863659264,7.436923509510684,9.651433688895276,87.63686549607105
89,36744,0.6570234408950232,0.5199628994793868,1.0858897879655123,4.664142123678652,33,2.1931712199461306,10.229262271390446,9.651433688895276,87.63686549607105
53,36623,0.8394022575705303,0.6427297362368051,0.6429953049766047,4.206756624866977,34,1.6401219466856727,6.899593864809677,9.631165457060108,83.62511217031044
11,36933,0.9182926920623781,0.5031866606597418,1.1401301507282717,4.540038690081189,34,2.4083189157584592,10.933861055597784,9.631165457060108,83.62511217031044
45,36571,0.5197653712436685,0.31090464004879514,0.8085802043557382,4.643296128260758,34,1.7691806012954132,8.214829436189031,9.631165457060108,83.62511217031044
54,36622,1.0834929246594787,0.6023393873171397,0.57132085665364,3.752289082804544,35,1.5811388300841898,5.932889970523254,9.664786685540658,84.3206107405516
23,36998,1.0315212632419495,0.35942085552392344,1.3009607990096663,4.445497895279252,35,2.5495097567963927,11.333840257832282,9.664786685540658,84.3206107405516
47,36573,0.5841980026903753,0.20319108149153792,0.8835302119926325,4.636708111965427,35,1.9209372712298545,8.906825428088197,9.664786685540658,84.3206107405516
69,36677,1.7154361734878056,1.5052659653062368,0.5299890172956189,4.183351768759824,36,1.6124515496597098,6.745452042308466,9.728115971776782,54.56847134639483
49,36566,0.7852821465465717,0.6193347850466104,0.4383957085837633,4.476325579377651,36,1.4422205101855956,6.455848560846867,9.728115971776782,54.56847134639483
76,36165,0.5103167972640292,0.5340179135762618,0.551559253447929,4.643602048780461,36,0.7810249675906655,3.6267691396527075,9.728115971776782,54.56847134639483
94,36736,1.111697590233222,0.9483909541300889,0.5260155471145431,2.953356571291335,37,1.7,5.020706171195269,9.762286983987591,58.61366560408123
52,36565,0.853412944637631,1.02085667082739,0.3641556141669905,3.83710976419253,37,1.3892443989449805,5.330683248041567,9.762286983987591,58.61366560408123
95,36737,0.7644370990625298,0.31808826609813146,0.5646432500289373,4.379436736531222,37,1.74928556845359,7.6608854811695535,9.762286983987591,58.61366560408123
33,36509,1.1258512723968155,0.8373543994114268,0.21618693498391628,2.2106099002560886,38,1.2529964086141667,2.7698862658678003,9.793898997623057,34.20485911474281
53,36564,0.5273497019345337,0.6311255517391736,0.32158417528169825,2.368533103287272,38,1.3416407864998738,3.177720615545322,9.793898997623057,34.20485911474281
121,36798,1.2981508991026505,0.21755732135711364,0.571614743152152,2.532230191962374,38,1.7888543819998317,4.529791075124168,9.793898997623057,34.20485911474281
123,36797,0.7420465308809833,0.30095892374984956,0.5698408288708499,2.9109695684218897,39,1.746424919657298,5.083789794656038,9.813470822480394,54.56346555307903
20,36454,1.3066102811170652,1.5831542362347752,0.22568468229990732,3.6759592488591477,39,1.16619037896906,4.2868683095018705,9.813470822480394,54.56346555307903
145,36862,0.5275851077185748,0.26203125575122194,0.6182939420932171,3.800036143833036,39,1.9235384061671346,7.3095154674861025,9.813470822480394,54.56346555307903
12,36926,0.3062403376789609,0.20643385359067787,0.6372403096280344,2.089248216849801,40,2.0124611797498106,4.204530931271739,9.766409624066561,55.31836859135723
11,36925,0.9135340194701224,0.5948644584318195,0.6178122343256655,2.6932853994375905,40,1.969771560359221,5.30515698374289,9.766409624066561,55.31836859135723
128,36799,0.5178395388321437,0.19538629085358541,0.5488011699789952,4.076113466008643,40,1.835755975068582,7.482749650282873,9.766409624066561,55.31836859135723
30,36991,0.287041258654046,0.2077964705671952,0.7138259142260444,2.7878830286948153,41,2.147091055358389,5.985838714296093,9.714033946181772,63.87085178870162
29,36990,0.795342860290801,0.18862293023428942,0.6608261657217736,2.9866891086930587,41,2.1023796041628637,6.279154266091649,9.714033946181772,63.87085178870162
27,36988,0.6945694166826796,0.4344336145395402,0.6489533567941218,3.684399370282479,41,2.024845673131659,7.460340123005486,9.714033946181772,63.87085178870162
55,37056,0.5326279948263457,0.5096621080303756,0.7470573515667934,2.0941056077204534,42,2.23606797749979,4.6825624909264425,9.696185082095187,48.871671061146046
51,37054,0.7445638356839743,0.28687013043119447,0.6677398965592626,2.100179210094578,42,2.1540659228538015,4.523924468350745,9.696185082095187,48.871671061146046
49,37053,0.7110768452680347,0.4826906378748493,0.7050515893049556,2.791182536796887,42,2.118962010041709,5.914409758564448,9.696185082095187,48.871671061146046
77,37123,0.5974092653932728,0.25235422742313285,0.770244467160725,2.277289426100505,43,2.3259406699226015,5.296840093351866,9.6942877577096,64.45565100814663
76,37122,0.37273006858407337,0.4370195566233347,0.7392293677449794,3.016111974930878,43,2.2847319317591723,6.891007338885797,9.6942877577096,64.45565100814663
50,37055,1.3362032138855016,0.21800311131424197,0.6540754809516246,3.537633644973846,43,2.1931712199461306,7.758636296869766,9.6942877577096,64.45565100814663
72,37193,0.6551662582972906,0.30582362310136835,0.854210763290991,3.2553694205216237,44,2.416609194718914,7.866955673839339,9.68350464999613,84.4840226249414
76,37124,0.6754384907979346,0.47112039556577195,0.8596470670870062,3.7578487265384903,44,2.3706539182259396,8.908558807668829,9.68350464999613,84.4840226249414
103,37194,0.4319974545352743,0.6999780634894954,0.9436393337437772,3.8208605105680404,44,2.4596747752497685,9.39807421759216,9.68350464999613,84.4840226249414
130,37262,0.7111812894383971,0.445301964888247,0.9690495092263923,2.287281058292302,45,2.5495097567963927,5.831445374651803,9.74034990206598,72.15082407058262
128,37261,1.3838408948241847,0.9770398424760931,0.9049436564564858,3.9535730501091644,45,2.5079872407968904,9.915510765232229,9.74034990206598,72.15082407058262
154,36734,0.6506213524918475,1.0150415048325623,0.45238498407325584,4.008105107910377,45,1.6155494421403511,6.475291971124501,9.74034990206598,72.15082407058262
89,36675,0.4806642069917234,0.5356715852778889,0.350508476456867,2.5381916122315085,46,1.5231546211727816,3.866058283592415,9.696259814243287,63.97845535390036
148,37329,0.7929440655630222,0.4393048281164031,1.0315450089491922,3.8789996733057808,46,2.6400757564888173,10.240852996922634,9.696259814243287,63.97845535390036
76,36618,0.48184072209588996,0.5724832742629122,0.27802032230942914,4.083654433902996,46,1.392838827718412,5.687872454524545,9.696259814243287,63.97845535390036
4,37396,1.077844060974795,0.7994441030251782,1.1179296115380342,3.1136548684811087,47,2.7730849247724096,8.634429376729182,9.694660926399418,97.61313872165631
149,37327,0.4325004856810987,0.41305897483346854,0.8855962499219039,4.085645607835344,47,2.5632011235952596,10.472331412615592,9.694660926399418,97.61313872165631
151,37330,0.5839609720486427,0.3495601629120235,1.104809683190769,4.136537880094384,47,2.6832815729997477,11.0994958696727,9.694660926399418,97.61313872165631
6,37397,0.4706764644794057,0.7363326137662085,1.161616048296456,4.030733191089156,48,2.8178005607210745,11.357802245968069,9.74450001171753,107.0108363948236
23,37462,1.6118829587205337,1.0148015496429048,1.2123985822736285,4.147073898475657,48,2.906888370749727,12.05508088811862,9.74450001171753,107.0108363948236
59,37057,0.5160942176215614,0.3792645321459332,0.7655461151108947,4.176094255838203,48,2.2825424421026654,9.532112381171846,9.74450001171753,107.0108363948236
49,37526,0.7002079439588098,0.6521060837471946,1.1798625889868555,3.819306750516774,49,2.9966648127543394,11.445182148388733,9.731661779783957,100.12716256724676
15,36927,0.8799481418646481,0.11584483809464509,0.5185837432671903,4.165217651634579,49,2.0591260281974,8.576708079588013,9.731661779783957,100.12716256724676
140,37263,0.5717048024596119,0.5826265247675422,0.9977251117317697,4.180256170412382,49,2.5942243542145693,10.84452236413953,9.731661779783957,100.12716256724676
78,37591,0.38100569466393464,0.49162703746349434,1.3121292773660094,2.5364821962489836,50,3.1304951684997055,7.940445260342965,9.732622257734798,76.09071084066662
74,37590,0.6874980837480414,0.8838786839364821,1.1652253773339125,3.2666382872441138,50,3.0870698080866266,10.084340430491112,9.732622257734798,76.09071084066662
72,36563,0.6456176347646625,0.6168346846060034,0.1392626238818442,4.17657241302703,50,1.3,5.429544136935139,9.732622257734798,76.09071084066662
29,36455,0.873406963814064,0.8137647433366415,0.23352841605535254,4.194601315469723,51,1.2206555615733703,5.120163424311092,9.751956905699343,59.63757903622704
104,36164,1.0488623222705298,0.884603275303517,0.47205392169406774,4.253044332194297,51,0.8602325267042626,3.6586070720687434,9.751956905699343,59.63757903622704
86,37121,1.0247922148679167,0.26694901171485796,0.6069647976130272,4.2575134645950445,51,2.247220505424423,9.567571559758562,9.751956905699343,59.63757903622704
104,36163,0.5719197463418487,0.2889645238832272,0.5808877310407334,4.204243462986437,52,0.9433981132056604,3.966275350438636,9.781649647236112,66.63536310738843
37,36992,0.9640135866765577,0.29982502799068994,0.6782577498979825,4.273467041143254,52,2.195449840010015,9.382182531766029,9.781649647236112,66.63536310738843
136,36735,1.197542905895749,1.5497504822024537,0.35704113152204775,4.282253217880561,52,1.6552945357246849,7.08839035214714,9.781649647236112,66.63536310738843
87,36619,1.6301930099108362,0.6316622707098236,0.2053698085895472,4.378852614351452,53,1.4317821063276353,6.269562819474394,9.77566662069273,75.99231029895559
106,37191,0.7854779221884916,0.35901694432157377,0.6734835581322917,4.451583628292319,53,2.340939982143925,10.42089009932681,9.77566662069273,75.99231029895559
102,36674,0.6540624740194872,0.5120238691380958,0.2768553305234906,4.460092958561262,53,1.4866068747318504,6.63040485414029,9.77566662069273,75.99231029895559
160,37328,0.598135704537969,0.5859179848972367,0.8364225170067274,4.484737598048326,54,2.6,11.660317754925648,9.767320279779765,107.21209405924508
50,37527,1.0788349451743924,0.5436361696078941,1.1965679820817448,4.508627372205925,54,3.0413812651491097,13.712454821365563,9.767320279779765,107.21209405924508
102,36678,0.7303704575553366,0.5432770552542945,0.3641356516234973,4.540601022878991,54,1.6643316977093239,7.557066209028883,9.767320279779765,107.21209405924508
53,36510,1.45905797214562,0.754222155596768,0.12757689887587167,4.533209946603474,55,1.3038404810405297,5.910582637437188,9.791350593268383,86.47501402770033
161,36732,0.7695227512012999,0.6309783241498216,0.3728586150779724,4.539156655919818,55,1.5524174696260025,7.046666090019071,9.791350593268383,86.47501402770033
45,37525,1.058533651346699,0.4127453407167733,1.083257580352123,4.581945505014875,55,2.9546573405388314,13.538078920341105,9.791350593268383,86.47501402770033
45,37524,0.6804127821852354,0.6118247628977632,1.0282613770431113,2.694920152581715,56,2.9154759474226504,7.8569748850765695,9.791443675387878,92.37935016436268
73,37588,1.2215343574580932,0.6170696949409153,1.0375619152107216,4.490620221798595,56,3.0083217912982647,13.509230669681362,9.791443675387878,92.37935016436268
163,36731,0.6379013822990232,0.26552471179295084,0.4481959594731219,4.535446790874662,56,1.5297058540778354,6.937899506859503,9.791443675387878,92.37935016436268
45,37523,0.36032509646967836,0.47609769181649547,0.9708415361536424,3.4296455625117996,57,2.8792360097775935,9.874759004357903,9.780533717119608,91.12255979988701
28,36349,0.6390575305877042,0.5261719867014973,0.30456862087303455,4.571948901142162,57,1.4422205101855956,6.5937584767477215,9.780533717119608,91.12255979988701
117,37195,1.2482927668678947,0.7419117109371365,0.8373706867921775,4.5816821957182166,57,2.5059928172283334,11.48166267329279,9.780533717119608,91.12255979988701
121,36185,0.7164013879403439,0.5037544036739022,0.30734351134901694,4.579747596195515,58,1.4866068747318504,6.808284261040919,9.781210312167458,92.91900908829783
178,36860,1.1772223872352374,0.7087660841011402,0.4004777980321305,4.596151475254107,58,1.8384776310850237,8.449921676333108,9.781210312167458,92.91900908829783
25,37461,1.0190075463601098,0.4299467484001487,1.043060985723108,4.623968493280284,58,2.8635642126552705,13.241030697802934,9.781210312167458,92.91900908829783
18,36929,0.8486100396732261,0.507855079032171,0.5714143450982112,4.634310213039244,59,2.1633307652783937,10.025545859711665,9.75605808388205,96.61509896689611
121,36186,0.8991482272697564,0.6365500289763324,0.32399158496111796,4.644304777133505,59,1.5811388300841898,7.343290621871284,9.75605808388205,96.61509896689611
64,37063,0.5742725772182512,0.5914547514317516,1.091501528438866,4.701328137514288,59,2.6248809496813372,12.340426666362097,9.75605808388205,96.61509896689611
106,36135,0.642154299371452,0.2610109200441231,0.34526333573271056,4.089198704437887,60,1.6492422502470643,6.744079273014521,9.729411226260119,93.80077288481392
125,36187,0.7023044679383372,0.49394129893716,0.35413685619140733,4.520264958400589,60,1.676305461424021,7.577344836850532,9.729411226260119,93.80077288481392
99,37651,0.917488121571491,0.5282812921131907,0.9903185881925126,4.707689219976511,60,3.1016124838541645,14.601427654784821,9.729411226260119,93.80077288481392
124,37714,0.7637712922150739,0.7570903152007531,1.0501035035264865,4.463518638839336,61,3.195309061734091,14.262321553902346,9.759640378186452,120.53758073025098
125,37715,1.3406217958865085,1.1888065339986111,1.061981513307711,4.499902996486656,61,3.2310988842807022,14.539631551319424,9.759640378186452,120.53758073025098
128,36188,0.6052436312706158,0.4251576516785939,0.4133618247578022,4.6556867872656165,61,1.772004514666935,8.24989800590987,9.759640378186452,120.53758073025098
158,37779,0.49605685912477304,0.7073240024853451,1.0306362106977738,3.4193965024010504,62,3.361547262794322,11.49446295305473,9.752473639245064,120.05587761167459
157,37778,0.6848773520322304,0.6674073573085468,1.0301360685609988,4.162626541829265,62,3.3241540277189325,13.837211784911483,9.752473639245064,120.05587761167459
20,36934,0.6471456882642476,0.3910606814063414,0.8964392407992305,4.684883128544116,62,2.4758836806279896,11.599225683611776,9.752473639245064,120.05587761167459
176,37840,0.540469008125678,0.6460549431557218,1.0083531099954082,4.459501548840486,63,3.4176014981270124,15.240799174216978,9.736815584063832,110.14291046576199
87,37119,0.7361673250338129,0.6289562807926505,0.5807905595299975,4.705139776091905,63,2.1840329667841556,10.276180384312141,9.736815584063832,110.14291046576199
1,36353,0.8101421587026147,0.5683106461191862,0.46894103019225114,4.706384558852385,63,1.7888543819998317,8.419036641479433,9.736815584063832,110.14291046576199
3,36354,0.8082841036153358,0.5301703054323565,0.5205686535900708,3.53113750828948,64,1.8788294228055935,6.634405046546705,9.727700783780625,104.3804493302688
9,37903,0.9592126578224576,0.9145725184589324,1.069485944906482,4.414660548860123,64,3.54682957019364,15.65804857706437,9.727700783780625,104.3804493302688
24,36928,0.6640907124268105,0.3203325432167909,0.4880439266039819,4.6922114960918675,64,2.1095023109728985,9.898230994579396,9.727700783780625,104.3804493302688
30,37964,0.31300884159120207,0.8100522714071571,1.196899373236092,3.845691604042087,65,3.6769552621700474,14.140435980165723,9.761075559657579,123.56777050451186
3,36355,0.5427103909716119,0.424449613847315,0.5512230412367546,4.081961503849831,65,1.969771560359221,8.040531680764554,9.761075559657579,123.56777050451186
12,37904,1.3592601918741989,1.6221530760280882,1.100033663188374,4.406725633100679,65,3.5846896657869842,15.79674383693461,9.761075559657579,123.56777050451186
195,37843,0.7448382704884381,0.7724291562204376,1.1363097293506557,3.022615106780846,66,3.5341194094144583,10.682282716063543,9.792299876848114,118.96946183810385
50,38025,1.1066318398269948,0.9041658979373156,1.3224248705087276,3.4528544929898266,66,3.8078865529319543,13.148078193086642,9.792299876848114,118.96946183810385
12,37905,0.47534808568580306,0.7122746023178107,1.1712369569768462,3.4807724788491776,66,3.6249137920783716,12.617500165667206,9.792299876848114,118.96946183810385
195,37844,1.147117620191058,0.8653899419194885,1.2475899274249749,3.5867203322909376,67,3.5777087639996634,12.832240766853072,9.83582774653449,138.02108821486783
50,38024,0.7267719547952108,0.780399345742965,1.2522412812495862,3.6685031309684306,67,3.769615364994153,13.828845769027755,9.83582774653449,138.02108821486783
30,37965,0.7358265310720498,0.8288689994685203,1.2415499061955964,4.153824566860072,67,3.7161808352124095,15.436363248199887,9.83582774653449,138.02108821486783
30,37966,0.6627512583440418,0.7177313131986133,1.3042394257414849,4.390888008485945,68,3.757658845611187,16.4994591651753,9.834431989557887,144.4246215070689
12,37906,0.8142926707089245,0.7963827851098493,1.2411316400556878,4.436104346160162,68,3.6674241641784495,16.26907627392482,9.834431989557887,144.4246215070689
162,37259,0.711792448637887,0.4314257947974049,0.594904132670239,4.6355455686641385,68,2.435159132377184,11.288291125083063,9.834431989557887,144.4246215070689
132,36686,0.5814675864686405,0.3534101540476631,0.6973263958999043,4.643018757782376,69,2.2022715545545237,10.225188137527207,9.7953672564373,93.14303703013088
116,36137,0.7161352803927543,0.5989502376553565,0.3943286071337724,4.657924622663737,69,1.8439088914585775,8.588788627473503,9.7953672564373,93.14303703013088
3,36865,0.8291773101373847,0.5703779653580785,0.40638339660065287,4.667617677425246,69,2.080865204668481,9.712683213649704,9.7953672564373,93.14303703013088
95,36089,0.8726342474927411,0.5973734860370158,0.41238136176767853,4.240284149251317,70,1.9235384061671346,8.156349414146643,9.756262753641957,87.98701091565226
119,36138,0.4751570503453641,0.4720069618354312,0.4465598089662936,4.305882778914507,70,1.9416487838947598,8.360512061272741,9.756262753641957,87.98701091565226
165,36745,0.6604386514888279,0.4760033618154401,0.6771172984393421,4.64841524175346,70,2.2671568097509267,10.538686269891357,9.756262753641957,87.98701091565226
122,36139,0.6095573481341733,0.5718965178282316,0.508000259543362,3.5303329091908138,71,2.039607805437114,7.200494557377098,9.721575693228015,75.23036972365175
98,36090,0.5852973125833354,0.5438835151211876,0.472798809033385,3.7113878715591744,71,2.0223748416156684,7.505817458918798,9.721575693228015,75.23036972365175
147,36191,0.818843988496141,0.6156515068161704,0.54377599363073,4.127555899211121,71,2.0615528128088303,8.509174474044366,9.721575693228015,75.23036972365175
148,36192,0.3365957065806551,0.5108269243630156,0.6802041196112476,3.96545337416848,72,2.15870331449229,8.560237342282132,9.691460595536268,84.2105622311012
74,36043,0.991044540293922,0.6886162460402496,0.37291229979195784,4.287882504099695,72,1.9104973174542799,8.191988021641608,9.691460595536268,84.2105622311012
99,36091,0.5160509222359956,0.5733379165418048,0.5961821768280336,4.3912400850857445,72,2.1213203435596424,9.315226925946964,9.691460595536268,84.2105622311012
182,36245,0.4977529726884678,0.4384499027739697,0.5739039428889198,4.4536171122603285,73,2.08806130178211,9.299425545065384,9.649022770723978,70.04074006731216
61,35998,0.7407539095440092,0.5434441387519096,0.21915127170264995,4.543879692910383,73,1.8027756377319948,8.191595611163976,9.649022770723978,70.04074006731216
155,36218,0.5257802555084278,0.5334415876413721,0.47289394828577136,4.648285444560094,73,0.9219544457292888,4.285507430630922,9.649022770723978,70.04074006731216
219,36302,0.6560598790128794,0.5111309956991366,0.6920895996411577,3.661477874365095,74,2.2135943621178655,8.105026779713882,9.611940382329237,82.47949645457307
42,35957,0.6809208367919978,0.5166907114301044,0.209326548747504,4.380726586772494,74,1.8,7.885307856190489,9.611940382329237,82.47949645457307
218,36301,0.5822793641758693,0.5384049138699782,0.5849742064425373,4.602484281160149,74,2.118962010041709,9.75248934359248,9.611940382329237,82.47949645457307
223,36303,0.46314221994129445,0.543078801593554,0.7926619441719842,3.7805978297152696,75,2.308679276123039,8.72818786081938,9.572321092743671,86.79671944612227
8,36359,0.29921607466922945,0.6450261310504412,0.805407814479172,4.021443258404645,75,2.340939982143925,9.413957309522576,9.572321092743671,86.79671944612227
7,36358,0.460935840269689,0.5144339084249905,0.7088159333932368,4.031762855653312,75,2.247220505424423,9.060260162232652,9.572321092743671,86.79671944612227
36,35919,0.7476645798481691,0.5667839266962467,0.2092866126262533,4.201996518784889,76,1.8027756377319948,7.57525695390005,9.557444604036647,99.59835597231262
40,37463,1.0088032077634388,0.7185760315417088,0.9772989170765684,4.607088716411658,76,2.95296461204668,13.60456994412319,9.557444604036647,99.59835597231262
192,36246,0.46760047235163577,0.5641812553857858,0.680327020889892,4.616800257809185,76,2.1840329667841556,10.08324396411285,9.557444604036647,99.59835597231262
14,37399,0.826005821317384,0.5250247933768755,1.0612752485439243,3.9301428211125287,77,2.9154759474226504,11.458236864889377,9.530402112032643,85.2632719608742
19,35882,0.48454655464405405,0.5584725083607156,0.15102773908820408,4.174328804156795,77,1.7117242768623688,7.1452999536810475,9.530402112032643,85.2632719608742
20,35883,0.702026935692325,0.6521281472183103,0.21491782119822553,4.547468130830067,77,1.8110770276274835,8.235815065614426,9.530402112032643,85.2632719608742
235,37334,0.46919906378495896,0.4066244123127493,1.0808458655948499,4.254307063860144,78,2.884441020371191,12.27129780825312,9.500166916877916,90.26028461323453
58,35958,0.6487537122020777,0.6279474270968708,0.3094761066237489,4.597391909177377,78,1.9,8.735044627437016,9.500166916877916,90.26028461323453
8,35848,0.8123365248500108,0.5878838031403968,0.1529243876161974,4.60500470151241,78,1.6278820596099706,7.49640453801162,9.500166916877916,90.26028461323453
242,35818,0.5716472809802633,0.4078685228388736,0.16415338510475788,3.1631693427751926,79,1.6492422502470643,5.216832524791086,9.447664358439042,55.65279277775108
11,35847,0.5530578497842272,0.2931137209204846,0.16694489337898621,3.779719914021661,79,1.5297058540778354,5.7818596792535075,9.447664358439042,55.65279277775108
243,35819,0.4651850890351665,0.49315695870208043,0.17464482573505122,3.821079702538573,79,1.746424919657298,6.67322881251006,9.447664358439042,55.65279277775108
11,35846,0.5002301941005673,0.49105706923632975,0.2439351904379846,3.655575247698266,80,1.4317821063276353,5.233987227988591,9.402332433068075,69.81045261185444
243,35820,0.5438521825870607,0.5411707345710064,0.24778689143690397,4.517082592819669,80,1.8439088914585775,8.329088756352954,9.402332433068075,69.81045261185444
84,35999,0.6294681215119189,0.5895472210616922,0.35763969554754804,4.578572727886835,80,1.9026297590440446,8.711328726024963,9.402332433068075,69.81045261185444
242,35793,0.3750191120843641,0.4836534349410295,0.2691106762212515,3.8738213197800153,81,1.96468827043885,7.610851308747741,9.361264438309256,80.07247227199107
20,35878,0.5745255030634565,0.42716549808868554,0.3086508111517597,4.484657998414539,81,1.3152946437965904,5.898646644574181,9.361264438309256,80.07247227199107
14,37393,0.62373751993598,0.5331368628181121,0.6714505648613199,4.573198122169437,81,2.6570660511172846,12.151289475449726,9.361264438309256,80.07247227199107
58,36351,0.5975950212761494,0.3713435191952929,0.208582423376552,4.5732718920153435,82,1.6124515496597098,7.374179349295334,9.328291395371537,80.86544394565087
106,36044,0.556283003047054,0.5194856249097746,0.4923245801134709,4.576134205676122,82,2.009975124224178,9.197915918520373,9.328291395371537,80.86544394565087
224,36803,0.884018232559797,0.4896472876688099,0.38985741181269556,4.576364823620963,82,2.0615528128088303,9.434417774575184,9.328291395371537,80.86544394565087
257,36863,0.5028852817012659,0.30914600255291314,0.24151077527824732,4.568491389001689,83,1.972308292331602,9.010473449973551,9.294227727030671,97.6905326464454
147,36140,0.47987911068502853,0.4909420557846196,0.5795177508856532,4.591933650605509,83,2.137755832643195,9.816432944692487,9.294227727030671,97.6905326464454
129,37131,0.5683656878284855,0.5202697088517851,1.0816455316585452,4.593770050668129,83,2.7658633371878665,12.705740162614626,9.294227727030671,97.6905326464454
16,37400,0.48137421030868277,0.42504374403144674,1.0863991725482645,4.580627455342638,84,2.9681644159311658,13.596055415585344,9.266710650287603,105.76090277741089
98,36042,0.5973005577222407,0.4326808972174466,0.20229285409293984,4.583782097820336,84,1.8110770276274835,8.301582457012525,9.266710650287603,105.76090277741089
96,37064,0.5561372239718014,0.47785877217902256,1.0023407917552105,4.586623187217913,84,2.6907248094147422,12.341340801284156,9.266710650287603,105.76090277741089
235,37331,0.5170394549421382,0.4007478590757417,0.8371157046803405,4.57730324446738,85,2.729468812791236,12.493606452461853,9.229088109397795,81.09337704056017
19,35880,0.6430483151635101,0.46797448722250273,0.19736652682286973,4.596496986015593,85,1.5132745950421556,6.955762115125235,9.229088109397795,81.09337704056017
29,36405,0.5816453660579874,0.5375969298926151,0.1664346296290957,4.607186479909554,85,1.5,6.9107797198643315,9.229088109397795,81.09337704056017
81,35997,0.605749808368769,0.48476195808255595,0.05393722571113528,4.602926488448393,86,1.70293863659264,7.8385013585744545,9.22124455758439,90.33712728038915
8,35849,1.145550386068775,0.5944042808997952,0.14021993659301496,4.611561565970115,86,1.7262676501632068,7.960789548070189,9.22124455758439,90.33712728038915
239,37335,0.8183975045491814,0.6080155377224572,1.0577908701328298,4.6209430090488315,86,2.9410882339705484,13.590601113761979,9.22124455758439,90.33712728038915
242,37336,0.34293053214515307,0.4856759402468567,1.1652583612310048,4.066533221403397,87,3.0,12.19959966421019,9.193872476106126,108.30725704555125
208,37269,0.5431009848915623,0.5038898177527987,1.0172012622597586,4.275642984646867,87,2.9206163733020465,12.48751290735367,9.193872476106126,108.30725704555125
154,37190,0.5799943647439093,0.29022076247877066,0.47347202483061696,4.614763856312865,87,2.308679276123039,10.654009679271148,9.193872476106126,108.30725704555125
209,37270,0.2721480157677837,0.4765453632335654,1.0980419539116806,3.602455332928515,88,2.9832867780352594,10.747157363188247,9.204073345597413,101.38896469732373
17,37403,0.8206587928421409,0.602988042079565,1.2686385483946252,3.936066978101153,88,3.1400636936215163,12.359501013597985,9.204073345597413,101.38896469732373
125,37118,1.1909815602647371,0.6140139262083665,0.5339963152055299,4.604768409881224,88,2.15870331449229,9.94032882887999,9.204073345597413,101.38896469732373
242,35794,0.6125083480367921,0.6610406627737814,0.35865374896008106,4.600964977816507,89,2.0615528128088303,9.485132291652537,9.176815979082075,86.08996050056503
125,37120,0.7846717486429728,0.25974804565224974,0.3837702727083534,4.619004336189212,89,2.2135943621178655,10.224601957186414,9.176815979082075,86.08996050056503
8,35850,0.6774131319271639,0.5350400740773351,0.21372769462638191,4.621804206705608,89,1.8248287590894658,8.434001235277067,9.176815979082075,86.08996050056503
0,36352,0.5988670905889338,0.3040900080173038,0.25305737839509784,4.616337926577615,90,1.7,7.847774475181946,9.138980541886973,72.69105890763426
42,35920,0.49900584954353333,0.529802938689903,0.2719319361650749,4.620771723908429,90,1.9026297590440446,8.791617791657428,9.138980541886973,72.69105890763426
111,36568,0.6124938653402059,0.6566841550540624,0.14686456075163393,4.6237183492377,90,1.562049935181331,7.222478947723481,9.138980541886973,72.69105890763426
4,36870,0.5394933843201611,0.43650406878117853,0.6074114094893178,4.636493510064492,91,2.4041630560342613,11.146886406439668,9.103290311609088,73.4850870651819
104,36558,0.49404330902288657,0.32236696937920756,0.6385349306853952,4.6466197283501804,91,1.2,5.575943674020216,9.103290311609088,73.4850870651819
20,35881,0.6352426066339,0.52223997421321,0.13981981176621555,4.647746816722453,91,1.6124515496597098,7.494266557050103,9.103290311609088,73.4850870651819
123,36614,0.6081250167197005,0.24236615365125316,0.4826178910838599,4.539276404932332,92,1.3038404810405297,5.9184923313828985,9.108699424330629,80.91993445391564
72,37522,0.9335992182202195,0.6540609393179336,0.7369512279099613,4.642809482721235,92,2.8460498941515415,13.213667436864545,9.108699424330629,80.91993445391564
195,36240,1.2390772572142368,0.561203008129673,0.18500813592117993,4.654307233087143,92,1.6155494421403511,7.519263453963735,9.108699424330629,80.91993445391564
177,36219,0.5463676759745963,0.42551023740515226,0.545502290893614,4.6572556123621816,93,0.848528137423857,3.9518124302644866,9.073547515580364,66.07924392255717
132,36627,0.5942365699501846,0.4540713694257014,0.3317641042477264,4.6575945920603115,93,1.9104973174542799,8.898321973920787,9.073547515580364,66.07924392255717
233,36299,0.5689813805998661,0.3912254799385276,0.3455696642858266,4.658853473474705,93,1.9313207915827966,8.99774057825943,9.073547515580364,66.07924392255717
229,36807,0.5491488639794626,0.34015783984291115,0.5756943545350467,4.65106603024265,94,2.3345235059857505,10.858022975493299,9.03735500801637,92.82707714144843
152,37187,0.4663527165861437,0.37400942589735114,0.6793953961518729,4.653625044907634,94,2.23606797749979,10.405821942208982,9.03735500801637,92.82707714144843
191,36742,0.5535592440739922,0.4824689696461502,0.3746826492746874,4.654685898660965,94,2.051828452868319,9.550616966037508,9.03735500801637,92.82707714144843
212,36275,0.48074104997484746,0.45395672851717456,0.6096813420517,4.656292327974484,95,0.9219544457292888,4.292889412391255,9.01137623831799,56.54633221036866
170,36184,0.7739351247410459,0.485327016299939,0.21388436274052833,4.666828273223999,95,1.392838827718412,6.500139621240455,9.01137623831799,56.54633221036866
155,36679,0.6798313449841937,0.5841996710997615,0.16410423695226597,4.668477908354673,95,1.7204650534085253,8.031953093933943,9.01137623831799,56.54633221036866
241,36331,0.3899936479935024,0.3031665963049825,0.699969058458148,4.47829410935397,96,1.0,4.47829410935397,9.002733723247147,92.57607889704379
29,36415,0.5293840300456237,0.5264590690645301,0.7339619975626054,4.6652839469879765,96,2.3769728648009427,11.08925334858186,9.002733723247147,92.57607889704379
166,37716,1.1618209643347588,0.5676076388275598,0.8678368782336726,4.673959574659872,96,3.269556544854363,15.281775117713899,9.002733723247147,92.57607889704379
63,36470,0.8137260531956323,0.5843370246879371,0.7429964739207674,4.589191254465951,97,2.416609194718914,11.090281781866045,8.986865620406281,92.87348016031025
158,37188,0.7678604348244692,0.47210576545548544,0.5851310830024797,4.672438787327316,97,2.2561028345356955,10.541502392283686,8.986865620406281,92.87348016031025
88,36000,0.5285176662754677,0.490803776272135,0.4518867844274,4.679797739230088,97,2.0024984394500787,9.371287669750256,8.986865620406281,92.87348016031025
95,36525,0.5280641167852779,0.5469645994582994,0.7717902138158987,4.597270288706904,98,2.4596747752497685,11.307789764137592,8.960198785541843,76.10935525687735
17,35877,0.6908516472466726,0.37885641778394447,0.4511095867575779,4.693011091180915,98,1.216552506059644,5.709294403941846,8.960198785541843,76.10935525687735
185,36738,0.6168156183607907,0.5241044291943757,0.1574416407566365,4.695755455167973,98,1.8027756377319948,8.465393535323935,8.960198785541843,76.10935525687735
103,36556,0.5629692742251097,0.3013762224795791,0.7519302352503449,4.6890968460404645,99,1.216552506059644,5.7045325192069,8.946637678179135,77.22219903195287
78,37528,0.7513690364636041,0.4069679451087544,0.9826569122161337,4.700758208612793,99,3.0886890422961,14.51918036942578,8.946637678179135,77.22219903195287
59,35951,0.7130819931993434,0.38497232975907913,0.42229789107299853,4.725459179809792,99,1.2,5.67055101577175,8.946637678179135,77.22219903195287
77,36500,0.4285595416527855,0.22509251994737814,0.7209100951787137,4.527621005915996,100,1.140175425099138,5.162282205108057,8.92801494574617,76.2311388773505
266,37529,0.7371894341058888,0.5771592175619412,1.1075440977446178,4.574121467979971,100,3.1384709652950433,14.35574741898788,8.92801494574617,76.2311388773505
59,35952,0.6816675240709422,0.3783351143474104,0.3413942015515213,4.690176567149283,100,1.3,6.097229537294068,8.92801494574617,76.2311388773505
