grid_idx,pp_pop,pp_od,pp_drr,bs_ebit,geometry_grids,sigungunm,platplc,x,y,x_5179,y_5179,bdnm,bd_platarea,bd_archarea,bd_totarea,bd_totflrcnt,bd_elvtent,bs_gas,bs_elct,bd_height,bd_ilp,bd_vintage,count,geometry,gwr_const,gwr_bs_ebit,gwr_bs_elct,gwr_bd_totflrcnt,gwr_bd_height,gwr_pp_od,gwr_pp_drr,gwr_r2,cbdness,sim,cbdi
24726,-0.5368083915037094,0.5619006256737563,2.5226028424524745,1.436767509740687,"POLYGON ((953435.230213883 1952365.54807064, 953435.230213883 1952465.54807064, 953535.230213883 1952465.54807064, 953535.230213883 1952365.54807064, 953435.230213883 1952365.54807064))",종로구,서울특별시 종로구 신문로1가 115번지,126.97319295,37.569801951,953478.6960084311,1952400.78536854,콘코디언(concordian),0.7878057494404097,0.3306662564419925,1.9007643232244236,0.5482354557804591,4.000906393398071,-0.3333231441661209,-0.3994945969860651,4.382270442240029,1.6190460076051283,-0.9747084707356792,13.0,"POLYGON ((953435.230213883 1952365.54807064, 953435.230213883 1952465.54807064, 953535.230213883 1952465.54807064, 953535.230213883 1952365.54807064, 953435.230213883 1952365.54807064))",-0.7159623107511489,0.494104415952565,0.1914299348888615,-0.0902681091275671,0.2701950827711917,0.3162681266567471,0.1701723905032421,0.8445239917589822,0.522000733730047,0.5326396966378832,0.2780383124587247
24727,-0.5274543584233395,0.5115261088559052,2.430938760295239,1.363384395747684,"POLYGON ((953435.230213883 1952465.54807064, 953435.230213883 1952565.54807064, 953535.230213883 1952565.54807064, 953535.230213883 1952465.54807064, 953435.230213883 1952465.54807064))",종로구,서울특별시 종로구 신문로1가 57번지,126.9729851,37.570602815,953460.8393787588,1952489.740293188,Crescendo(크레센도),0.6143981112880189,0.699877332659609,1.6621073752207502,0.0094046445492106,1.6169770657457674,0.9304737026228268,1.01860285588502,2.3110188473454705,1.881636492980818,-0.3141407774634342,13.0,"POLYGON ((953435.230213883 1952465.54807064, 953435.230213883 1952565.54807064, 953535.230213883 1952565.54807064, 953535.230213883 1952465.54807064, 953435.230213883 1952465.54807064))",-0.7949731802573579,0.6290917952951979,0.1573569897436094,-0.1830295442524754,0.2870457736951188,0.0567248386960724,0.2029028532545513,0.8529125285092105,0.17230913586628388,0.6350535001034174,0.10942551983167888
24796,-0.5798375818838276,0.66968167058126,2.9690507925404024,1.5257602404149115,"POLYGON ((953535.230213883 1952465.54807064, 953535.230213883 1952565.54807064, 953635.230213883 1952565.54807064, 953635.230213883 1952465.54807064, 953535.230213883 1952465.54807064))",종로구,서울특별시 종로구 당주동 171번지,126.974721013,37.570698434,953614.1932494856,1952499.490404965,NoData,-0.7224412032400229,-0.7125959170965367,-0.4760765017757044,-0.7988415722976621,-0.0858295968630207,-0.3061368446121881,-0.3360237124013428,-0.1948257161207143,0.7538794610515395,2.080417110648454,6.0,"POLYGON ((953535.230213883 1952465.54807064, 953535.230213883 1952565.54807064, 953635.230213883 1952565.54807064, 953635.230213883 1952465.54807064, 953535.230213883 1952465.54807064))",-0.3577405504592955,-0.0498299907020215,0.1592068221832832,-0.1939959314507316,0.298821545991939,0.922443529737523,0.2027063036094661,0.8324391814341487,0.05720294889075495,0.6291778340441949,0.03599082748402598
24864,-0.7180095420913897,0.9495155896115788,3.5068944684784875,1.7916078497541543,"POLYGON ((953635.230213883 1952365.54807064, 953635.230213883 1952465.54807064, 953735.230213883 1952465.54807064, 953735.230213883 1952365.54807064, 953635.230213883 1952365.54807064))",종로구,서울특별시 종로구 신문로1가 135-2번지,126.975434458,37.569945106,953676.7293105968,1952415.560345453,NoData,-0.7399704972193416,-0.717666739099941,-0.4753256443939443,-0.753939004695058,-0.4263909293847783,-0.3241149676118795,-0.3457137637958403,-0.108369455351678,1.7862746851338571,2.328129995625546,6.0,"POLYGON ((953635.230213883 1952365.54807064, 953635.230213883 1952465.54807064, 953735.230213883 1952465.54807064, 953735.230213883 1952365.54807064, 953635.230213883 1952365.54807064))",0.3421910069202613,-1.2138149112059615,0.1762686944363073,-0.1729929954891223,0.3498063064649115,2.358311044767144,0.1826446952020441,0.7887292174999158,0.22234950515640717,0.6099272522855985,0.13561702272710993
24930,-0.8160491291956963,1.138570866966672,3.4777885383636296,1.997434856444867,"POLYGON ((953735.230213883 1952365.54807064, 953735.230213883 1952465.54807064, 953835.230213883 1952465.54807064, 953835.230213883 1952365.54807064, 953735.230213883 1952365.54807064))",종로구,서울특별시 종로구 세종로 211번지,126.97614035,37.569570228,953738.833720072,1952373.6216904093,광화문빌딩,0.8892109100347293,0.4286765770403192,1.474353010469094,0.0094046445492106,1.6169770657457674,-0.3333231441661209,1.2952339121334144,2.801554102297061,2.9596395382073344,0.3464269158088109,7.0,"POLYGON ((953735.230213883 1952365.54807064, 953735.230213883 1952465.54807064, 953835.230213883 1952465.54807064, 953835.230213883 1952365.54807064, 953735.230213883 1952365.54807064))",0.4655930110901155,-1.4881654229876953,0.1762145854149506,-0.2041908050943092,0.3755730187869999,2.6669028731463795,0.1977097968487538,0.7475745950165669,0.8326549911520946,0.6367174909669167,0.5301659968074419
24995,-0.9003725185655734,1.2463415764018448,3.0321035238749814,2.218259335581826,"POLYGON ((953835.230213883 1952365.54807064, 953835.230213883 1952465.54807064, 953935.230213883 1952465.54807064, 953935.230213883 1952365.54807064, 953835.230213883 1952365.54807064))",종로구,서울특별시 종로구 서린동 159-1번지,126.978008482,37.56954379,953903.7902118776,1952369.770453883,"동아일보사, 광화문우체국",0.7866825910161055,1.4029034597942258,1.321016046189439,0.5482354557804591,1.6169770657457674,0.4320938392648541,2.2065004576755767,2.4272955830856446,2.475229195448496,-0.0251424116568269,7.0,"POLYGON ((953835.230213883 1952365.54807064, 953835.230213883 1952465.54807064, 953935.230213883 1952465.54807064, 953935.230213883 1952365.54807064, 953835.230213883 1952365.54807064))",0.4725580619090734,-1.4564982243150155,0.1872041516478464,-0.2101848654576655,0.3807320599678102,2.585029398771544,0.1974688895283015,0.7114455856916293,0.7209437540312886,0.6122232350059756,0.4413785173503879
24996,-0.8860773720020091,1.1803933425602515,2.5632704536003,2.117188952124214,"POLYGON ((953835.230213883 1952465.54807064, 953835.230213883 1952565.54807064, 953935.230213883 1952565.54807064, 953935.230213883 1952465.54807064, 953835.230213883 1952465.54807064))",종로구,서울특별시 종로구 종로1가 1번지,126.977983328,37.570986533,953902.4581124366,1952529.848144302,교보생명빌딩,3.327828526004297,1.9386461608982288,3.2455205728768868,0.1441123473570227,6.384835721050374,-0.3333231441661209,3.4010455604768506,3.3512679742456397,3.001101193792969,1.006994609081056,7.0,"POLYGON ((953835.230213883 1952465.54807064, 953835.230213883 1952565.54807064, 953935.230213883 1952565.54807064, 953935.230213883 1952465.54807064, 953835.230213883 1952465.54807064))",0.0828337407826449,-1.0747899957015743,0.1540403511298015,-0.2249886379456627,0.3409714537399824,2.1955094933018104,0.2747415322812248,0.7527376143403228,0.8229267118315675,0.5015975590729127,0.41277802995061247
25058,-0.908334735654898,1.24671911193379,3.221044655336707,2.328827359137037,"POLYGON ((953935.230213883 1952465.54807064, 953935.230213883 1952565.54807064, 954035.230213883 1952565.54807064, 954035.230213883 1952465.54807064, 953935.230213883 1952465.54807064))",종로구,서울특별시 종로구 청진동 246번지,126.97889685,37.571068136,953983.178962097,1952538.453831198,D타워,2.0560922872850287,2.3930409096208405,3.674094909614817,0.3237226177674389,8.087642383659162,-0.3333231441661209,-0.3963856763872537,3.711887671571031,2.3100736006990488,-1.552705202348894,7.0,"POLYGON ((953935.230213883 1952465.54807064, 953935.230213883 1952565.54807064, 954035.230213883 1952565.54807064, 954035.230213883 1952465.54807064, 953935.230213883 1952465.54807064))",-0.0603402548508502,-0.8541875599527258,0.1333799974633885,-0.2017542581271693,0.3270503888192111,1.8968153355568989,0.311850315838013,0.7582128986990531,0.8781128957419373,0.5015808507725172,0.4404446133205596
25116,-0.9793991482761408,1.4613727429305372,2.8259744224686147,2.7067132478032585,"POLYGON ((954035.230213883 1952365.54807064, 954035.230213883 1952465.54807064, 954135.230213883 1952465.54807064, 954135.230213883 1952365.54807064, 954035.230213883 1952365.54807064))",종로구,서울특별시 종로구 서린동 99번지,126.980303531,37.569690909,954106.5539175208,1952384.9692101,SK서린동빌딩,1.5359094856287248,0.6148164031985691,2.8173317687154493,0.8176508613960833,4.682029058441586,2.358983611216765,2.191451884709645,6.263965529566111,2.786882639933854,-0.2315698158044035,4.0,"POLYGON ((954035.230213883 1952365.54807064, 954035.230213883 1952465.54807064, 954135.230213883 1952465.54807064, 954135.230213883 1952365.54807064, 954035.230213883 1952365.54807064))",-0.4470445943544476,-0.7044761556810661,0.1002426253013193,-0.2092889720094738,0.3327798096532442,2.03044498198008,0.2460261674258289,0.737739035623608,0.994722828870572,0.5023062984781774,0.49965554218171854
25117,-0.9688722973907418,1.3628006205317176,2.6110664520492146,2.483978262235825,"POLYGON ((954035.230213883 1952465.54807064, 954035.230213883 1952565.54807064, 954135.230213883 1952565.54807064, 954135.230213883 1952465.54807064, 954035.230213883 1952465.54807064))",종로구,서울특별시 종로구 종로1가 24번지,126.97992357,37.570846289,954073.709480407,1952513.3386587296,"르메이에르종로타운1, Tower 8",3.248726082692588,3.692974130950448,5.176629078446549,1.491189375435144,3.3197837283545555,5.114189747885284,1.544412151543541,3.2819180324522943,2.413727739663137,-1.2224213557127712,7.0,"POLYGON ((954035.230213883 1952465.54807064, 954035.230213883 1952565.54807064, 954135.230213883 1952565.54807064, 954135.230213883 1952465.54807064, 954035.230213883 1952465.54807064))",-0.3292654334921785,-0.6034211753464547,0.0758933382646573,-0.1737599444610968,0.3089563474886032,1.6582881948342076,0.3583283610568704,0.7837792014912927,0.7497347848333873,0.5004664567133841,0.37521711124033674
25118,-0.9167793286126444,1.2525421855275964,0.9850856116167772,2.2172316465252093,"POLYGON ((954035.230213883 1952565.54807064, 954035.230213883 1952665.54807064, 954135.230213883 1952665.54807064, 954135.230213883 1952565.54807064, 954035.230213883 1952565.54807064))",종로구,서울특별시 종로구 청진동 201-1번지,126.979507345,37.572090057,954037.7180872164,1952651.5322333,진학회관,-0.5727402304006238,-0.5111899248463432,-0.3720714618238981,-0.709036437092454,-0.4263909293847783,-0.3268352008481586,-0.2451314495012616,0.0132241092593194,0.914197862649329,1.667562302353301,7.0,"POLYGON ((954035.230213883 1952565.54807064, 954035.230213883 1952665.54807064, 954135.230213883 1952665.54807064, 954135.230213883 1952565.54807064, 954035.230213883 1952565.54807064))",0.0252124529050235,-0.5430584175683661,0.0114112889080821,-0.1367517996876885,0.2986099421122938,1.1992232867978654,0.4512118994008812,0.8054480216407672,0.10173055223000887,0.6909533058097871,0.07029106136517985
25119,-0.905985063532316,1.0709960631666635,0.2341284732252959,1.8803393972576183,"POLYGON ((954035.230213883 1952665.54807064, 954035.230213883 1952765.54807064, 954135.230213883 1952765.54807064, 954135.230213883 1952665.54807064, 954035.230213883 1952665.54807064))",종로구,서울특별시 종로구 수송동 80-6번지,126.980335393,37.572915315,954111.3460448424,1952742.6859113325,"석탄회관빌딩, 호수빌딩",0.7850780789813852,0.3008857254023319,0.450128069435199,0.2788200501648348,-0.0858295968630207,0.3334653434386637,0.3814418052508694,0.913386353736932,0.6208566493809597,0.0161430691726883,7.0,"POLYGON ((954035.230213883 1952665.54807064, 954035.230213883 1952765.54807064, 954135.230213883 1952765.54807064, 954135.230213883 1952665.54807064, 954035.230213883 1952665.54807064))",0.1448045971360182,-0.4129157448885653,-0.0191320793653085,-0.1398764817768122,0.3010615422386848,0.8528587255677922,0.4775234956417563,0.8047424914757811,0.06486375756849978,0.8333105428178333,0.0540516530286109
25171,-0.992934064423606,1.5494786413266508,1.4437921166813297,2.6544982314227346,"POLYGON ((954135.230213883 1952365.54807064, 954135.230213883 1952465.54807064, 954235.230213883 1952465.54807064, 954235.230213883 1952365.54807064, 954135.230213883 1952365.54807064))",종로구,서울특별시 종로구 서린동 63번지,126.981480333,37.569823988,954210.55736082,1952399.1595752744,서울글로벌센터,-0.352681404838742,-0.299818731715027,-0.0385418015385016,-0.2600107610664136,0.2547317356587369,-0.3333231441661209,-0.3994945969860651,2.5768602908866245,2.49526899564822,-1.3875632790308323,10.0,"POLYGON ((954135.230213883 1952365.54807064, 954135.230213883 1952465.54807064, 954235.230213883 1952465.54807064, 954235.230213883 1952365.54807064, 954135.230213883 1952365.54807064))",-1.2341276613367886,-0.3036183259278719,0.0204303106816531,-0.1840907188099825,0.3030743661374454,1.946348616372792,0.2774055012046127,0.7539197139598826,0.7129970336176834,0.6120722149022919,0.4364056735851394
25172,-0.9829069770261348,1.440896075240289,1.2940426387975257,2.4925522289491737,"POLYGON ((954135.230213883 1952465.54807064, 954135.230213883 1952565.54807064, 954235.230213883 1952565.54807064, 954235.230213883 1952465.54807064, 954135.230213883 1952465.54807064))",종로구,서울특별시 종로구 청진동 70번지,126.981435735,37.571014181,954207.3476900448,1952531.2274442485,그랑서울,3.839948654686132,4.732577027491059,6.4511502474784175,0.2788200501648348,8.087642383659162,-0.3333231441661209,-0.3994945969860651,3.72113433047681,2.6970490528316446,-1.4701342406898632,10.0,"POLYGON ((954135.230213883 1952465.54807064, 954135.230213883 1952565.54807064, 954235.230213883 1952565.54807064, 954235.230213883 1952465.54807064, 954135.230213883 1952465.54807064))",-0.5238319591027082,-0.4603605111278396,-0.0063348478450844,-0.1388662436471265,0.2947493332607052,1.5461112700677562,0.4078224003785703,0.7937601469479114,0.7906729490170368,0.5002764524487308,0.3955550579814193
25173,-0.9729785439896362,1.2659260740766656,1.4389447565813078,2.237426624530635,"POLYGON ((954135.230213883 1952565.54807064, 954135.230213883 1952665.54807064, 954235.230213883 1952665.54807064, 954235.230213883 1952565.54807064, 954135.230213883 1952565.54807064))",종로구,서울특별시 종로구 청진동 21-1번지,126.980855606,37.571721515,954156.5516741172,1952609.9856129389,NoData,-0.7082412717327486,-0.6711164396798841,-0.4893470640078459,-0.8886467075028701,-0.4263909293847783,-0.3333231441661209,-0.3715178047659748,-0.5415754250874373,0.1554495654322041,1.667562302353301,10.0,"POLYGON ((954135.230213883 1952565.54807064, 954135.230213883 1952665.54807064, 954235.230213883 1952665.54807064, 954235.230213883 1952565.54807064, 954135.230213883 1952565.54807064))",-0.0842766575122881,-0.495197372490005,-0.0311238512823605,-0.1073065858166964,0.2895832688044108,1.1929822287169345,0.4898351060521765,0.8095996859908035,0.09385303622060731,0.6114149429617947,0.057383148787613865
25174,-0.9635573500549018,1.1113931808308155,0.1633537982228002,1.8987427433414383,"POLYGON ((954135.230213883 1952665.54807064, 954135.230213883 1952765.54807064, 954235.230213883 1952765.54807064, 954235.230213883 1952665.54807064, 954135.230213883 1952665.54807064))",종로구,서울특별시 종로구 수송동 156번지,126.981154756,37.572757058,954183.602934522,1952724.728207224,"광화문G타워, 패미리스, 삼성빌딩, 두산위브파빌리온",2.913350977195362,3.372254228535432,2.9654923737152554,1.2666765374221238,0.4250124019196157,1.762119547312326,0.7616348491318045,0.6084777763188605,0.3973092230150764,-0.3554262582929495,10.0,"POLYGON ((954135.230213883 1952665.54807064, 954135.230213883 1952765.54807064, 954235.230213883 1952765.54807064, 954235.230213883 1952665.54807064, 954135.230213883 1952665.54807064))",0.0002435363176295,-0.3450960987119493,-0.0486565390720191,-0.0904666031242665,0.2906722324399593,0.862574319044003,0.4985866447988097,0.8049984358565487,0.03410069246872042,0.5415999281029604,0.01846893258932014
25226,-1.0686075126845451,1.3192954527720189,-0.0829252623643144,2.158551306719785,"POLYGON ((954235.230213883 1952565.54807064, 954235.230213883 1952665.54807064, 954335.230213883 1952665.54807064, 954335.230213883 1952565.54807064, 954235.230213883 1952565.54807064))",종로구,서울특별시 종로구 공평동 144번지,126.982246013,37.571783075,954279.3711429568,1952616.1379363493,94빌딩,-0.0276072666044198,-0.0348855427777059,0.2107127356644083,-0.3049133286690176,0.935854400702252,-0.3333231441661209,-0.3994945969860651,1.8232575900656136,0.5203121345857943,-1.717847125666955,6.0,"POLYGON ((954235.230213883 1952565.54807064, 954235.230213883 1952665.54807064, 954335.230213883 1952665.54807064, 954335.230213883 1952565.54807064, 954235.230213883 1952565.54807064))",-0.5847884451079939,-0.3076332742007422,-0.0500148270160682,-0.0780798993920909,0.2807777376523073,1.2999653302203298,0.4622440866107656,0.8030078835116133,0.2716118065130674,0.7059687250868697,0.19174944076257172
25227,-1.0589185897311182,1.1571039284071691,-0.6507589301657289,1.8520599457458296,"POLYGON ((954235.230213883 1952665.54807064, 954235.230213883 1952765.54807064, 954335.230213883 1952765.54807064, 954335.230213883 1952665.54807064, 954235.230213883 1952665.54807064))",종로구,서울특별시 종로구 견지동 110-44번지,126.98236598,37.572923653,954290.662105894,1952742.621197407,우정에쉐르,-0.4425019885423813,-0.4022017732542622,-0.270599129198852,-0.0804004906559974,0.0844510693978581,-0.0990357083208561,-0.271333711761581,0.4593754014631695,-0.0221445259929334,-0.8508520282471334,6.0,"POLYGON ((954235.230213883 1952665.54807064, 954235.230213883 1952765.54807064, 954335.230213883 1952765.54807064, 954335.230213883 1952665.54807064, 954235.230213883 1952665.54807064))",-0.4484406894761806,-0.1001418659381608,-0.0409071253440256,-0.058656145326265,0.2727558221910607,0.8748486239552192,0.4584831646903659,0.7958213956851455,0.03919821990048791,0.7359684087125387,0.028848651524526255
25275,-1.0097680129671427,1.5015688712838569,1.116692519158491,2.2409888709096486,"POLYGON ((954335.230213883 1952465.54807064, 954335.230213883 1952565.54807064, 954435.230213883 1952565.54807064, 954435.230213883 1952465.54807064, 954335.230213883 1952465.54807064))",종로구,서울특별시 종로구 종로2가 6번지,126.983608868,37.570742697,954399.0855210288,1952500.0507679232,종로타워,1.2266799037372649,0.7417020248873859,1.8970025079302648,0.2339174825622308,1.6169770657457674,1.672656473883422,-0.398499043760603,5.029536565644578,3.187678643928328,-0.2315698158044035,2.0,"POLYGON ((954335.230213883 1952465.54807064, 954335.230213883 1952565.54807064, 954435.230213883 1952565.54807064, 954435.230213883 1952465.54807064, 954335.230213883 1952465.54807064))",-2.0617509932656364,0.2131727551566671,-0.0903265645486826,-0.0774061456900833,0.2587336614431446,1.70859592006512,0.3085914161584728,0.7674689395127355,0.9696183991897697,0.5330687166710822,0.5168732357167597
25276,-0.9983251932391444,1.3436192949473584,-0.1104592860805357,1.9967853612599016,"POLYGON ((954335.230213883 1952565.54807064, 954335.230213883 1952665.54807064, 954435.230213883 1952665.54807064, 954435.230213883 1952565.54807064, 954335.230213883 1952565.54807064))",종로구,서울특별시 종로구 공평동 17번지,126.983530241,37.571680806,954392.7142285458,1952604.167573064,센트로폴리스,2.386862443242608,3.208967622873614,5.101523924960934,0.413527752972647,7.747081051137405,-0.3333231441661209,-0.3994945969860651,4.118740663425319,1.1215061405775053,-1.8004180873259856,2.0,"POLYGON ((954335.230213883 1952565.54807064, 954335.230213883 1952665.54807064, 954435.230213883 1952665.54807064, 954435.230213883 1952565.54807064, 954335.230213883 1952565.54807064))",-1.3545469081434485,0.1284199671726685,-0.0584587373293479,-0.0448585799137974,0.2556843420622145,1.2808049654134737,0.3811097063869239,0.7840520514974363,0.7397064701396856,0.5010992771697276,0.3706663775047671
25316,-1.0347488531133775,1.5746367576244271,1.1349312618637573,2.1903595663538336,"POLYGON ((954435.230213883 1952365.54807064, 954435.230213883 1952465.54807064, 954535.230213883 1952465.54807064, 954535.230213883 1952365.54807064, 954435.230213883 1952365.54807064))",종로구,서울특별시 종로구 종로2가 84-10번지,126.984542059,37.56995859,954481.0161205108,1952412.6054457847,"백합빌딩, 대한기독교서회",-0.2498321834131741,-0.0183459176047259,-0.1511117666428807,0.3237226177674389,-0.1709699299934601,-0.1605108417529162,-0.0227178725946104,-0.0832878930697517,2.0645860482524334,1.006994609081056,4.0,"POLYGON ((954435.230213883 1952365.54807064, 954435.230213883 1952465.54807064, 954535.230213883 1952465.54807064, 954535.230213883 1952365.54807064, 954435.230213883 1952365.54807064))",-3.5007799806794404,1.0393982316114316,-0.026134191605597,-0.1647618946076738,0.2227061737465912,1.7061472418299064,0.11710286044821,0.7051766672985423,0.30763964591056636,0.783835555610892,0.24113889278024686
25317,-1.024089884023626,1.5661204379227365,0.6020774196783294,2.086337764289818,"POLYGON ((954435.230213883 1952465.54807064, 954435.230213883 1952565.54807064, 954535.230213883 1952565.54807064, 954535.230213883 1952465.54807064, 954435.230213883 1952465.54807064))",종로구,서울특별시 종로구 종로2가 8-4번지,126.984704214,37.570497715,954495.6637876512,1952472.3401986824,NoData,-0.1211904310294782,0.1037910825710692,-0.3622100694665132,-0.8437441399002661,-0.4263909293847783,-0.1989067468335591,-0.3342247302570867,-0.5646920723518855,1.4497442472971178,0.3464269158088109,1.0,"POLYGON ((954435.230213883 1952465.54807064, 954435.230213883 1952565.54807064, 954535.230213883 1952565.54807064, 954535.230213883 1952465.54807064, 954435.230213883 1952465.54807064))",-2.625906009155181,0.8348560819263143,-0.0416914127364132,-0.1045103018718058,0.2140892657388416,1.3193969926568672,0.2275239329037931,0.7331562289331568,0.2693436188008465,0.7391384257561745,0.19908221838792886
25318,-0.9624977966462556,1.4372874640037214,0.5126758707609161,1.8553800795733693,"POLYGON ((954435.230213883 1952565.54807064, 954435.230213883 1952665.54807064, 954535.230213883 1952665.54807064, 954535.230213883 1952565.54807064, 954435.230213883 1952565.54807064))",종로구,서울특별시 종로구 인사동 194-27번지,126.984841914,37.571987461,954508.7299263905,1952637.553610307,태화빌딩,0.6516227904935288,0.3109276406859268,0.4610018315078331,-0.4396210314768297,0.935854400702252,0.2853856218076519,0.2461897865257256,1.1690564724817292,0.6377868254117608,1.1721365323991173,7.0,"POLYGON ((954435.230213883 1952565.54807064, 954435.230213883 1952665.54807064, 954535.230213883 1952665.54807064, 954535.230213883 1952565.54807064, 954435.230213883 1952565.54807064))",-1.922729974668946,0.6829015135038758,-0.0241378608130503,-0.0550320320302936,0.2177652240616067,0.974685397082817,0.3181952255212628,0.7527233610373365,0.511695081823959,0.8322155604904349,0.4258406093203249
25320,-1.0220055853942829,1.1498617877590374,-0.5495801772608303,1.5250320375177275,"POLYGON ((954435.230213883 1952765.54807064, 954435.230213883 1952865.54807064, 954535.230213883 1952865.54807064, 954535.230213883 1952765.54807064, 954435.230213883 1952765.54807064))",종로구,서울특별시 종로구 관훈동 196-10번지,126.985020896,37.573399134,954525.393515692,1952794.085275192,"인사동마루 신관, 아리수갤러리",0.0376803280883469,0.1744680615685947,-0.2791335445791845,0.0094046445492106,-0.2220541298717238,-0.2535358708831564,-0.0899089823902699,-0.4561362967980367,-0.064020798134425,-0.2645982004680157,7.0,"POLYGON ((954435.230213883 1952765.54807064, 954435.230213883 1952865.54807064, 954535.230213883 1952865.54807064, 954535.230213883 1952765.54807064, 954435.230213883 1952765.54807064))",-1.065992695013972,0.534156410654784,0.0194680456376831,-0.0223803259913995,0.2370772591186268,0.4674870795422227,0.3997929754235781,0.7230410469846821,0.029778706636034477,0.7588694058067662,0.02259814941058149
25321,-0.9147576445767956,1.0050640633804226,0.4143458587140894,1.306188210562624,"POLYGON ((954435.230213883 1952865.54807064, 954435.230213883 1952965.54807064, 954535.230213883 1952965.54807064, 954535.230213883 1952865.54807064, 954435.230213883 1952865.54807064))",종로구,서울특별시 종로구 관훈동 186번지,126.984498754,37.574137611,954479.7355861688,1952876.26858668,"토포하우스, 쌈지길",0.2467642913327423,0.4748126186870269,-0.2317518682898702,0.0094046445492106,-0.1993500410369399,-0.2967042087339315,0.1791523761754006,-0.4703761515129368,0.6699196084906281,-0.9884702976788512,7.0,"POLYGON ((954435.230213883 1952865.54807064, 954435.230213883 1952965.54807064, 954535.230213883 1952965.54807064, 954535.230213883 1952865.54807064, 954435.230213883 1952865.54807064))",-0.8407070531223936,0.5879144771451073,0.0090646371274364,-0.0264965819885126,0.2251955314329319,0.1823059618520287,0.3156651725344787,0.6641764607743094,0.045192225899539466,0.7684536003524535,0.0347281287004425
25356,-1.0868563717749813,1.5853785551559725,1.748691699945748,2.079797976965572,"POLYGON ((954535.230213883 1952265.54807064, 954535.230213883 1952365.54807064, 954635.230213883 1952365.54807064, 954635.230213883 1952265.54807064, 954535.230213883 1952265.54807064))",종로구,서울특별시 종로구 관철동 32-4번지,126.985475951,37.568763343,954562.7605998174,1952279.5466527825,"계원빌딩, 해덕빌딩, 평구빌딩, 포인트23",0.6434518129567157,0.8488183450591482,0.3250011537844567,2.3892407274872247,-0.187997996619548,0.5012860980273406,0.8220946218556555,-0.041885977819125,1.5098636478962888,1.006994609081056,9.0,"POLYGON ((954535.230213883 1952265.54807064, 954535.230213883 1952365.54807064, 954635.230213883 1952365.54807064, 954635.230213883 1952265.54807064, 954535.230213883 1952265.54807064))",-2.359292075357212,1.6934805590277,0.0372897621132763,-0.2119418361211349,0.1921502290868308,0.2044488214606447,0.1407096855475209,0.6654225947206424,0.29187853173951533,0.7498316219343255,0.21885975286205028
25357,-1.0803246855161646,1.6207023365073925,1.2185886446068364,2.008859773428124,"POLYGON ((954535.230213883 1952365.54807064, 954535.230213883 1952465.54807064, 954635.230213883 1952465.54807064, 954635.230213883 1952365.54807064, 954535.230213883 1952365.54807064))",종로구,서울특별시 종로구 종로2가 84-1번지,126.985614296,37.569945072,954575.6955174204,1952410.586816868,"영안빌딩, 청문학원",-0.528736487848421,-0.3539253997785835,-0.3595323416639092,-0.2600107610664136,-0.1993500410369399,-0.2182476585861998,-0.1230172401830051,-0.252771445263598,2.042876264702733,1.2822311479444917,9.0,"POLYGON ((954535.230213883 1952365.54807064, 954535.230213883 1952465.54807064, 954635.230213883 1952465.54807064, 954635.230213883 1952365.54807064, 954535.230213883 1952365.54807064))",-2.824512457033177,1.570374786479257,0.0324600181948438,-0.1770961334053319,0.1748335658237219,0.5993820348632845,0.1528694057168621,0.7083651734112364,0.46478290243153664,0.7108737223809637,0.33040195195053473
25358,-1.0108989729488005,1.5368806468299636,0.7895957557020463,1.8339498305842936,"POLYGON ((954535.230213883 1952465.54807064, 954535.230213883 1952565.54807064, 954635.230213883 1952565.54807064, 954635.230213883 1952465.54807064, 954535.230213883 1952465.54807064))",종로구,서울특별시 종로구 종로2가 9번지,126.985539982,37.570629905,954569.548942582,1952486.6016261952,서울 YMCA,0.4669354327370547,1.0664264191114448,0.0374017763375105,-0.709036437092454,0.2547317356587369,0.5223638974062891,0.1036719758393148,0.2628838997153598,2.603760327763965,2.575842880602638,9.0,"POLYGON ((954535.230213883 1952465.54807064, 954535.230213883 1952565.54807064, 954635.230213883 1952565.54807064, 954635.230213883 1952465.54807064, 954535.230213883 1952465.54807064))",-2.414682124741625,1.406471286689316,0.021859244581075,-0.120181280653938,0.1705489462840799,0.4758967426743123,0.2242357684245582,0.7160350519233659,0.5216644728310867,0.7311621615074549,0.3814213235368244
25360,-0.9878392611885292,1.2961940007516906,0.1476460094549401,1.5708031202820472,"POLYGON ((954535.230213883 1952665.54807064, 954535.230213883 1952765.54807064, 954635.230213883 1952765.54807064, 954635.230213883 1952665.54807064, 954535.230213883 1952665.54807064))",종로구,서울특별시 종로구 인사동 186번지,126.985659298,37.572847584,954581.4322571856,1952732.5846770569,"선빌딩, 오원빌딩, 백상빌딩",0.4890135183348053,0.3716777760035654,0.4674718843768358,1.0870662670117075,-0.2220541298717238,0.2530447742057992,0.5103292696714803,0.1232593502380929,0.4517621973508773,-0.3967117391224648,9.0,"POLYGON ((954535.230213883 1952665.54807064, 954535.230213883 1952765.54807064, 954635.230213883 1952765.54807064, 954635.230213883 1952665.54807064, 954535.230213883 1952665.54807064))",-1.5934081007212069,1.0137286005863693,0.0827964557780142,-0.0412121202468941,0.1991053531244624,0.3071572127871594,0.3469042165080438,0.7238011391462122,0.12627889181492435,0.8216120132066604,0.10375225452956607
25361,-0.879730917480817,1.15819492652433,0.4277923014257254,1.4238658540630875,"POLYGON ((954535.230213883 1952765.54807064, 954535.230213883 1952865.54807064, 954635.230213883 1952865.54807064, 954635.230213883 1952765.54807064, 954535.230213883 1952765.54807064))",종로구,서울특별시 종로구 관훈동 197-4번지,126.985815125,37.57324964,954595.43667077,1952777.1155375647,인사유리,-0.5884564257807086,-0.4041963477185362,-0.3962538242862721,-0.1702056258612055,-0.2561102631238995,-0.2296710348976862,-0.1961851625006491,-0.4086547033168601,0.8613342517776441,-0.4173544795372225,9.0,"POLYGON ((954535.230213883 1952765.54807064, 954535.230213883 1952865.54807064, 954635.230213883 1952865.54807064, 954635.230213883 1952765.54807064, 954535.230213883 1952765.54807064))",-1.3266165712446092,0.9052827526535652,0.045283445062815,-0.0161905752242703,0.1964790890157558,0.2251009327259754,0.367870829299333,0.7006722332182851,0.09848460462015829,0.7240385820537734,0.0713066534833059
25362,-0.894963966118987,1.018119984154586,0.4999324772486506,1.2702795301524046,"POLYGON ((954535.230213883 1952865.54807064, 954535.230213883 1952965.54807064, 954635.230213883 1952965.54807064, 954635.230213883 1952865.54807064, 954535.230213883 1952865.54807064))",종로구,서울특별시 종로구 경운동 66-11번지,126.986190334,37.574781277,954629.4985942966,1952946.862048213,대림화랑,-0.2243926451026845,-0.1181743695416409,-0.3679118307981899,0.1890149149596268,-0.3777393104530987,-0.3050866956319742,-0.2811006128787457,-0.5755899203479825,-0.1331038137983,-0.4438951457847682,9.0,"POLYGON ((954535.230213883 1952865.54807064, 954535.230213883 1952965.54807064, 954635.230213883 1952965.54807064, 954635.230213883 1952865.54807064, 954535.230213883 1952865.54807064))",-1.017128802107307,0.8031443814597198,0.0237590769740114,-0.0245140948982113,0.19269831139965,0.0798701510330915,0.2738085739129487,0.6444791527826954,0.044837543862197,0.6940659673211799,0.031120213253021594
25363,-0.9086569184376924,0.880867595326763,0.5637060952611385,1.0715591365046162,"POLYGON ((954535.230213883 1952965.54807064, 954535.230213883 1953065.54807064, 954635.230213883 1953065.54807064, 954635.230213883 1952965.54807064, 954535.230213883 1952965.54807064))",종로구,서울특별시 종로구 경운동 89-4번지,126.985834394,37.575570097,954598.547031244,1953034.549792657,운현궁 에스케이 허브,-0.7197937583827344,0.5737972121967491,0.0716761374877097,-0.5743287342846418,0.0844510693978581,0.9698315762349634,0.3337914840279637,-0.1520599186814851,-0.0640553495140797,1.048280089910571,6.0,"POLYGON ((954535.230213883 1952965.54807064, 954535.230213883 1953065.54807064, 954635.230213883 1953065.54807064, 954635.230213883 1952965.54807064, 954535.230213883 1952965.54807064))",-0.7565158640458399,0.7796856070910969,0.0270055797373696,-0.0278171645267455,0.1520216105757376,-0.1529895789890006,0.1445562762393377,0.5616633541810588,0.07403726037311179,0.7256253494296045,0.05372331292904985
25364,-0.8977523239941005,0.65001872635428,0.1356300873266445,0.8994994152837487,"POLYGON ((954535.230213883 1953065.54807064, 954535.230213883 1953165.54807064, 954635.230213883 1953165.54807064, 954635.230213883 1953065.54807064, 954535.230213883 1953065.54807064))",종로구,서울특별시 종로구 경운동 96-15번지,126.98558685,37.576307746,954577.1365210032,1953116.5080802003,"경운동 운현 SKY빌딩, 서원빌딩",-0.3036555396178648,-0.3408302512765998,-0.1289688041509126,0.3237226177674389,-0.0858295968630207,-0.2798029560625509,0.0002147832831387,1.2129781022841808,-0.0314733984997013,-0.3967117391224648,6.0,"POLYGON ((954535.230213883 1953065.54807064, 954535.230213883 1953165.54807064, 954635.230213883 1953165.54807064, 954635.230213883 1953065.54807064, 954535.230213883 1953065.54807064))",-0.6554965027404355,0.8555206398260472,0.0791752158488207,-0.0328353898487059,0.072853225014801,-0.3863741418183198,0.0152902459555211,0.4746327083146502,0.04885303903014405,0.7288115999932647,0.035604661540092696
25390,-1.072553992503347,1.7563859879913817,1.3927500640833608,1.9548029039664556,"POLYGON ((954635.230213883 1952265.54807064, 954635.230213883 1952365.54807064, 954735.230213883 1952365.54807064, 954735.230213883 1952265.54807064, 954635.230213883 1952265.54807064))",종로구,서울특별시 종로구 관철동 13-12번지,126.986310712,37.569274467,954636.788233634,1952335.850044384,"이안빌딩, Lee's빌딩, 예지빌딩",0.024037964513138,0.1756801491276535,-0.1338460091704824,1.580994510640352,-0.1709699299934601,0.050692021471312,0.0974646141493285,-0.2373025554691378,1.0946424428959791,0.5425329497490087,4.0,"POLYGON ((954635.230213883 1952265.54807064, 954635.230213883 1952365.54807064, 954735.230213883 1952365.54807064, 954735.230213883 1952265.54807064, 954635.230213883 1952265.54807064))",-1.5132338953814777,1.9024543849931188,0.0495432037992644,-0.1548617685219818,0.1935653419827032,-0.5485611551585583,0.1212612105111927,0.7203128759676115,0.5081702264965814,0.8080538567536217,0.41062891140792407
25391,-1.0648147838323463,1.6837145062415153,1.412844787628944,1.882526409141054,"POLYGON ((954635.230213883 1952365.54807064, 954635.230213883 1952465.54807064, 954735.230213883 1952465.54807064, 954735.230213883 1952365.54807064, 954635.230213883 1952365.54807064))",종로구,서울특별시 종로구 종로2가 75-5번지,126.986546218,37.569946333,954657.9928974902,1952410.276624287,"거상빌딩, 종로빌딩",-0.1053057618857478,0.0848119393994771,-0.164863749307127,0.458430320575251,-0.1539418633673722,-0.1159503216662851,0.2319795741707091,-0.1310237696708372,1.9781039449767293,1.816190033339556,4.0,"POLYGON ((954635.230213883 1952365.54807064, 954635.230213883 1952465.54807064, 954735.230213883 1952465.54807064, 954735.230213883 1952365.54807064, 954635.230213883 1952365.54807064))",-2.2135914962509995,1.7979358149583582,0.0504110588057679,-0.154502576290966,0.1652863916285174,-0.0004259296277695,0.1135998901063469,0.7134350760643138,0.5861747203332769,0.780127604977771,0.45729108067211405
25393,-0.9844645292789408,1.4108469148617069,0.8038369075676025,1.613134683687649,"POLYGON ((954635.230213883 1952565.54807064, 954635.230213883 1952665.54807064, 954735.230213883 1952665.54807064, 954735.230213883 1952565.54807064, 954635.230213883 1952565.54807064))",종로구,서울특별시 종로구 인사동 143번지,126.986731949,37.571719665,954675.469195187,1952606.9295666048,"신라빌딩, 대일빌딩",0.1292257622293106,0.1098591918066106,0.4420576403314054,0.0543072121518146,0.2547317356587369,-0.3333231441661209,-0.3700716327121456,0.8488909078691218,1.4635647991589962,-0.6444246240995568,4.0,"POLYGON ((954635.230213883 1952565.54807064, 954635.230213883 1952665.54807064, 954735.230213883 1952665.54807064, 954735.230213883 1952565.54807064, 954635.230213883 1952565.54807064))",-1.963476144873305,1.3680433350019383,0.0751356321712512,-0.0718926351791274,0.1693030548047408,0.2635039781012072,0.1532981192851603,0.7162328176809173,0.5060232216997046,0.8251954586425752,0.41756806451428125
25394,-0.873880587511526,1.289574043844654,0.7388460057435792,1.4913508151229329,"POLYGON ((954635.230213883 1952665.54807064, 954635.230213883 1952765.54807064, 954735.230213883 1952765.54807064, 954735.230213883 1952665.54807064, 954635.230213883 1952665.54807064))",종로구,서울특별시 종로구 낙원동 272번지,126.987334039,37.573062052,954729.4501733592,1952755.5706417155,로담코 인사빌딩,0.843670847209282,0.8288802718566554,1.5181107597855443,1.401384240229936,0.5952930681804945,2.3325214601962623,0.8091174982325271,1.389743398366328,0.8296621537608395,-1.3325159712581454,4.0,"POLYGON ((954635.230213883 1952665.54807064, 954635.230213883 1952765.54807064, 954735.230213883 1952765.54807064, 954735.230213883 1952665.54807064, 954635.230213883 1952665.54807064))",-1.6629030559344375,1.1659536340848256,0.0602865930376032,-0.0506949814456279,0.1817306563236522,0.2567966006828255,0.1828130125751101,0.7155671000033408,0.4025401859654862,0.6630606521046128,0.2669085582045874
25396,-0.868589627050207,0.9746104071671452,0.5304756442411249,1.1682843612803575,"POLYGON ((954635.230213883 1952865.54807064, 954635.230213883 1952965.54807064, 954735.230213883 1952965.54807064, 954735.230213883 1952865.54807064, 954635.230213883 1952865.54807064))",종로구,서울특별시 종로구 경운동 74번지,126.986512871,37.574928554,954658.0688035917,1952963.0460234035,"愚松會館, 동예헌",-0.2832742254968308,-0.2178110354723757,-0.2736552574233984,0.2788200501648348,-0.2220541298717238,-0.2891474114920873,-0.1624725864342125,-0.2172026306727002,-0.1882675593727119,-0.677453008763169,4.0,"POLYGON ((954635.230213883 1952865.54807064, 954635.230213883 1952965.54807064, 954735.230213883 1952965.54807064, 954735.230213883 1952865.54807064, 954635.230213883 1952865.54807064))",-1.0075000459513053,0.7503142922307685,0.0368967000511654,-0.0611614840592546,0.2154984087846368,0.176529755881712,0.123215724896472,0.6492232914796834,0.06189941871677189,0.7031311377898315,0.04352340871085301
25416,-1.03087329178333,1.819201442775904,1.435213272239726,1.7775031629606204,"POLYGON ((954735.230213883 1952265.54807064, 954735.230213883 1952365.54807064, 954835.230213883 1952365.54807064, 954835.230213883 1952265.54807064, 954735.230213883 1952265.54807064))",종로구,서울특별시 종로구 관철동 34-1번지,126.988485227,37.568863891,954828.5701027792,1952289.251118488,"해운빌딩, 코원빌딩, 대진빌딩, 부티크호텔 K (종로점)",-0.1393374621421642,-0.0230178247152754,-0.1725712309905025,0.7278457261908753,-0.3128704852108592,0.3472188213042123,-0.0913970724746448,-0.2429853979216482,0.2763793942236403,0.5253306660700441,6.0,"POLYGON ((954735.230213883 1952265.54807064, 954735.230213883 1952365.54807064, 954835.230213883 1952365.54807064, 954835.230213883 1952265.54807064, 954735.230213883 1952265.54807064))",-0.664664774830965,1.739901984456964,0.080057535238892,-0.1474884950816674,0.2057836497840644,-0.7823708445745525,-0.0058643646767088,0.7415980903007547,0.72923327793144,0.7969824782055865,0.5811861450357823
25420,-0.8514548022420012,1.4293532822100208,0.7356975559552572,1.350977520178498,"POLYGON ((954735.230213883 1952665.54807064, 954735.230213883 1952765.54807064, 954835.230213883 1952765.54807064, 954835.230213883 1952665.54807064, 954735.230213883 1952665.54807064))",종로구,서울특별시 종로구 낙원동 235-11번지,126.988413601,37.572291954,954824.3154868853,1952669.612402815,NoData,-0.730423650612756,-0.7308079162434079,-0.4822204566894625,-0.7988415722976621,-0.4263909293847783,-0.2760860165422521,-0.3815676525893235,-0.3335255997074035,-0.0117791120965246,-0.3141407774634342,10.0,"POLYGON ((954735.230213883 1952665.54807064, 954735.230213883 1952765.54807064, 954835.230213883 1952765.54807064, 954835.230213883 1952665.54807064, 954735.230213883 1952665.54807064))",-1.7028498657934137,1.12598104908289,0.0618702226223838,-0.0925682730339405,0.1926862428555696,0.4301669258866805,-0.0127251694146702,0.7170855783226778,0.4653192880232314,0.6370384160352678,0.2964262621929779
25421,-0.8296732827500708,1.2883167057341522,-0.4341120201485305,1.2356203951288736,"POLYGON ((954735.230213883 1952765.54807064, 954735.230213883 1952865.54807064, 954835.230213883 1952865.54807064, 954835.230213883 1952765.54807064, 954735.230213883 1952765.54807064))",종로구,서울특별시 종로구 낙원동 56번지,126.988411855,37.573720605,954825.0243062278,1952828.115159492,"각연빌딩, 종로 크라운 호텔",-0.1393454847023378,-0.1639345106162353,-0.2667469732803975,-0.0354979230533933,-0.3128704852108592,0.04564703095059,-0.1697278988878431,-0.1814180607073344,0.0130978812548565,-0.5343300085541827,10.0,"POLYGON ((954735.230213883 1952765.54807064, 954735.230213883 1952865.54807064, 954835.230213883 1952865.54807064, 954835.230213883 1952765.54807064, 954735.230213883 1952765.54807064))",-1.3814499168036751,0.9321293113031106,0.0614216160100587,-0.0819916031873476,0.2407727510741909,0.3535384469075859,0.0050161030007866,0.6847062454094477,0.16770305315712136,0.7384402761487079,0.12383868888432614
25441,-1.0166461351330334,1.766325785501673,2.347433898758152,1.5900251087442032,"POLYGON ((954835.230213883 1952265.54807064, 954835.230213883 1952365.54807064, 954935.230213883 1952365.54807064, 954935.230213883 1952265.54807064, 954835.230213883 1952265.54807064))",종로구,서울특별시 종로구 관수동 154-1번지,126.989362453,37.568748709,954905.968267025,1952276.050913398,"에덴빌딩, 한일타워, 금용빌딩",-0.333627824426439,-0.1951649438626183,-0.2838688989693769,0.6829431585882713,-0.2220541298717238,0.0151125464800975,-0.1461629793826952,-0.1374964309048828,0.2204061591830327,-0.2645982004680157,10.0,"POLYGON ((954835.230213883 1952265.54807064, 954835.230213883 1952365.54807064, 954935.230213883 1952365.54807064, 954935.230213883 1952265.54807064, 954835.230213883 1952265.54807064))",0.720913161727156,1.482276987255646,0.2070571884800061,-0.1883048476842002,0.1362755778337713,-1.3123260248132402,-0.0590107486164941,0.7361017495336739,0.8608748451199619,0.7635997415446112,0.6573638092358601
25442,-0.9618372926874242,1.7365771045467917,2.363233129919465,1.455286823118764,"POLYGON ((954835.230213883 1952365.54807064, 954835.230213883 1952465.54807064, 954935.230213883 1952465.54807064, 954935.230213883 1952365.54807064, 954835.230213883 1952365.54807064))",종로구,서울특별시 종로구 관수동 4-3번지,126.988872857,37.569585456,954863.2370535198,1952369.118945438,"봉산빌딩, 금용빌딩, 미투리빌딩, YBM",0.0040377220003502,0.252747437851103,0.1069085847324186,0.6380405909856672,-0.0006892637325813,0.1678464279331832,0.2589468404884888,0.1293852617631715,0.862025279370738,0.7799244645187218,10.0,"POLYGON ((954835.230213883 1952365.54807064, 954835.230213883 1952465.54807064, 954935.230213883 1952465.54807064, 954935.230213883 1952365.54807064, 954835.230213883 1952365.54807064))",-1.100475403822678,1.45879083709622,0.2048352333630901,-0.1935647446310544,0.1218204932284763,-0.1242107518819986,-0.1526675787278628,0.7098358781440728,0.9046877419271551,0.8346072557803313,0.7550589536279275
25443,-0.9509251406557248,1.6818970368227384,1.700394906125014,1.3871091284022243,"POLYGON ((954835.230213883 1952465.54807064, 954835.230213883 1952565.54807064, 954935.230213883 1952565.54807064, 954935.230213883 1952465.54807064, 954835.230213883 1952465.54807064))",종로구,서울특별시 종로구 낙원동 197-1번지,126.989657014,37.570760187,954933.192933854,1952499.073218936,"경산빌딩, 브라운도트호텔",-0.3731790460822931,-0.4032604320083768,-0.3452157300978118,0.0094046445492106,-0.1993500410369399,0.1135673535436572,-0.2557262317217054,-0.1023591270629215,-0.1204086497308889,0.6491871085585901,10.0,"POLYGON ((954835.230213883 1952465.54807064, 954835.230213883 1952565.54807064, 954935.230213883 1952565.54807064, 954935.230213883 1952465.54807064, 954835.230213883 1952465.54807064))",-2.093603164066617,1.3974369137342948,0.1333055490638388,-0.1619000234568691,0.166113963402763,0.580685566469787,-0.219392062824888,0.7099430783713734,0.8309514153302132,0.7650321512727146,0.63570454887318
25445,-0.8392053255583386,1.4432111116820343,0.0516622448974807,1.2034061090616202,"POLYGON ((954835.230213883 1952665.54807064, 954835.230213883 1952765.54807064, 954935.230213883 1952765.54807064, 954935.230213883 1952665.54807064, 954835.230213883 1952665.54807064))",종로구,서울특별시 종로구 낙원동 132-2번지,126.989538016,37.572357486,954923.6472371536,1952676.34284467,"경한빌딩, 경한빌딩, 호텔야자",0.2510082256645773,0.2412019202790553,-0.1417456627958915,1.536091943037748,-0.1993500410369399,-0.036945983882564,0.1225071442312148,0.1303484553991901,0.186085122059368,-0.3141407774634342,4.0,"POLYGON ((954835.230213883 1952665.54807064, 954835.230213883 1952765.54807064, 954935.230213883 1952765.54807064, 954935.230213883 1952665.54807064, 954835.230213883 1952665.54807064))",-1.7584706019337264,1.0977440437884445,0.0609443392789521,-0.1241032943078685,0.2210969403753231,0.5641645209223011,-0.131413051847573,0.7054849560824831,0.31873106548690333,0.7848265042075552,0.2501485879084357
25466,-0.9986594395317449,1.7523749020456945,1.6617388552336865,1.3389202954318316,"POLYGON ((954935.230213883 1952265.54807064, 954935.230213883 1952365.54807064, 955035.230213883 1952365.54807064, 955035.230213883 1952265.54807064, 954935.230213883 1952265.54807064))",종로구,서울특별시 종로구 관수동 143-1번지,126.989873685,37.569066441,954951.3064688186,1952311.0565060044,"관수빌딩, 보보스호텔, 서울나포레호텔, 더포스트, 유덕빌딩",0.1259926704793493,0.2411635630778193,-0.0497305671037474,1.89531248385858,-0.18313283472638,0.1424477865669426,0.0225920252561563,0.012431538495967,-0.0907635659871597,-0.927525064073376,10.0,"POLYGON ((954935.230213883 1952265.54807064, 954935.230213883 1952365.54807064, 955035.230213883 1952365.54807064, 955035.230213883 1952265.54807064, 954935.230213883 1952265.54807064))",0.8574696718222772,1.188045334420103,0.3937842421954657,-0.2546706566046262,0.0141619018260223,-1.1406774544353393,-0.0321485970716142,0.7172196120628326,0.7940086528742325,0.7330768027464786,0.5820693246020809
25467,-0.9914914566241432,1.7364314167394157,1.690939296520937,1.295727158376984,"POLYGON ((954935.230213883 1952365.54807064, 954935.230213883 1952465.54807064, 955035.230213883 1952465.54807064, 955035.230213883 1952365.54807064, 954935.230213883 1952365.54807064))",종로구,서울특별시 종로구 관수동 20번지,126.989947561,37.569711038,954958.2186005608,1952382.5359628752,국일관드림펠리스,0.3092560238050091,0.4482234067902047,0.7875677353370643,-0.1253030582586014,0.935854400702252,1.111591000024593,0.8190380987950264,1.825569254792058,0.4242592991457393,-0.3141407774634342,10.0,"POLYGON ((954935.230213883 1952365.54807064, 954935.230213883 1952465.54807064, 955035.230213883 1952465.54807064, 955035.230213883 1952365.54807064, 954935.230213883 1952365.54807064))",-0.6258830156689122,1.1888105365172874,0.421827210251973,-0.2599512089263279,-0.0265881727496972,-0.1857162461252089,-0.113374925125391,0.6945059984157721,0.9889781917633255,0.7769903507359133,0.7684265120883556
25468,-0.8374650886800961,1.7020951289481097,0.689069644272041,1.2285243351393,"POLYGON ((954935.230213883 1952465.54807064, 954935.230213883 1952565.54807064, 955035.230213883 1952565.54807064, 955035.230213883 1952465.54807064, 954935.230213883 1952465.54807064))",종로구,서울특별시 종로구 돈의동 170번지,126.990703081,37.570783173,955025.5823210392,1952501.1222066816,"하늘빌딩, 해창빌딩, 한성빌딩, 미동빌딩",0.4099832780646595,0.4910837434513547,-0.1022244132819631,2.3892407274872247,-0.2277301520804197,0.6066430293043668,0.0118365572519538,-0.3231231084384019,-0.1727079214015472,-0.073308805957928,10.0,"POLYGON ((954935.230213883 1952465.54807064, 954935.230213883 1952565.54807064, 955035.230213883 1952565.54807064, 955035.230213883 1952465.54807064, 954935.230213883 1952465.54807064))",-1.857777161360341,1.2486630066703246,0.2518606912660412,-0.206442929121325,0.0847615605646736,0.584524705616473,-0.2359009248382622,0.6795316891360844,0.5382796993392609,0.7133842302033626,0.3840002489472361
25469,-0.8150325122497688,1.6209675000760324,1.0721128409403595,1.1554230145575093,"POLYGON ((954935.230213883 1952565.54807064, 954935.230213883 1952665.54807064, 955035.230213883 1952665.54807064, 955035.230213883 1952565.54807064, 954935.230213883 1952565.54807064))",종로구,서울특별시 종로구 돈의동 102번지,126.99059824,37.571738427,955016.8986254428,1952607.153161904,"춘원당한방병원, 파고다빌딩",0.2332422661601374,0.2660727295605029,-0.1128089268645261,1.1319688346143115,-0.1344812157947004,0.2814468950981476,-0.0582294308053031,-0.2248773575644969,-0.235691795904472,-0.4203034424536163,10.0,"POLYGON ((954935.230213883 1952565.54807064, 954935.230213883 1952665.54807064, 955035.230213883 1952665.54807064, 955035.230213883 1952565.54807064, 954935.230213883 1952565.54807064))",-2.021672515188565,1.1863338125330156,0.1039287263896239,-0.1653339801987992,0.198830682397701,0.7342438585675231,-0.2403989333756573,0.6857195195333756,0.6688814155486302,0.7633167336106204,0.5105683772894284
25470,-0.8169531748085727,1.457049824901924,0.4385358971843416,1.064133584586958,"POLYGON ((954935.230213883 1952665.54807064, 954935.230213883 1952765.54807064, 955035.230213883 1952765.54807064, 955035.230213883 1952665.54807064, 954935.230213883 1952665.54807064))",종로구,서울특별시 종로구 돈의동 68번지,126.990505428,37.572304553,955009.0433076422,1952670.006523694,"동의빌딩, 한일빌딩",0.0042021844839089,0.0231028740509378,-0.1572517592485556,0.8625534289986874,-0.3128704852108592,-0.3114570650183096,-0.1711566050956114,-0.2429853979216482,0.0364776481545341,-0.286617123577091,10.0,"POLYGON ((954935.230213883 1952665.54807064, 954935.230213883 1952765.54807064, 955035.230213883 1952765.54807064, 955035.230213883 1952665.54807064, 954935.230213883 1952665.54807064))",-1.7805127109560828,1.0253345048055311,-0.0031516045173626,-0.134452797748396,0.303840622969508,0.6719893946034972,-0.1986565025390731,0.6779577028020856,0.43365151115240663,0.7437055948156164,0.32250905504429145
25494,-0.8433893980300508,1.6580650583316197,0.0600556057446383,1.0119546552180585,"POLYGON ((955035.230213883 1952565.54807064, 955035.230213883 1952665.54807064, 955135.230213883 1952665.54807064, 955135.230213883 1952565.54807064, 955035.230213883 1952565.54807064))",종로구,서울특별시 종로구 돈의동 98번지,126.990932598,37.571817976,955046.4723735028,1952615.818719216,다리치,-0.5992146789735079,-0.5814794961113846,-0.4287003727177066,0.0992097797544187,-0.2561102631238995,-0.2902162654159691,-0.2835458313272491,-0.1786440630356005,0.4081238048469962,-0.7889238070028604,6.0,"POLYGON ((955035.230213883 1952565.54807064, 955035.230213883 1952665.54807064, 955135.230213883 1952665.54807064, 955135.230213883 1952565.54807064, 955035.230213883 1952565.54807064))",-1.3939500135425056,0.7159279348317982,0.1238306787274624,-0.1933743075485078,0.1795060682835046,0.6517389037171136,-0.1140406070325699,0.6618319244114979,0.709959226430662,0.6779763567228052,0.4813355697572013
25495,-0.8466280052384816,1.4787078618081373,-0.045017679042213,0.9262015755547268,"POLYGON ((955035.230213883 1952665.54807064, 955035.230213883 1952765.54807064, 955135.230213883 1952765.54807064, 955135.230213883 1952665.54807064, 955035.230213883 1952665.54807064))",종로구,서울특별시 종로구 관수동 91-1번지,126.991746373,37.572741651,955118.8881076084,1952717.9069490363,"골드리아 빌딩, 버들빌딩, 버들빌딩",0.0385066517862278,0.1908849436976193,-0.1624293072208294,0.8625534289986874,-0.0858295968630207,-0.1680195405681856,-0.3238779630507055,0.0465120813201247,0.3308323685594412,-0.809566547417618,6.0,"POLYGON ((955035.230213883 1952665.54807064, 955035.230213883 1952765.54807064, 955135.230213883 1952765.54807064, 955135.230213883 1952665.54807064, 955035.230213883 1952665.54807064))",-1.1727887798776926,0.5198247059751163,0.017703824039531,-0.1566236975421557,0.3081536772847568,0.6279711129892257,-0.0721074751230364,0.6755744965733205,0.4966398168925168,0.7569928052597638,0.3759527681931617
25517,-0.9604096728073548,1.6576827824629778,0.1267940697489978,1.0070820630826418,"POLYGON ((955135.230213883 1952365.54807064, 955135.230213883 1952465.54807064, 955235.230213883 1952465.54807064, 955235.230213883 1952365.54807064, 955135.230213883 1952365.54807064))",종로구,서울특별시 종로구 종로3가 145-1번지,126.992984147,37.570168111,955226.6492922732,1952431.794745989,화암빌딩,-0.7025853668103598,-0.6635523995961373,-0.4603861579971731,-0.7988415722976621,-0.4263909293847783,-0.3333231441661209,-0.354202164981359,-0.2456823401025004,1.3564555222294383,2.4932719189436074,8.0,"POLYGON ((955135.230213883 1952365.54807064, 955135.230213883 1952465.54807064, 955235.230213883 1952465.54807064, 955235.230213883 1952365.54807064, 955135.230213883 1952365.54807064))",-0.8386805709398856,0.1069450127782146,0.2986819988183227,-0.2883742465304559,-0.0058299191517707,0.6905849294889556,0.0237801480756576,0.5638646280166504,0.7775207279784124,0.61458100560625,0.47784947088067625
25518,-0.8471169024252576,1.6490723130977405,0.1238389744536271,0.9314111083397152,"POLYGON ((955135.230213883 1952465.54807064, 955135.230213883 1952565.54807064, 955235.230213883 1952565.54807064, 955235.230213883 1952465.54807064, 955135.230213883 1952465.54807064))",종로구,서울특별시 종로구 봉익동 146번지,126.992872397,37.571365215,955217.4976407746,1952564.660823008,"골든타워, 종로3가치안센터",-0.6008994166099642,-0.3940163465104914,-0.400326680764959,-0.66413386948985,-0.2561102631238995,-0.2883270661055081,-0.2441149372605267,-0.3705122353305206,0.4657209547313745,0.6354252816154181,8.0,"POLYGON ((955135.230213883 1952465.54807064, 955135.230213883 1952565.54807064, 955235.230213883 1952565.54807064, 955235.230213883 1952465.54807064, 955135.230213883 1952465.54807064))",-0.8909519056814866,0.1297218799013988,0.0583243171404476,-0.2319477354506643,0.0723304372978865,0.6905609784923146,0.035888790701879,0.6091957394200513,0.7654043534448234,0.7017813424246409,0.5371464946581724
25543,-0.8595926622031905,1.5263241784901138,0.670580073268987,0.8252762165057057,"POLYGON ((955235.230213883 1952465.54807064, 955235.230213883 1952565.54807064, 955335.230213883 1952565.54807064, 955335.230213883 1952465.54807064, 955235.230213883 1952465.54807064))",종로구,서울특별시 종로구 종로3가 38-1번지,126.993543697,37.570765442,955276.419328273,1952497.799217817,NoData,-0.6883453225022176,-0.6393490056161967,-0.4749880557452585,-0.709036437092454,-0.4263909293847783,-0.3333231441661209,-0.3512783823507914,-0.4699138185676478,0.7241652745485009,-0.5205681816110108,8.0,"POLYGON ((955235.230213883 1952465.54807064, 955235.230213883 1952565.54807064, 955335.230213883 1952565.54807064, 955335.230213883 1952465.54807064, 955235.230213883 1952465.54807064))",-1.220182950995346,-0.7176584485292368,-0.3000103317467418,-0.1814190329546476,0.2054663583127819,1.4175684837981597,0.1094431907858535,0.6244601653713401,0.7401609542226809,0.6366690355553299,0.471237560880667
26062,-0.625207713604709,1.0511894798076449,2.7083440124594573,1.8224364690415893,"POLYGON ((953635.230213883 1952165.54807064, 953635.230213883 1952265.54807064, 953735.230213883 1952265.54807064, 953735.230213883 1952165.54807064, 953635.230213883 1952165.54807064))",중구,서울특별시 중구 태평로1가 61-21번지,126.975845802,37.568236116,953711.9968803824,1952225.753495261,NoData,0.1493704108252232,-0.0740482452397017,-0.0969834683803588,-0.709036437092454,0.2547317356587369,0.0339831625062302,0.1021803925857278,0.0363407565237676,-0.1099050303158613,0.5115688391268722,6.0,"POLYGON ((953635.230213883 1952165.54807064, 953635.230213883 1952265.54807064, 953735.230213883 1952265.54807064, 953735.230213883 1952165.54807064, 953635.230213883 1952165.54807064))",-0.3363938451221179,-0.5815638785098555,0.1689009065917629,-0.1054733685014267,0.3772703166394687,1.87914708268896,0.1157084096328282,0.7478294286849467,0.2315317540325964,0.7951906810353067,0.18411189317047943
26076,-0.6658364651952567,1.198707606698773,1.2221801920848343,2.0091015386041806,"POLYGON ((953735.230213883 1952165.54807064, 953735.230213883 1952265.54807064, 953835.230213883 1952265.54807064, 953835.230213883 1952165.54807064, 953735.230213883 1952165.54807064))",중구,서울특별시 중구 태평로1가 61-27번지,126.976264814,37.568175614,953748.9626430467,1952218.834776461,NoData,-0.2779913696225145,-0.0362433877014617,-0.2875851477205788,-0.7988415722976621,-0.0858295968630207,-0.3333231441661209,-0.39947014480158,0.0224707681650986,-0.1292538029224911,2.162988072307485,11.0,"POLYGON ((953735.230213883 1952165.54807064, 953735.230213883 1952265.54807064, 953835.230213883 1952265.54807064, 953835.230213883 1952165.54807064, 953735.230213883 1952165.54807064))",-0.1503840830477926,-0.7510545116210806,0.0965523360502163,-0.1309255431708282,0.4202870585569647,2.024977323125489,0.0962156473398452,0.6808908850858199,0.13637831091674524,0.6624477922728709,0.09034351098070105
26104,-0.9082128080274045,1.462157337843281,-0.4707318776432436,2.064457326857504,"POLYGON ((953935.230213883 1951965.54807064, 953935.230213883 1952065.54807064, 954035.230213883 1952065.54807064, 954035.230213883 1951965.54807064, 953935.230213883 1951965.54807064))",중구,서울특별시 중구 을지로1가 16번지,126.97947702,37.566456161,954031.577810775,1952026.493726508,금세기빌딩,0.0622454073399139,-0.0784669948220933,0.2345991137129697,-0.3498158962716217,0.2547317356587369,0.1422553928606439,0.1595836422489497,1.0511615714330436,2.7937929158647936,0.7592817241039641,6.0,"POLYGON ((953935.230213883 1951965.54807064, 953935.230213883 1952065.54807064, 954035.230213883 1952065.54807064, 954035.230213883 1951965.54807064, 953935.230213883 1951965.54807064))",-1.0432089499787691,-0.765717443173926,0.0112867926046763,-0.1283238122909484,0.3430194653189067,2.829347164682958,0.0244252957023835,0.5090421910713574,0.27309783087491357,0.8121354155987643,0.22179242037671898
26105,-0.9873540062322824,1.4487111729691062,0.1193284642356865,2.195032511916085,"POLYGON ((953935.230213883 1952065.54807064, 953935.230213883 1952165.54807064, 954035.230213883 1952165.54807064, 954035.230213883 1952065.54807064, 953935.230213883 1952065.54807064))",중구,서울특별시 중구 태평로1가 31-25번지,126.978445625,37.567167452,953940.9305868836,1952105.912993432,"유성빌딩, 더익스체인지서울몰, 남강건설회관빌딩, 원창빌딩, 휘닉스빌딩",-0.0118830486641614,0.4374527046831249,0.2338985776438659,1.715702213448164,-0.3128704852108592,1.3098901242527583,1.167314055584569,0.4724748349130234,1.6950590428454595,2.4519864381140923,6.0,"POLYGON ((953935.230213883 1952065.54807064, 953935.230213883 1952165.54807064, 954035.230213883 1952165.54807064, 954035.230213883 1952065.54807064, 953935.230213883 1952065.54807064))",-0.5890462031663461,-0.5337060653615248,0.0195338398707454,-0.1763180893804116,0.3954142679072289,2.1476640401957114,0.0254059401191238,0.5101512201949341,0.09648267332168448,0.6951384159310852,0.06706881269763211
26120,-0.9239150758963712,1.6126724241270611,-0.4092306927207594,2.125210224758554,"POLYGON ((954035.230213883 1951965.54807064, 954035.230213883 1952065.54807064, 954135.230213883 1952065.54807064, 954135.230213883 1951965.54807064, 954035.230213883 1951965.54807064))",중구,서울특별시 중구 을지로1가 37번지,126.979722391,37.566785728,954053.4496001712,1952062.9375659688,서광빌딩,-0.7290798717836778,-0.6960102632820734,-0.4357679416456508,-0.4845235990794337,-0.0858295968630207,-0.2426789871513273,-0.3994945969860651,0.8685400580439027,1.6701820494940784,2.2455590339665155,5.0,"POLYGON ((954035.230213883 1951965.54807064, 954035.230213883 1952065.54807064, 954135.230213883 1952065.54807064, 954135.230213883 1951965.54807064, 954035.230213883 1951965.54807064))",-0.6397640984109182,-1.2943724258341212,-0.0107319036463199,-0.0312398485738495,0.2644890542129725,3.368031176018245,0.012977107675349,0.4690239620088863,0.39236438601737605,0.6748387497475596,0.26478269170543495
26121,-1.0021641858051875,1.606876612667731,1.260287502102628,2.2998270676327737,"POLYGON ((954035.230213883 1952065.54807064, 954035.230213883 1952165.54807064, 954135.230213883 1952165.54807064, 954135.230213883 1952065.54807064, 954035.230213883 1952065.54807064))",중구,서울특별시 중구 다동 164-2번지,126.980446957,37.567479309,954117.8630768466,1952139.532952208,"센터플레이스(Center Place), 어린이재단, 대한체육회 체육회관",1.4548856391554392,1.651887724457602,1.9520754204398136,1.491189375435144,0.5101527350500551,0.8735518869065032,1.5161209740943573,1.1149635178829205,1.710261649893526,0.2019277329055073,5.0,"POLYGON ((954035.230213883 1952065.54807064, 954035.230213883 1952165.54807064, 954135.230213883 1952165.54807064, 954135.230213883 1952065.54807064, 954035.230213883 1952065.54807064))",-0.2624464040644261,-0.7608571911240426,0.0007076911909872,-0.143532545185561,0.3372373895157669,2.3403061254299518,0.0139429053050414,0.4644332587482057,0.4718172340466082,0.6524777056284934,0.3078502263467128
26122,-0.9993371222115154,1.577002050055749,3.2505888763180844,2.474130805426272,"POLYGON ((954035.230213883 1952165.54807064, 954035.230213883 1952265.54807064, 954135.230213883 1952265.54807064, 954135.230213883 1952165.54807064, 954035.230213883 1952165.54807064))",중구,서울특별시 중구 다동 39번지,126.980207811,37.56850364,954097.3723719436,1952253.2942550213,"케이스퀘어시티, 광일빌딩",0.5589501866481742,0.5216774471572195,1.4020190952568463,0.8625534289986874,1.106135066963131,0.8708369979398435,1.4676113332452632,2.345231485296853,1.9652508317451824,1.0895655707400866,1.0,"POLYGON ((954035.230213883 1952165.54807064, 954035.230213883 1952265.54807064, 954135.230213883 1952265.54807064, 954135.230213883 1952165.54807064, 954035.230213883 1952165.54807064))",-0.0838294049359762,-0.7657431050833825,0.0121742133885087,-0.1793872953020797,0.3606659918892495,2.1427609000432195,0.061561493044852,0.5510534653389034,0.8948730130209792,0.6880618451824104,0.6157279765431581
26136,-1.0251293263929715,1.7056385329413717,1.8048361968626376,2.2176633584793954,"POLYGON ((954135.230213883 1951965.54807064, 954135.230213883 1952065.54807064, 954235.230213883 1952065.54807064, 954235.230213883 1951965.54807064, 954135.230213883 1951965.54807064))",중구,서울특별시 중구 을지로1가 87번지,126.981034938,37.566496418,954169.1862972558,1952030.1991047128,더존을지타워,1.2916626411434349,0.516974854285681,1.6613929710733557,0.0992097797544187,2.2980997307892825,0.8316928951124833,-0.3994945969860651,1.9457758205671885,3.312063610685234,0.5941398007859028,11.0,"POLYGON ((954135.230213883 1951965.54807064, 954135.230213883 1952065.54807064, 954235.230213883 1952065.54807064, 954235.230213883 1951965.54807064, 954135.230213883 1951965.54807064))",1.6904289247682456,-2.03208242570244,-0.0343608418275525,0.0431681141709137,0.1715776530201258,2.924995827183919,0.0918258803967564,0.4353142054894575,0.890264053468235,0.6229719777731205,0.5546095581294215
26137,-1.1637021839813992,1.6948611791219963,1.8310601136572464,2.3771629970748664,"POLYGON ((954135.230213883 1952065.54807064, 954135.230213883 1952165.54807064, 954235.230213883 1952165.54807064, 954235.230213883 1952065.54807064, 954135.230213883 1952065.54807064))",중구,서울특별시 중구 다동 140번지,126.981134292,37.567147583,954178.3593913004,1952102.3942071528,"패스트파이브타워, 태성빌딩, 나전빌딩",2.6595131620225323,1.390122840342377,0.7156296547023253,1.491189375435144,0.0601252599320182,-0.0642097753459783,0.672223689977674,0.0990859419558413,1.0457892600199288,0.2520601024842045,10.0,"POLYGON ((954135.230213883 1952065.54807064, 954135.230213883 1952165.54807064, 954235.230213883 1952165.54807064, 954235.230213883 1952065.54807064, 954135.230213883 1952065.54807064))",1.6637878973920466,-1.3160729867082257,-0.0262859344847673,-0.0982105178267063,0.268130736190325,1.9358403827301145,0.0689034092064293,0.4145993522073002,0.41489252133337134,0.7076825766859938,0.29361220854494885
26138,-1.072967122364494,1.661664249809928,1.9464333342009048,2.491067211085138,"POLYGON ((954135.230213883 1952165.54807064, 954135.230213883 1952265.54807064, 954235.230213883 1952265.54807064, 954235.230213883 1952165.54807064, 954135.230213883 1952165.54807064))",중구,서울특별시 중구 다동 92번지,126.981726026,37.567860541,954231.0527345004,1952181.205025508,"다동빌딩, 한외빌딩, 효광빌딩, 예금보험공사, 한국관광공사 서울센터",3.522937189426279,2.609137709944437,3.370114161859634,3.017876673923681,0.368252179832656,1.4502092673799574,1.4889231586085758,1.2830985989863404,1.8005559220577974,0.5115688391268722,10.0,"POLYGON ((954135.230213883 1952165.54807064, 954135.230213883 1952265.54807064, 954235.230213883 1952265.54807064, 954235.230213883 1952165.54807064, 954135.230213883 1952165.54807064))",-0.1972268880588428,-0.6342013512717408,0.0016306668288869,-0.2128976363097983,0.3178317425439163,2.11595656481016,0.0308213802780042,0.5048641798933036,0.4556387885962565,0.5150020122421886,0.23465489298266526
26153,-1.164661642292175,1.7529347346302673,3.164476791197196,2.367573112900252,"POLYGON ((954235.230213883 1952065.54807064, 954235.230213883 1952165.54807064, 954335.230213883 1952165.54807064, 954335.230213883 1952065.54807064, 954235.230213883 1952065.54807064))",중구,서울특별시 중구 다동 115번지,126.98195381,37.566932106,954250.6007129892,1952078.0888045137,"대한빌딩, 동부다동빌딩",-0.099970759370303,-0.0840057746805774,0.1271682621924576,0.0543072121518146,0.0844510693978581,0.0234923612433306,-0.0284990676407147,0.5599328170635194,1.971470080083028,1.378563936546694,1.0,"POLYGON ((954235.230213883 1952065.54807064, 954235.230213883 1952165.54807064, 954335.230213883 1952165.54807064, 954335.230213883 1952065.54807064, 954235.230213883 1952065.54807064))",5.540606935048232,-1.8134609203555017,-0.0480142983854427,-0.0872047992774962,0.2008899823371037,0.176997462649606,0.1986866819411759,0.4030278619071549,0.8580593254187052,0.7956721993538558,0.682733950631987
26154,-1.1628310870518683,1.7167225098650978,2.835283373302233,2.475569709502546,"POLYGON ((954235.230213883 1952165.54807064, 954235.230213883 1952265.54807064, 954335.230213883 1952265.54807064, 954335.230213883 1952165.54807064, 954235.230213883 1952165.54807064))",중구,서울특별시 중구 다동 85번지,126.982297573,37.568371295,954281.838779122,1952237.5924558104,DGB금융센터,0.0661363490241104,-0.0613903688318088,0.4806204075200156,-0.1253030582586014,1.2764157332240098,0.3256947754120431,0.6071249885400909,1.987385785643196,3.244342906562029,0.8418526857629948,8.0,"POLYGON ((954235.230213883 1952165.54807064, 954235.230213883 1952265.54807064, 954335.230213883 1952265.54807064, 954335.230213883 1952165.54807064, 954235.230213883 1952165.54807064))",-0.2779688597964722,-0.5294006247557759,-0.0189868484811828,-0.1762896706283363,0.2759468211309097,2.018942347164927,0.0470882456139704,0.4782591880905346,0.9360990089169641,0.7233327154480684,0.6771110380481532
26166,-1.0293013946243872,1.6027811350145422,1.374724140772404,1.8868933485009087,"POLYGON ((954335.230213883 1951765.54807064, 954335.230213883 1951865.54807064, 954435.230213883 1951865.54807064, 954435.230213883 1951765.54807064, 954335.230213883 1951765.54807064))",중구,서울특별시 중구 명동1가 59-25번지,126.983671041,37.564236151,954400.6095507176,1951778.151326542,"타임워크명동빌딩, 명동증권빌딩, 영빌딩, 명동아르누보센텀",3.021936329145055,4.280176853232722,2.162932577193505,2.0300201866663925,0.1695914025282975,0.9034263540789989,1.3589877434243207,0.0662190231130668,1.9843404690044024,2.039131629818939,15.0,"POLYGON ((954335.230213883 1951765.54807064, 954335.230213883 1951865.54807064, 954435.230213883 1951865.54807064, 954435.230213883 1951765.54807064, 954335.230213883 1951765.54807064))",9.138689487891837,-0.6593973182219488,-0.0755901498109457,0.4012654321334931,-0.0590857789857194,-3.43644886683635,0.323257678405274,0.4282205232211117,0.38986193198968827,0.5183769390814145,0.2020954349691812
26167,-1.102808382769079,1.7142208517406607,1.575445159236701,2.0552341510182943,"POLYGON ((954335.230213883 1951865.54807064, 954335.230213883 1951965.54807064, 954435.230213883 1951965.54807064, 954435.230213883 1951865.54807064, 954335.230213883 1951865.54807064))",중구,서울특별시 중구 을지로2가 199-77번지,126.983925512,37.56511997,954423.6216810896,1951876.083207155,"메트로호텔, 을지 한국빌딩",0.7282943980726356,0.98129644668818,0.6642852740990361,1.715702213448164,0.1412112914848177,0.7101027448665027,1.0122313152420628,0.5954553983598877,1.952236478741913,1.516182205978411,15.0,"POLYGON ((954335.230213883 1951865.54807064, 954335.230213883 1951965.54807064, 954435.230213883 1951965.54807064, 954435.230213883 1951865.54807064, 954335.230213883 1951865.54807064))",11.29637961352969,-1.405726350466614,-0.0744491942002087,0.2204218614537731,0.0375923052726695,-3.99385119676704,0.4296870907013659,0.4420652408367265,0.616600372922738,0.7477633965075604,0.46107118914453493
26168,-1.199023731158884,1.7688280711728055,2.115754429864497,2.2047832830889207,"POLYGON ((954335.230213883 1951965.54807064, 954335.230213883 1952065.54807064, 954435.230213883 1952065.54807064, 954435.230213883 1951965.54807064, 954335.230213883 1951965.54807064))",중구,서울특별시 중구 을지로2가 9-10번지,126.984024062,37.566409131,954433.1103333964,1952019.0614446525,"하나은행별관빌딩, 내외빌딩",1.4865867856814243,0.9190043518808524,1.346356987535331,0.5482354557804591,1.2764157332240098,0.918729670134176,1.2582517296844076,1.6887187029865245,3.0045563317584394,1.130851051569602,15.0,"POLYGON ((954335.230213883 1951965.54807064, 954335.230213883 1952065.54807064, 954435.230213883 1952065.54807064, 954435.230213883 1951965.54807064, 954335.230213883 1951965.54807064))",11.776954398698432,-1.6213309115651475,-0.0721416381239011,0.0325827377907604,0.1222865531966016,-3.9946716127704303,0.3966087576973989,0.4331583859201222,0.9164244091358142,0.6276660808126215,0.5752085172432989
26169,-1.1056266246984725,1.7546322564949153,2.4420672730567023,2.315541714996004,"POLYGON ((954335.230213883 1952065.54807064, 954335.230213883 1952165.54807064, 954435.230213883 1952165.54807064, 954435.230213883 1952065.54807064, 954335.230213883 1952065.54807064))",중구,서울특별시 중구 수하동 65-1번지,126.983254345,37.566894761,954365.4308422392,1952073.313204605,경기빌딩,-0.4138935389633194,-0.1343611084632493,-0.0469331775970318,0.0992097797544187,-0.4263909293847783,0.0604907398184981,0.2008274911367766,0.7067235271927653,1.595205555643388,2.162988072307485,15.0,"POLYGON ((954335.230213883 1952065.54807064, 954335.230213883 1952165.54807064, 954435.230213883 1952165.54807064, 954435.230213883 1952065.54807064, 954335.230213883 1952065.54807064))",9.13383838771676,-1.4764370132198128,-0.0606515963407998,-0.1014545724306146,0.1911809197734102,-2.524064340867639,0.2736447087943924,0.4139939158383123,0.8191334359987399,0.7666336101823116,0.6279752232607554
26170,-1.1031559238097255,1.7267925089863423,2.717530401118695,2.3747801881954405,"POLYGON ((954335.230213883 1952165.54807064, 954335.230213883 1952265.54807064, 954435.230213883 1952265.54807064, 954435.230213883 1952165.54807064, 954335.230213883 1952165.54807064))",중구,서울특별시 중구 삼각동 66-1번지,126.983676973,37.568061784,954403.4654001924,1952202.5835139912,"신한금융그룹, 그레이츠 청계",2.140962951361556,-0.0257181716822926,-0.0073532859234725,0.0992097797544187,-0.0858295968630207,0.2227614704074189,0.6391049526773024,1.17529796724313,2.5508967168922805,2.080417110648454,15.0,"POLYGON ((954335.230213883 1952165.54807064, 954335.230213883 1952265.54807064, 954435.230213883 1952265.54807064, 954435.230213883 1952165.54807064, 954335.230213883 1952165.54807064))",-0.8248320963919966,-0.1421931068795973,-0.0444603994086051,-0.1452272649064903,0.2622527106051833,1.7592666313385394,0.0836135008820978,0.4646337497702215,0.8723821717166683,0.6777414165044557,0.5912495287924882
26182,-1.061071889293081,1.5943709088358808,1.8562284089371488,1.8307936285733464,"POLYGON ((954435.230213883 1951765.54807064, 954435.230213883 1951865.54807064, 954535.230213883 1951865.54807064, 954535.230213883 1951765.54807064, 954435.230213883 1951765.54807064))",중구,서울특별시 중구 명동1가 48-2번지,126.984712001,37.564249033,954492.5500063812,1951779.0759423112,"명동포커스빌딩, 와이즈빌딩",-0.1754028814025886,-0.0482108344871059,-0.0455927287724965,1.2217739698195198,-0.2901663963760753,0.0457058179164035,0.1044369798967751,0.1632049167110593,2.305098202028773,0.9244236474220254,15.0,"POLYGON ((954435.230213883 1951765.54807064, 954435.230213883 1951865.54807064, 954535.230213883 1951865.54807064, 954535.230213883 1951765.54807064, 954435.230213883 1951765.54807064))",10.57510837484882,3.4192804000847827,-0.1109956091175891,0.5185349191192625,-0.0449541182967186,-9.101400227102683,0.1463590199864725,0.4723334376197556,0.5583976291897768,0.7823342429580341,0.43685358650174505
26195,-0.9869729192575432,1.4587916795073883,-0.5281237391224043,1.419204160241455,"POLYGON ((954535.230213883 1951565.54807064, 954535.230213883 1951665.54807064, 954635.230213883 1951665.54807064, 954635.230213883 1951565.54807064, 954535.230213883 1951565.54807064))",중구,서울특별시 중구 명동2가 26-1번지,126.98568457,37.562767597,954577.5431782004,1951614.2475224936,디자이너스빌딩,-0.0203949850083523,0.3353841921940254,-0.1763742542887259,0.8625534289986874,-0.2804360725897394,0.1099065288543621,0.2828575837456392,-0.3558166524266928,0.6898113313489744,0.8300568340974187,5.0,"POLYGON ((954535.230213883 1951565.54807064, 954535.230213883 1951665.54807064, 954635.230213883 1951665.54807064, 954635.230213883 1951565.54807064, 954535.230213883 1951565.54807064))",-5.322886056312433,11.811813863480396,-0.1396331761977781,0.881564952689691,-0.2737489720198512,-7.265949957055568,-1.3455620859665387,0.6184113637829581,0.16556012349339105,0.8195007544591961,0.13567664611119165
26196,-1.006758083722806,1.5564228322901854,0.2833388894808148,1.5799693326189912,"POLYGON ((954535.230213883 1951665.54807064, 954535.230213883 1951765.54807064, 954635.230213883 1951765.54807064, 954635.230213883 1951665.54807064, 954535.230213883 1951665.54807064))",중구,서울특별시 중구 명동2가 32-1번지,126.98522881,37.563249592,954537.5847440122,1951667.9428256035,"한송빌딩, T avenue, T avenue, 명광빌딩, 재원빌딩",-0.187304349420126,0.1453242600694523,-0.1521261175121713,1.356481672627332,-0.1709699299934601,0.0520334331457836,0.1336189154950564,-0.1991311916737178,2.712942687472805,2.049453000026318,5.0,"POLYGON ((954535.230213883 1951665.54807064, 954535.230213883 1951765.54807064, 954635.230213883 1951765.54807064, 954635.230213883 1951665.54807064, 954535.230213883 1951665.54807064))",0.8578030289575707,9.969711340248706,-0.134242301877215,0.7091351062701069,-0.251316041704301,-9.54366970144814,-0.7403046028734951,0.5641308474778434,0.2872508215939822,0.7224837514123152,0.20753405118148993
26198,-1.0398396547401634,1.6842463460296675,2.087288206693683,1.902614107867492,"POLYGON ((954535.230213883 1951865.54807064, 954535.230213883 1951965.54807064, 954635.230213883 1951965.54807064, 954635.230213883 1951865.54807064, 954535.230213883 1951865.54807064))",중구,서울특별시 중구 명동1가 4-1번지,126.985461728,37.565056831,954559.2529878552,1951868.3343276177,"전국은행연합회, 중국건설은행타워, 유안타증권",2.1580590270915003,1.4159832654157147,2.342604071193987,1.580994510640352,0.7088135123544136,1.48942284571237,2.0624770910587302,1.6694548302661507,1.8551471019122168,0.3464269158088109,5.0,"POLYGON ((954535.230213883 1951865.54807064, 954535.230213883 1951965.54807064, 954635.230213883 1951965.54807064, 954635.230213883 1951865.54807064, 954535.230213883 1951865.54807064))",14.04399123006231,4.133901889249869,-0.2115849752563654,0.3803878580383588,0.2214618814016587,-12.03839759761232,-0.0048510068983278,0.5392401629945052,0.8862207308670834,0.5697797931173143,0.5049506646897218
26210,-0.98582891676778,1.300095879157615,-0.5646748305851005,1.2073329120954406,"POLYGON ((954635.230213883 1951465.54807064, 954635.230213883 1951565.54807064, 954735.230213883 1951565.54807064, 954735.230213883 1951465.54807064, 954635.230213883 1951465.54807064))",중구,서울특별시 중구 충무로2가 63-4번지,126.986353413,37.561593412,954635.9013907646,1951483.654552829,LG패션,0.5827170211624676,0.9274275932722866,0.2109928708458882,1.940215051461184,-0.1615098929789668,0.4368742884394153,0.6500665176650215,-0.079807553398271,1.77636995629951,1.429023968671658,2.0,"POLYGON ((954635.230213883 1951465.54807064, 954635.230213883 1951565.54807064, 954735.230213883 1951565.54807064, 954735.230213883 1951465.54807064, 954635.230213883 1951465.54807064))",-5.43393448617199,10.882535393258978,0.2895984756542336,0.6918392903011205,-0.5421320853778366,-6.120425150260609,-1.1964973908685457,0.7230290783069971,0.08954519164206393,0.7481368127820722,0.06699205427505356
26214,-1.1184345123971444,1.6389326237263873,1.770633164241881,1.8199350898174924,"POLYGON ((954635.230213883 1951865.54807064, 954635.230213883 1951965.54807064, 954735.230213883 1951965.54807064, 954735.230213883 1951865.54807064, 954635.230213883 1951865.54807064))",중구,서울특별시 중구 저동1가 114번지,126.98696064,37.565117825,954691.6652214488,1951874.377589682,"대신파이낸스센터(Daishin Finance Center), IBK파이낸스타워, 보승빌딩",1.808877095535507,2.2408625494369803,3.81657871582387,2.793363835910661,1.7021173988762068,-0.0451627984224051,1.3515228408179614,2.369388381688202,2.3515352562846843,0.3464269158088109,2.0,"POLYGON ((954635.230213883 1951865.54807064, 954635.230213883 1951965.54807064, 954735.230213883 1951965.54807064, 954735.230213883 1951865.54807064, 954635.230213883 1951865.54807064))",3.6713142470222646,4.3459014225181525,-0.2005546815598988,0.4413610891125988,0.1446977132262025,-5.799793889813944,-0.2008617063919706,0.6328105878097153,0.8579560396979947,0.5198018341801561,0.4459671230809605
26227,-0.914614095300502,1.1901098149712686,-1.055545609436937,1.1696177574071618,"POLYGON ((954735.230213883 1951465.54807064, 954735.230213883 1951565.54807064, 954835.230213883 1951565.54807064, 954835.230213883 1951465.54807064, 954735.230213883 1951465.54807064))",중구,서울특별시 중구 충무로2가 61-9번지,126.987738287,37.561734474,954758.2964609064,1951498.6371200865,"세종서적, 명동호텔53, 금성빌딩",0.5597484313854474,0.6068457767817201,0.0604128805305004,2.3892407274872247,-0.1539418633673722,1.649042818570064,0.6996101366009113,-0.0999549957474189,1.1682887086299638,0.3133985311451988,7.0,"POLYGON ((954735.230213883 1951465.54807064, 954735.230213883 1951565.54807064, 954835.230213883 1951565.54807064, 954835.230213883 1951465.54807064, 954735.230213883 1951465.54807064))",-2.7449231424704905,7.276704060294004,0.6690820344565647,0.523775378677206,-0.7379906467384987,-4.474949739573352,-0.5280185379979523,0.7575589451839962,0.025478132079246874,0.7306314446014652,0.018615124446807078
26230,-1.0220359759180877,1.5301252994782006,0.3498340469693426,1.5808609330997114,"POLYGON ((954735.230213883 1951765.54807064, 954735.230213883 1951865.54807064, 954835.230213883 1951865.54807064, 954835.230213883 1951765.54807064, 954735.230213883 1951765.54807064))",중구,서울특별시 중구 저동1가 2-3번지,126.988433094,37.564383384,954821.2602308732,1951792.1861387424,"평화빌딩, 나라키움저동빌딩",1.576583865708883,1.0484752489329785,0.842293549658528,0.2788200501648348,0.7655737344413733,1.0683638752080045,0.747236005639332,1.4002229451262111,1.2002832861902124,0.5528543199563876,7.0,"POLYGON ((954735.230213883 1951765.54807064, 954735.230213883 1951865.54807064, 954835.230213883 1951865.54807064, 954835.230213883 1951765.54807064, 954735.230213883 1951765.54807064))",-1.6913207051699566,5.764371766487063,0.1566086279790603,0.3323403347951186,-0.2538438435419,-3.7055421941579847,-0.3005938403841824,0.668131238688649,0.6912070376040398,0.8064042224129095,0.5573922736854164
26232,-1.1065532390003,1.724726683352698,1.4641188214690437,1.7729632251952958,"POLYGON ((954735.230213883 1951965.54807064, 954735.230213883 1952065.54807064, 954835.230213883 1952065.54807064, 954835.230213883 1951965.54807064, 954735.230213883 1951965.54807064))",중구,서울특별시 중구 을지로2가 205번지,126.988110666,37.566485747,954794.0554856096,1952025.5879007769,"신한L Tower, 봉산빌딩",0.0776086100723603,0.2044327071741883,0.7602713949521298,0.5482354557804591,0.7655737344413733,-0.3296195653198706,1.0152005090723883,1.8059201046172773,1.522302144571979,0.4289978774678415,8.0,"POLYGON ((954735.230213883 1951965.54807064, 954735.230213883 1952065.54807064, 954835.230213883 1952065.54807064, 954835.230213883 1951965.54807064, 954735.230213883 1951965.54807064))",1.219039324095046,2.1101953036797383,-0.013149496066156,0.1490560714780703,0.2378586164070837,-2.383567253747508,0.0860151714378557,0.6765729437194611,0.9321073065974993,0.8140843250307871,0.7588139475476902
26245,-0.9047417335168948,1.257416508083282,-0.0548141138440277,1.2080154799153435,"POLYGON ((954835.230213883 1951565.54807064, 954835.230213883 1951665.54807064, 954935.230213883 1951665.54807064, 954935.230213883 1951565.54807064, 954835.230213883 1951565.54807064))",중구,서울특별시 중구 충무로2가 48-5번지,126.989312316,37.562818473,954897.9653099334,1951618.144802896,"은광빌딩, 제일빌딩",-0.5002563992321366,-0.4895718062297117,-0.3308713823751321,-0.1253030582586014,-0.2561102631238995,-0.3333231441661209,-0.2055468559892048,0.2952472058855874,-0.1423833271912756,0.5528543199563876,8.0,"POLYGON ((954835.230213883 1951565.54807064, 954835.230213883 1951665.54807064, 954935.230213883 1951665.54807064, 954935.230213883 1951565.54807064, 954835.230213883 1951565.54807064))",-1.1676825155677997,3.9610971735610288,0.4955457065721689,0.3034627966357107,-0.3564709936128388,-2.5076134604377227,-0.1225895503148547,0.6976039637641933,0.2724951588688922,0.7473941472435491,0.20366128689081112
26247,-1.0975349811883484,1.5724688883512108,0.7908132108365316,1.447201889469068,"POLYGON ((954835.230213883 1951765.54807064, 954835.230213883 1951865.54807064, 954935.230213883 1951865.54807064, 954935.230213883 1951765.54807064, 954835.230213883 1951765.54807064))",중구,서울특별시 중구 저동2가 84-3번지,126.989277409,37.565031223,954896.2165434104,1951863.6550794472,NoData,-0.4177042550457799,-0.4574208001536639,-0.3663451341821058,-0.4396210314768297,-0.4263909293847783,-0.2013383895103901,-0.3788639396191212,-0.1855790572149351,0.2798345321891098,1.4611348982057246,8.0,"POLYGON ((954835.230213883 1951765.54807064, 954835.230213883 1951865.54807064, 954935.230213883 1951865.54807064, 954935.230213883 1951765.54807064, 954835.230213883 1951765.54807064))",-1.3214529272398097,2.595283802920372,0.3036867346372848,0.1547099092730085,-0.0624301510212572,-1.178450340436344,0.0241764191770163,0.6333699751958136,0.6005963647925651,0.6963991837394423,0.41825481819841864
26248,-1.0926395993971167,1.6470273129459383,1.4076682189532628,1.5425633099905924,"POLYGON ((954835.230213883 1951865.54807064, 954835.230213883 1951965.54807064, 954935.230213883 1951965.54807064, 954935.230213883 1951865.54807064, 954835.230213883 1951865.54807064))",중구,서울특별시 중구 저동2가 78번지,126.989575172,37.565322642,954922.688870334,1951895.843694637,비즈센터,-0.3101818923190894,-0.2700228577948719,-0.045708428168525,-0.3049133286690176,0.2547317356587369,-0.2928830559560541,0.012811151462143,1.3955996156733217,0.6239662735498824,-0.8921375090766487,8.0,"POLYGON ((954835.230213883 1951865.54807064, 954835.230213883 1951965.54807064, 954935.230213883 1951965.54807064, 954935.230213883 1951865.54807064, 954835.230213883 1951865.54807064))",-0.6500568181393932,1.652733950088858,0.2051243009004889,0.0942633684641327,0.1218264137537386,-0.8133335962619604,0.098908761730265,0.6685434853236188,0.9240082382531023,0.7655990502261522,0.7074198296077152
26249,-1.0884286324056067,1.6974622430694832,1.7301664068573612,1.6111958723841902,"POLYGON ((954835.230213883 1951965.54807064, 954835.230213883 1952065.54807064, 954935.230213883 1952065.54807064, 954935.230213883 1951965.54807064, 954835.230213883 1951965.54807064))",중구,서울특별시 중구 을지로2가 101-1번지,126.989338187,37.566611555,954902.5368496045,1952038.9558825493,트레블로지 명동 을지로호텔,-0.3903874376546677,-0.3298907774840815,-0.1089928279496283,-0.2600107610664136,0.2547317356587369,0.1440136575654294,-0.1211099697931725,1.1274465074057225,0.4235682715526453,-1.552705202348894,8.0,"POLYGON ((954835.230213883 1951965.54807064, 954835.230213883 1952065.54807064, 954935.230213883 1952065.54807064, 954935.230213883 1951965.54807064, 954835.230213883 1951965.54807064))",-0.144895171195646,1.1217934937283134,0.1710416328030764,0.0012491311841413,0.2455526738243817,-0.7012159903181582,0.1211919857969732,0.7139796780864587,0.9316235713810345,0.749772577351808,0.6985058062360543
26250,-1.085681578435153,1.7201055305338722,0.910618173251802,1.648134394817412,"POLYGON ((954835.230213883 1952065.54807064, 954835.230213883 1952165.54807064, 954935.230213883 1952165.54807064, 954935.230213883 1952065.54807064, 954835.230213883 1952065.54807064))",중구,서울특별시 중구 수표동 56-14번지,126.988712271,37.56705594,954847.5289446925,1952088.5587562367,강남빌딩,-0.4475481788915765,-0.1534783375592911,-0.2040200702465957,-0.3498158962716217,0.0844510693978581,0.0612416097000251,-0.1380797858257856,0.1750406401104567,0.2646319251410436,2.4519864381140923,5.0,"POLYGON ((954835.230213883 1952065.54807064, 954835.230213883 1952165.54807064, 954935.230213883 1952165.54807064, 954935.230213883 1952065.54807064, 954835.230213883 1952065.54807064))",0.4993012481205474,1.468332278758432,0.1505596576154497,-0.0873696548950551,0.2113751029934683,-1.3205036536274362,0.0665226542289449,0.7383573815266617,0.7613443512774631,0.7365099024287314,0.5607376538740302
26263,-0.8972733540143669,1.2405598809403573,-0.1298987712657826,1.109733291508449,"POLYGON ((954935.230213883 1951565.54807064, 954935.230213883 1951665.54807064, 955035.230213883 1951665.54807064, 955035.230213883 1951565.54807064, 954935.230213883 1951565.54807064))",중구,서울특별시 중구 저동2가 50-1번지,126.99002843,37.563215409,954961.4492290684,1951661.839429364,"영락빌딩, 영한빌딩, 스타즈호텔(StazHotel)명동2, 명동 엠퍼스트플레이스",0.782185946038802,1.1562819987269897,0.668304243187792,2.703558700705453,-0.0858295968630207,-0.1108652491234176,0.3350106000830032,0.1186360207852032,0.0769795431942055,1.190485634990013,5.0,"POLYGON ((954935.230213883 1951565.54807064, 954935.230213883 1951665.54807064, 955035.230213883 1951665.54807064, 955035.230213883 1951565.54807064, 954935.230213883 1951565.54807064))",-0.9044537885590004,0.8228056539745143,0.2084598782278735,0.1001725726042136,0.0899058722413793,0.0811004643413741,-0.0249558519934714,0.3847072706842878,0.09069303893078762,0.7177777758859504,0.06509744777207864
26264,-0.8679035742726682,1.3997650627742562,-0.4790641190404617,1.2215207789641838,"POLYGON ((954935.230213883 1951665.54807064, 954935.230213883 1951765.54807064, 955035.230213883 1951765.54807064, 955035.230213883 1951665.54807064, 954935.230213883 1951665.54807064))",중구,서울특별시 중구 저동2가 64번지,126.989742063,37.564023964,954936.6453699268,1951751.681823681,노랑풍선 빌딩,0.1738993885560091,0.3378313816328847,0.1863179934887766,1.0870662670117075,-0.1539418633673722,0.0704257370409792,0.3389578812927301,0.1750406401104567,0.1658149793286129,1.2216791093945358,7.0,"POLYGON ((954935.230213883 1951665.54807064, 954935.230213883 1951765.54807064, 955035.230213883 1951765.54807064, 955035.230213883 1951665.54807064, 954935.230213883 1951665.54807064))",-0.8674879255613316,0.8048989848847987,0.2072559518043624,0.0612773606575488,0.1608567943127813,0.0598364078127069,0.0814088608710677,0.4287258164202053,0.24282651994658833,0.814773095533536,0.19784851533451772
26266,-1.0771776544152725,1.583271372581086,0.6727078742048315,1.392751097392436,"POLYGON ((954935.230213883 1951865.54807064, 954935.230213883 1951965.54807064, 955035.230213883 1951965.54807064, 955035.230213883 1951865.54807064, 954935.230213883 1951865.54807064))",중구,서울특별시 중구 저동2가 7-6번지,126.99034804,37.565080019,954990.7978965248,1951868.5554439293,"서광빌딩, 고당기념관",-0.4803042920803904,-0.4893416630222955,-0.4322985446880301,-0.4845235990794337,-0.3128704852108592,-0.3333231441661209,-0.33714152654923,-0.455273275300164,-0.0103279541510274,-0.4242353930088083,7.0,"POLYGON ((954935.230213883 1951865.54807064, 954935.230213883 1951965.54807064, 955035.230213883 1951965.54807064, 955035.230213883 1951865.54807064, 954935.230213883 1951865.54807064))",-0.6878516468412882,0.2433725648693697,0.2533150207743084,-0.0274602585715154,0.2779750180756847,0.3799249364930081,0.1627601655327722,0.6512959261532595,0.5673378174844652,0.6600613652798246,0.3744777743836721
26267,-1.0704685587680574,1.6399938181385625,1.2724812625251405,1.4448197698221417,"POLYGON ((954935.230213883 1951965.54807064, 954935.230213883 1952065.54807064, 955035.230213883 1952065.54807064, 955035.230213883 1951965.54807064, 954935.230213883 1951965.54807064))",중구,서울특별시 중구 을지로3가 5-28번지,126.990300155,37.56650017,954987.4235295044,1952026.1370589123,양지빌딩,-0.3703711500215326,-0.2732602055791936,-0.3991296674930344,-0.0804004906559974,-0.4263909293847783,-0.2804068585295441,-0.3016090093232644,-0.4971914623396967,0.5015161840536396,2.9886976888977914,7.0,"POLYGON ((954935.230213883 1951965.54807064, 954935.230213883 1952065.54807064, 955035.230213883 1952065.54807064, 955035.230213883 1951965.54807064, 954935.230213883 1951965.54807064))",-0.3956270638263983,0.3956757986679969,0.2823862397090835,-0.0918868969152366,0.2550982124057824,0.0820766705294253,0.1299475544725753,0.7036348167502727,0.6596597916026341,0.6506187418594708,0.4291870236677865
26268,-1.0204879297800311,1.7547643515157112,1.1780890243367856,1.4671091920519468,"POLYGON ((954935.230213883 1952065.54807064, 954935.230213883 1952165.54807064, 955035.230213883 1952165.54807064, 955035.230213883 1952065.54807064, 954935.230213883 1952065.54807064))",중구,서울특별시 중구 수표동 27-1번지,126.990654832,37.567119421,955019.118329724,1952094.6700551223,동화빌딩,0.2276705981195714,0.2699621497658373,-0.1006783206679116,-0.4396210314768297,0.0844510693978581,0.3881746315325521,-0.1508717714806702,-0.0168275321844631,0.13886490319795,2.286844514796031,7.0,"POLYGON ((954935.230213883 1952065.54807064, 954935.230213883 1952165.54807064, 955035.230213883 1952165.54807064, 955035.230213883 1952065.54807064, 954935.230213883 1952065.54807064))",-0.0127648741693172,0.7647134893238214,0.3079473110210998,-0.161901119560967,0.1810881166701773,-0.409834644887186,0.0770980686591947,0.7246401088463426,0.8501809167566221,0.765493434754859,0.6508079101310615
26282,-0.9106513719770156,1.3423595164337516,-0.0583027001424408,1.1031931615824166,"POLYGON ((955035.230213883 1951665.54807064, 955035.230213883 1951765.54807064, 955135.230213883 1951765.54807064, 955135.230213883 1951665.54807064, 955035.230213883 1951665.54807064))",중구,서울특별시 중구 저동2가 48-2번지,126.991096198,37.56340909,955055.8670220892,1951682.816187476,"센트럴에쓰, 진영빌딩, 윤빌딩",-0.4332680217825663,-0.3678413923870185,-0.3816095298416968,0.1441123473570227,-0.2901663963760753,-0.1758328627517614,-0.2512165502688228,-0.3871562213609233,-0.1365510543055629,0.0821998384999129,7.0,"POLYGON ((955035.230213883 1951665.54807064, 955035.230213883 1951765.54807064, 955135.230213883 1951765.54807064, 955135.230213883 1951665.54807064, 955035.230213883 1951665.54807064))",-0.6912509152878614,0.0133856539228007,0.1071206437729798,-0.0249330113655613,0.2405240381645725,0.5922615270783097,0.0743583861770226,0.1703337823775498,0.25443555496534176,0.7199922617657352,0.18319163069311645
26283,-0.9923547256880064,1.4033294648547698,-0.0017760805464201,1.185618011101692,"POLYGON ((955035.230213883 1951765.54807064, 955035.230213883 1951865.54807064, 955135.230213883 1951865.54807064, 955135.230213883 1951765.54807064, 955035.230213883 1951765.54807064))",중구,서울특별시 중구 초동 106-9번지,126.991692093,37.564231142,955108.9874779644,1951773.733918384,"(주)케이티앤지 을지로타워, DB손해보험 초동사옥",0.9931431770837332,0.8815907377952201,1.0068624686615353,0.6380405909856672,0.935854400702252,0.7658675262102245,0.852345467232854,1.7240871733011305,0.3810700745773692,1.2959929748876633,7.0,"POLYGON ((955035.230213883 1951765.54807064, 955035.230213883 1951865.54807064, 955135.230213883 1951865.54807064, 955135.230213883 1951765.54807064, 955035.230213883 1951765.54807064))",-0.7332147892734353,-0.0099894785359802,0.1679023467221728,-0.0442540650012281,0.2776224190072551,0.6357193279176312,0.1386602671561404,0.4752159114363846,0.6835745667984121,0.7636018667636016,0.5219788152793878
26285,-1.0053752464214718,1.7200265593646666,-0.0545396736766095,1.2848069863892753,"POLYGON ((955035.230213883 1951965.54807064, 955035.230213883 1952065.54807064, 955135.230213883 1952065.54807064, 955135.230213883 1951965.54807064, 955035.230213883 1951965.54807064))",중구,서울특별시 중구 을지로3가 334-7번지,126.991216769,37.565998638,955068.070780638,1951970.0559226333,한일빌딩,-0.1864579693218111,-0.0897593548659832,-0.2412257469167215,-0.3049133286690176,-0.1993500410369399,-0.1754347146651154,-0.3745638483189675,-0.2379767910143511,0.195068480769589,2.6859374961480125,7.0,"POLYGON ((955035.230213883 1951965.54807064, 955035.230213883 1952065.54807064, 955135.230213883 1952065.54807064, 955135.230213883 1951965.54807064, 955035.230213883 1951965.54807064))",-0.6187185767757707,0.096677294872048,0.2959460221680947,-0.1625313716788137,0.2657449185962895,0.4846533925329705,0.0960343705341215,0.6666335607811075,0.680056201990895,0.6768059360638233,0.4602660743644562
26286,-1.0009822020916457,1.7287365373397268,0.0053901715811024,1.296808551023471,"POLYGON ((955035.230213883 1952065.54807064, 955035.230213883 1952165.54807064, 955135.230213883 1952165.54807064, 955135.230213883 1952065.54807064, 955035.230213883 1952065.54807064))",중구,서울특별시 중구 입정동 272-2번지,126.991156023,37.567377117,955063.5342190672,1952123.0203656256,일주빌딩,-0.0292920042408761,0.1209904516053091,-0.0177519672569349,0.2339174825622308,-0.0858295968630207,-0.117307766149615,0.1141619629833941,0.1087729179523717,0.0034234949515416,0.0161430691726883,7.0,"POLYGON ((955035.230213883 1952065.54807064, 955035.230213883 1952165.54807064, 955135.230213883 1952165.54807064, 955135.230213883 1952065.54807064, 955035.230213883 1952065.54807064))",-0.5177200227316723,0.2680232456806959,0.3658992362628517,-0.2282364044337869,0.1918638872176574,0.3146025740422841,0.0638387615099215,0.6843839953372948,0.717202320702842,0.8057573533429907,0.5778910437409728
26300,-0.7983593820076824,1.211010786685483,0.5119263950722903,0.8980496902767727,"POLYGON ((955135.230213883 1951565.54807064, 955135.230213883 1951665.54807064, 955235.230213883 1951665.54807064, 955235.230213883 1951565.54807064, 955135.230213883 1951565.54807064))",중구,서울특별시 중구 충무로3가 28-2번지,126.992510791,37.562892411,955180.4889294932,1951624.8176947625,NoData,-0.6376026294041898,-0.615736312535291,-0.4488118598554352,-0.5743287342846418,-0.4263909293847783,-0.317971729684369,-0.3457696545032346,-0.4051872062271929,-0.025599663958403,1.5849913406942706,6.0,"POLYGON ((955135.230213883 1951565.54807064, 955135.230213883 1951665.54807064, 955235.230213883 1951665.54807064, 955235.230213883 1951565.54807064, 955135.230213883 1951565.54807064))",-0.5964397958831852,-0.2178531250538025,0.0190607210352389,-0.0085868361565932,0.1503369926983488,0.6867453802903891,0.0309848035662777,-0.3745871745763557,0.3275420394145129,0.6187740248364019,0.2026745060316415
26302,-0.7971752116671883,1.4036370770843534,-0.0425670832563725,1.050891222624975,"POLYGON ((955135.230213883 1951765.54807064, 955135.230213883 1951865.54807064, 955235.230213883 1951865.54807064, 955235.230213883 1951765.54807064, 955135.230213883 1951765.54807064))",중구,서울특별시 중구 초동 70-4번지,126.992452007,37.564193839,955176.077087914,1951769.2326175785,"신원빌딩, 초동빌딩",-0.3158177408410442,-0.3502047512586878,-0.4141701927459264,-0.4396210314768297,-0.4263909293847783,-0.2172723293806576,-0.2897706588632961,-0.4492629470114075,0.1911526577420567,1.3097548018308345,7.0,"POLYGON ((955135.230213883 1951765.54807064, 955135.230213883 1951865.54807064, 955235.230213883 1951865.54807064, 955235.230213883 1951765.54807064, 955135.230213883 1951765.54807064))",-0.6791075768165432,-0.1123516188249482,0.105172722296794,-0.0702488450932406,0.2237378117409191,0.6807302988388675,0.0923464754563027,0.3103376999368388,0.3794681481599755,0.685776300668429,0.2602302628666473
26303,-0.8784817317275624,1.455514587274387,-0.0305990215239614,1.100385332869564,"POLYGON ((955135.230213883 1951865.54807064, 955135.230213883 1951965.54807064, 955235.230213883 1951965.54807064, 955235.230213883 1951865.54807064, 955135.230213883 1951865.54807064))",중구,서울특별시 중구 초동 21-1번지,126.991988096,37.565090635,955135.6445074212,1951868.9490091344,"기영빌딩, 성진빌딩",-0.3120872503603197,-0.2261652339015849,-0.3350357681705401,0.0543072121518146,-0.2561102631238995,-0.12169273937234,-0.2144998486799391,-0.2768898139095053,0.0908384854779225,2.4519864381140923,7.0,"POLYGON ((955135.230213883 1951865.54807064, 955135.230213883 1951965.54807064, 955235.230213883 1951965.54807064, 955235.230213883 1951865.54807064, 955135.230213883 1951865.54807064))",-0.7313094262525808,-0.050772717872388,0.1839681139751285,-0.1200185493158648,0.2432470995642182,0.6728739572648432,0.0868498187152189,0.4997501720548257,0.4109766421915411,0.6904392330524393,0.2837543976371944
26304,-0.9188266781891292,1.654608195016652,-0.0286741411515189,1.1341952181113852,"POLYGON ((955135.230213883 1951965.54807064, 955135.230213883 1952065.54807064, 955235.230213883 1952065.54807064, 955235.230213883 1951965.54807064, 955135.230213883 1951965.54807064))",중구,서울특별시 중구 을지로3가 118-6번지,126.992061871,37.566582841,955143.0547011668,1952034.466604219,NoData,-0.7054734884728563,-0.6591413214539927,-0.4753605127050762,-0.8886467075028701,-0.0858295968630207,-0.3333231441661209,-0.364472082465073,-0.4398621771238652,0.8333476342573404,3.318981535533914,7.0,"POLYGON ((955135.230213883 1951965.54807064, 955135.230213883 1952065.54807064, 955235.230213883 1952065.54807064, 955235.230213883 1951965.54807064, 955135.230213883 1951965.54807064))",-0.8101291518797237,-0.0093780017934635,0.2687528973653355,-0.2035722096685173,0.2340178485775597,0.7022676132209175,0.0473419188996087,0.5714046756495752,0.6834422764087624,0.5960931156354767,0.4073952359015019
26320,-0.6513718940125075,1.1557583687036117,0.5252254359493164,0.7327443811605854,"POLYGON ((955235.230213883 1951565.54807064, 955235.230213883 1951665.54807064, 955335.230213883 1951665.54807064, 955335.230213883 1951565.54807064, 955235.230213883 1951565.54807064))",중구,서울특별시 중구 인현동1가 141-2번지,126.993239016,37.563184123,955244.9779298973,1951656.8346286367,"호운빌딩, 동아빌딩, 영진빌딩",-0.3495927191719055,-0.2247460174558516,-0.3235969809652466,0.0094046445492106,-0.2561102631238995,-0.33287956978771,-0.1854331876656588,0.4374145865619436,0.0438486091475359,1.8120614852566048,5.0,"POLYGON ((955235.230213883 1951565.54807064, 955235.230213883 1951665.54807064, 955335.230213883 1951665.54807064, 955335.230213883 1951565.54807064, 955235.230213883 1951565.54807064))",-0.5045961583643915,-0.2041457569743849,0.0116788622415982,-0.0219613469896724,0.1603922765220779,0.5988596713207637,0.0617730990593065,0.1399583405946507,0.4480646381287302,0.699153588519432,0.3132659996363624
26321,-0.6948217925891692,1.2435990502796692,0.4618454696942423,0.8044367257952838,"POLYGON ((955235.230213883 1951665.54807064, 955235.230213883 1951765.54807064, 955335.230213883 1951765.54807064, 955335.230213883 1951665.54807064, 955235.230213883 1951665.54807064))",중구,서울특별시 중구 인현동1가 115-1번지,126.994135549,37.563759807,955324.500314927,1951720.2773004875,정산빌딩,-0.5114478706743104,-0.4159336512967642,-0.3819059104863176,-0.4845235990794337,-0.4263909293847783,-0.3333231441661209,-0.2624750346395746,-0.3335255997074035,0.0103337708824808,1.8327042256713624,5.0,"POLYGON ((955235.230213883 1951665.54807064, 955235.230213883 1951765.54807064, 955335.230213883 1951765.54807064, 955335.230213883 1951665.54807064, 955235.230213883 1951665.54807064))",-0.5440372015732049,-0.132136805337894,0.0066022094796712,-0.0324929603343564,0.1667195800587521,0.5883355672675475,0.0472806354314212,0.1710996238881064,0.4008767454322496,0.6275341698617345,0.25156385566170064
26322,-0.7675021505990318,1.3281620084147845,-0.1088245470741898,0.8575705907975852,"POLYGON ((955235.230213883 1951765.54807064, 955235.230213883 1951865.54807064, 955335.230213883 1951865.54807064, 955335.230213883 1951765.54807064, 955235.230213883 1951765.54807064))",중구,서울특별시 중구 인현동1가 106-1번지,126.993489463,37.564206123,955267.7076152764,1951770.1011461911,NoData,-0.5914729084059828,-0.5756607086838775,-0.438607331618048,-0.6192313018872458,-0.4263909293847783,-0.3177205490122568,-0.3164864169978011,-0.4329271829445307,0.3060935807266788,1.1721365323991173,5.0,"POLYGON ((955235.230213883 1951765.54807064, 955235.230213883 1951865.54807064, 955335.230213883 1951865.54807064, 955335.230213883 1951765.54807064, 955235.230213883 1951765.54807064))",-0.6404553265368155,-0.1389739513216147,0.0155351586439407,-0.0478377629905836,0.1847961171245209,0.6673718810376453,0.0611548639808904,0.2818245399333074,0.37985766559491224,0.6502887177609371,0.24701715429137833
26323,-0.771591917711272,1.4027392932793477,0.3980642838139264,0.975756174218014,"POLYGON ((955235.230213883 1951865.54807064, 955235.230213883 1951965.54807064, 955335.230213883 1951965.54807064, 955335.230213883 1951865.54807064, 955235.230213883 1951865.54807064))",중구,서울특별시 중구 초동 10-9번지,126.993545925,37.565346713,955273.3760194742,1951896.6170138307,초동빌딩,-0.5223184397095401,-0.5524929591373101,-0.4355971661672663,-0.5294261666820378,-0.3128704852108592,-0.3217073741483358,-0.356308546016284,-0.4876365814703915,-0.1228042120536145,-0.0939515463726857,5.0,"POLYGON ((955235.230213883 1951865.54807064, 955235.230213883 1951965.54807064, 955335.230213883 1951965.54807064, 955335.230213883 1951865.54807064, 955235.230213883 1951865.54807064))",-0.8067657570515316,-0.1746145869907828,0.047121597835024,-0.0818181447528987,0.1919736264392005,0.8055174522563793,0.063159157552395,0.3380960230483025,0.4794475530484579,0.6474161278262357,0.31040207829039634
