grid_idx,pp_pop,pp_od,pp_drr,bs_ebit,geometry_grids,sigungunm,platplc,x,y,x_5179,y_5179,bdnm,bd_platarea,bd_archarea,bd_totarea,bd_totflrcnt,bd_elvtent,bs_gas,bs_elct,bd_height,bd_ilp,bd_vintage,count,geometry,gwr_const,gwr_bs_ebit,gwr_bs_elct,gwr_bd_height,gwr_bd_vintage,gwr_pp_od,gwr_pp_pop,gwr_r2,cbdness,sim,cbdi
12201,-1.9331987576941243,0.5154423420345497,3.0782004450615688,1.9102601192107296,"POLYGON ((948435.230213883 1947565.54807064, 948435.230213883 1947665.54807064, 948535.230213883 1947665.54807064, 948535.230213883 1947565.54807064, 948435.230213883 1947565.54807064))",영등포구,서울특별시 영등포구 여의도동 18-3번지,126.916475568,37.526703832,948440.3733972438,1947648.8542754755,"한국보이스카우트연맹회관, 동성빌딩",0.1333367806055793,0.3320863903111681,0.5880744411423461,0.4189188882159205,0.2177378139771708,0.3506497935812378,0.2923914993790648,0.4769574517835557,1.0125150984026463,0.548561893209426,5,"POLYGON ((948435.230213883 1947565.54807064, 948435.230213883 1947665.54807064, 948535.230213883 1947665.54807064, 948535.230213883 1947565.54807064, 948435.230213883 1947565.54807064))",-1.2172634796592938,0.6752590705513433,0.0845915978817263,0.3115403144224195,-0.0841233994014904,0.9831498312248153,-0.3970653585105475,0.8038934984140899,0.34180464383885584,0.7681859021977487,0.26256950870273166
12202,-2.025693870422076,0.4816613083634072,2.3809521916184666,1.9239324775153772,"POLYGON ((948435.230213883 1947665.54807064, 948435.230213883 1947765.54807064, 948535.230213883 1947765.54807064, 948535.230213883 1947665.54807064, 948435.230213883 1947665.54807064))",영등포구,서울특별시 영등포구 여의도동 17-26번지,126.916523936,37.527537728,948445.2210996316,1947741.3440636925,서여의도 비즈니스호텔,0.924713329633814,1.4895691818891588,1.741917352424165,1.906367872127792,0.1129840141291022,1.2142483263648831,0.686201653750931,0.5372987138690267,1.4373701806825296,-0.9496673064740586,11,"POLYGON ((948435.230213883 1947665.54807064, 948435.230213883 1947765.54807064, 948535.230213883 1947765.54807064, 948535.230213883 1947665.54807064, 948435.230213883 1947665.54807064))",-1.410839882658858,0.6162649333163716,0.0886128668703376,0.3111786159369395,-0.0825016199284752,1.1462619926421531,-0.5243171259403323,0.768630262332809,0.28574505191645294,0.7139107881730762,0.20399647523023148
12249,-2.0134016930883902,0.6066331871021445,2.6120728804467683,2.158810627911032,"POLYGON ((948535.230213883 1947565.54807064, 948535.230213883 1947665.54807064, 948635.230213883 1947665.54807064, 948635.230213883 1947565.54807064, 948535.230213883 1947565.54807064))",영등포구,서울특별시 영등포구 여의도동 17-9번지,126.918106725,37.526537134,948584.3876524366,1947629.4671218856,더하우스 소호 여의도 오피스텔,0.1331249560474882,0.3322777077296475,0.6776001027861347,-0.1853572614982772,0.9510144129136512,0.1856401645139875,0.1960615460019819,0.5727372328716047,3.2114097272989346,-1.4490770397018868,3,"POLYGON ((948535.230213883 1947565.54807064, 948535.230213883 1947665.54807064, 948635.230213883 1947665.54807064, 948635.230213883 1947565.54807064, 948535.230213883 1947565.54807064))",-0.9742171501542636,0.5262360375221145,0.0690888168873331,0.2801163209278747,-0.015933875992852,1.0814010550429165,-0.4545174261748761,0.7815755273859665,0.3439095354844341,0.7460663433681831,0.25657932958832214
12250,-2.2910767899955635,0.5644214687337018,2.5465662034062837,2.175865766327964,"POLYGON ((948535.230213883 1947665.54807064, 948535.230213883 1947765.54807064, 948635.230213883 1947765.54807064, 948635.230213883 1947665.54807064, 948535.230213883 1947665.54807064))",영등포구,서울특별시 영등포구 여의도동 17-13번지,126.917843125,37.526870069,948561.324581176,1947666.548601224,"이룸센터, 아시아원빌딩",0.6190504923084011,0.7895883867875474,1.1533706200033729,0.3724361074686745,0.1129840141291022,-0.2006886723949038,0.9485378969559344,0.4867269894545368,2.792161869455233,0.6983848131777746,3,"POLYGON ((948535.230213883 1947665.54807064, 948535.230213883 1947765.54807064, 948635.230213883 1947765.54807064, 948635.230213883 1947665.54807064, 948535.230213883 1947665.54807064))",-1.129917209940378,0.5493889129075736,0.0763764079713268,0.2551579486241443,-0.0235363262900371,1.1542577136519545,-0.4904298823064338,0.7662788539477078,0.40260084996630296,0.8142640763910549,0.3278234092520654
12252,-2.5483053315920565,-0.1275585942647219,1.0321639403607774,2.1157850966788585,"POLYGON ((948535.230213883 1947865.54807064, 948535.230213883 1947965.54807064, 948635.230213883 1947965.54807064, 948635.230213883 1947865.54807064, 948535.230213883 1947865.54807064))",영등포구,서울특별시 영등포구 여의도동 15-21번지,126.918138306,37.529126547,948588.955371247,1947916.731394705,현대카드빌딩 1관,0.45043814406791,0.5439057970139437,0.9497925694471152,-0.2783228229927692,0.5319992135213767,-0.2406318535636474,0.9656496313534444,0.4807886430270777,3.3960168087362845,1.0479716264372545,7,"POLYGON ((948535.230213883 1947865.54807064, 948535.230213883 1947965.54807064, 948635.230213883 1947965.54807064, 948635.230213883 1947865.54807064, 948535.230213883 1947865.54807064))",-1.406041573832397,0.6630504027785888,0.0901230939996242,0.1971750328068781,-0.0320654867023025,1.2483000900102892,-0.4854361326051798,0.7292400793915464,0.18528919281030276,0.7785203573481152,0.14425140859942073
12295,-2.2194495080100065,0.4309428366702881,2.092596226241115,2.3760190564636976,"POLYGON ((948635.230213883 1947465.54807064, 948635.230213883 1947565.54807064, 948735.230213883 1947565.54807064, 948735.230213883 1947465.54807064, 948635.230213883 1947465.54807064))",영등포구,서울특별시 영등포구 여의도동 17번지,126.9192353,37.525527253,948683.416715985,1947516.809936224,여의도더샵아일랜드파크,2.145034608796464,3.236305485790424,3.2794288583212325,-0.2783228229927692,2.627075210482749,2.374685485321332,1.4432430060585593,0.5689060416280828,2.0106010480429,-0.3503756266006647,4,"POLYGON ((948635.230213883 1947465.54807064, 948635.230213883 1947565.54807064, 948735.230213883 1947565.54807064, 948735.230213883 1947465.54807064, 948635.230213883 1947465.54807064))",-0.4613146134033605,0.4445141327179888,0.0494107085892565,0.2625709958187079,0.0647582346939545,1.0418362594832633,-0.3529374147106511,0.7792995977504293,0.3732373101048564,0.6110125222320829,0.22805267023828638
12297,-2.346923618995445,0.2356084055567776,1.0493008713906475,2.453871997265009,"POLYGON ((948635.230213883 1947665.54807064, 948635.230213883 1947765.54807064, 948735.230213883 1947765.54807064, 948735.230213883 1947665.54807064, 948635.230213883 1947665.54807064))",영등포구,서울특별시 영등포구 여의도동 15-24번지,126.919664722,37.527516056,948722.72231746,1947737.2227431736,익스콘벤처타워,0.1388442191159471,0.059029897471911,0.5427629989646068,-0.1853572614982772,0.5319992135213767,0.475002702542499,0.636133293039326,0.4692950692965119,2.67311618142554,0.1490341066271635,4,"POLYGON ((948635.230213883 1947665.54807064, 948635.230213883 1947765.54807064, 948735.230213883 1947765.54807064, 948735.230213883 1947665.54807064, 948635.230213883 1947665.54807064))",-0.7498053588465301,0.5178803063254993,0.0660827634583502,0.2164781228955498,0.0215624664898058,1.1281186764999986,-0.3902922890868637,0.7508758981743833,0.31503865285196897,0.8084870047985651,0.2547046568400633
12298,-2.4192268928819725,0.0815862829545093,1.5528932947789098,2.4363814274930764,"POLYGON ((948635.230213883 1947765.54807064, 948635.230213883 1947865.54807064, 948735.230213883 1947865.54807064, 948735.230213883 1947765.54807064, 948635.230213883 1947765.54807064))",영등포구,서울특별시 영등포구 여의도동 15-22번지,126.919078912,37.528153592,948671.3977025654,1947808.2734857933,"국민은행여의도전산센터, 여의도 프리베로 오피스텔",1.4203827955669162,0.4960402472068501,0.3128182860908944,0.1865049844796906,0.0082302142810335,0.0320685860383767,8.065087939581852,0.5242726636410522,2.187444280260922,1.1977945464056028,3,"POLYGON ((948635.230213883 1947765.54807064, 948635.230213883 1947865.54807064, 948735.230213883 1947865.54807064, 948735.230213883 1947765.54807064, 948635.230213883 1947765.54807064))",-0.8748479960857956,0.5692850377099063,0.0729753241667399,0.192909128855224,0.0063226846367139,1.1546514225840885,-0.3866973905352271,0.7353539405785252,0.41632871387360126,0.5824448066924632,0.24248849727263153
12299,-2.489962006579821,-0.1563016935389071,1.2607910288822122,2.378384429552547,"POLYGON ((948635.230213883 1947865.54807064, 948635.230213883 1947965.54807064, 948735.230213883 1947965.54807064, 948735.230213883 1947865.54807064, 948635.230213883 1947865.54807064))",영등포구,서울특별시 영등포구 여의도동 15-4번지,126.919125998,37.528874494,948676.052083164,1947888.2280206804,"현대카드빌딩 2관, 삼보호정빌딩",0.8039733315219046,1.156080170219241,1.4094435336226034,1.1161605994246102,0.1828198806944812,0.9737771334748956,1.2374060653217742,0.4782345155313965,1.342334915238535,1.2144415375131972,3,"POLYGON ((948635.230213883 1947865.54807064, 948635.230213883 1947965.54807064, 948735.230213883 1947965.54807064, 948735.230213883 1947865.54807064, 948635.230213883 1947865.54807064))",-1.0522417235975188,0.6509733423186163,0.0810120135399503,0.1668619689306575,0.0019005399299141,1.1731710480559432,-0.3686508467939214,0.743058770961368,0.22487922346401656,0.7970578308553984,0.17924174605867546
12300,-2.7775988538981213,-0.3044735246622748,1.774049697199933,2.287417462556498,"POLYGON ((948635.230213883 1947965.54807064, 948635.230213883 1948065.54807064, 948735.230213883 1948065.54807064, 948735.230213883 1947965.54807064, 948635.230213883 1947965.54807064))",영등포구,서울특별시 영등포구 여의도동 14-23번지,126.919670602,37.529585668,948724.6586109006,1947966.831941417,"여의도M호텔, 엘지여의도에클라트, B&B타워",0.5408872303727966,0.9064367928090128,1.294870422502027,0.6978155726993964,0.3224916138252394,0.8549225455736095,0.5955662509346533,0.4335372843569735,1.6833691809467866,-0.5168455376766075,3,"POLYGON ((948635.230213883 1947965.54807064, 948635.230213883 1948065.54807064, 948735.230213883 1948065.54807064, 948735.230213883 1947965.54807064, 948635.230213883 1947965.54807064))",-1.1179989712928482,0.6985534723257033,0.0859662471538345,0.1419080937387749,-0.008922141907441,1.193139467903382,-0.3494010143746403,0.7131261537731685,0.11824024559403928,0.7976062215870399,0.09430915552778531
12334,-1.38659034075113,0.4569534853798364,1.1452951726767124,2.0976572268717204,"POLYGON ((948735.230213883 1947065.54807064, 948735.230213883 1947165.54807064, 948835.230213883 1947165.54807064, 948835.230213883 1947065.54807064, 948735.230213883 1947065.54807064))",영등포구,서울특별시 영등포구 여의도동 28-1번지,126.920045279,37.521693217,948752.3648159652,1947091.0028736296,전경련회관,2.123428503871175,0.980057803736246,5.593351390611966,1.58098840689707,5.769689205924808,0.0187727628984135,4.13742380497327,8.352737291091655,3.677240680458603,-1.0495492531196242,5,"POLYGON ((948735.230213883 1947065.54807064, 948735.230213883 1947165.54807064, 948835.230213883 1947165.54807064, 948835.230213883 1947065.54807064, 948735.230213883 1947065.54807064))",-0.1600080854776285,0.4317945026697021,-0.0408560434703684,0.3463891019677295,0.1838396168464554,0.8082500632241378,-0.3191520704407654,0.8787308818578491,0.8850014958613008,0.5039896780256665,0.4460316189513702
12341,-2.7896294914153894,0.0122719375791037,0.9077869978738986,2.736859963497084,"POLYGON ((948735.230213883 1947765.54807064, 948735.230213883 1947865.54807064, 948835.230213883 1947865.54807064, 948835.230213883 1947765.54807064, 948735.230213883 1947765.54807064))",영등포구,서울특별시 영등포구 여의도동 15-15번지,126.920279838,37.527945158,948777.3666603816,1947784.4941404024,"일신빌딩, 호텔 더 디자이너스 여의도, 나이스1사옥",0.8056679279866332,1.034324730950835,1.535016199481353,1.2091261609191022,0.3923274803906184,0.6286814189966752,0.6489171690106238,0.506968449857811,1.216388027902773,-0.0174358044487797,5,"POLYGON ((948735.230213883 1947765.54807064, 948735.230213883 1947865.54807064, 948835.230213883 1947865.54807064, 948835.230213883 1947765.54807064, 948735.230213883 1947765.54807064))",-0.4415603393501492,0.5604785878275949,0.0641351686127549,0.1732286781257724,0.0363195941731515,1.0732917959675972,-0.2384474205439309,0.7389934955902594,0.26763691532055905,0.7919243191668048,0.21194818194913753
12342,-2.858562133016488,-0.2224187130797631,0.6029023701771277,2.6623530698061018,"POLYGON ((948735.230213883 1947865.54807064, 948735.230213883 1947965.54807064, 948835.230213883 1947965.54807064, 948835.230213883 1947865.54807064, 948735.230213883 1947865.54807064))",영등포구,서울특별시 영등포구 여의도동 14-34번지,126.920127591,37.528763825,948764.4743450092,1947875.4037943976,"해운빌딩, 대하빌딩",0.5010642134516756,0.6337163981373541,0.9103430892080842,0.3259533267214285,0.2177378139771708,0.592539493307431,0.6351628792177312,0.5037757904882095,0.9659320030866796,1.1977945464056028,5,"POLYGON ((948735.230213883 1947865.54807064, 948735.230213883 1947965.54807064, 948835.230213883 1947965.54807064, 948835.230213883 1947865.54807064, 948735.230213883 1947865.54807064))",-0.5185821166056042,0.610961497439177,0.069793623880537,0.1533601412189121,0.0223952141327826,1.0798116955265136,-0.216190402950273,0.7260301135980226,0.2248139263163041,0.7851972376540558,0.17652327392972442
12343,-3.024162338999575,-0.357057433019547,1.0877056728564545,2.5472015385513034,"POLYGON ((948735.230213883 1947965.54807064, 948735.230213883 1948065.54807064, 948835.230213883 1948065.54807064, 948835.230213883 1947965.54807064, 948735.230213883 1947965.54807064))",영등포구,서울특별시 영등포구 여의도동 14-5번지,126.920192589,37.530055459,948771.1007994058,1948018.6683034587,"여의도아크로폴리스, 아이비피아빌딩, 벤허호텔, 굿 피플 빌딩, 코보스호텔",0.4125215481696086,0.7075804338934666,0.8772115303969585,2.185264556611268,0.1129840141291022,0.8854804398200262,0.4232600720205597,0.3712931972872201,0.9202115576839714,0.208963274614503,5,"POLYGON ((948735.230213883 1947965.54807064, 948735.230213883 1948065.54807064, 948835.230213883 1948065.54807064, 948835.230213883 1947965.54807064, 948735.230213883 1947965.54807064))",-0.7661780577706597,0.6809700686683986,0.0774707006993954,0.1352289752670515,0.0170570738801071,1.110811026732967,-0.23475203486392,0.735723285444691,0.13797545225323604,0.7316033155491031,0.10094329833285445
12344,-3.2044727640826194,-0.6057287493082418,1.2837118092586342,2.4074699195772364,"POLYGON ((948735.230213883 1948065.54807064, 948735.230213883 1948165.54807064, 948835.230213883 1948165.54807064, 948835.230213883 1948065.54807064, 948735.230213883 1948065.54807064))",영등포구,서울특별시 영등포구 여의도동 13-16번지,126.920306924,37.530510683,948781.5142533282,1948069.1107177087,"여의도 플렉시움 오피스텔, KCTOWER",-0.0236252169399029,0.055436232449125,0.0660655887299189,0.2794705459741826,0.2177378139771708,0.1549194205401514,0.0246664951776172,0.4568436977550654,0.9633440533469038,0.9480896797916888,2,"POLYGON ((948735.230213883 1948065.54807064, 948735.230213883 1948165.54807064, 948835.230213883 1948165.54807064, 948835.230213883 1948065.54807064, 948735.230213883 1948065.54807064))",-0.8568541676589272,0.7288600793560509,0.0823709921446903,0.1161565660211067,0.0092864686948343,1.122449193101263,-0.2209758358851909,0.725336212892627,0.09108944340572211,0.6600229706764684,0.06012112503391076
12375,-1.8452466122255815,0.7213883117310944,1.6950598729933717,2.4839492748861347,"POLYGON ((948835.230213883 1947165.54807064, 948835.230213883 1947265.54807064, 948935.230213883 1947265.54807064, 948935.230213883 1947165.54807064, 948835.230213883 1947165.54807064))",영등포구,서울특별시 영등포구 여의도동 27-3번지,126.921853435,37.522682885,948912.8185643303,1947199.8175924127,하나증권빌딩,1.1541193260464422,0.9401707073538416,2.1709205877471573,0.2794705459741826,1.7890448116982,0.7697928505651326,1.7005181199432198,3.183694065331822,3.4822818000621494,0.848207733146123,3,"POLYGON ((948835.230213883 1947165.54807064, 948835.230213883 1947265.54807064, 948935.230213883 1947265.54807064, 948935.230213883 1947165.54807064, 948835.230213883 1947165.54807064))",0.2305105736871055,0.2822290902684404,-0.0001875348105668,0.2893512588150522,0.2092944955276335,1.0132733660518742,-0.2685818845465572,0.8134714971137075,0.7473454234387035,0.7974757188181403,0.5959898287622275
12381,-2.806016391032492,-0.0567031669090383,1.5850563690321404,3.0517134210368115,"POLYGON ((948835.230213883 1947765.54807064, 948835.230213883 1947865.54807064, 948935.230213883 1947865.54807064, 948935.230213883 1947765.54807064, 948835.230213883 1947765.54807064))",영등포구,서울특별시 영등포구 여의도동 16번지,126.921994075,37.527848465,948928.7677989472,1947772.8343700224,NoData,1.501511601315796,0.957994251718652,0.9044721428459436,-0.5107367267289992,0.9510144129136512,-0.1839044366728519,1.4029224677863816,0.4807886430270777,2.0106010480429,0.7483257865005574,3,"POLYGON ((948835.230213883 1947765.54807064, 948835.230213883 1947865.54807064, 948935.230213883 1947865.54807064, 948935.230213883 1947765.54807064, 948835.230213883 1947765.54807064))",0.0401044814276778,0.5420259519423687,0.0563709678584551,0.1634129180528883,0.0555373823181853,0.9769316458743208,-0.0803269439670272,0.7383455533979248,0.33464776915070626,0.7880315943853602,0.263713015081335
12382,-2.872788044167337,-0.2988500855188533,1.3439291291172857,2.9600071558119323,"POLYGON ((948835.230213883 1947865.54807064, 948835.230213883 1947965.54807064, 948935.230213883 1947965.54807064, 948935.230213883 1947865.54807064, 948835.230213883 1947865.54807064))",영등포구,서울특별시 영등포구 여의도동 14-14번지,126.921000011,37.52888798,948841.6438461998,1947888.703234086,"용산빌딩, 민족통일 대통령 리빙텔",-0.1020003034335986,-0.0131019400358081,0.132892104571581,0.4654016689631665,0.1129840141291022,0.0709532439788945,0.0957095237630481,0.4673794736747507,0.9435031053419548,-0.2005527066323162,3,"POLYGON ((948835.230213883 1947865.54807064, 948835.230213883 1947965.54807064, 948935.230213883 1947965.54807064, 948935.230213883 1947865.54807064, 948835.230213883 1947865.54807064))",-0.05870367558711,0.5881772991221214,0.0616731585925566,0.147889270822705,0.0423667077419891,0.9849689129651396,-0.0691661195342046,0.7321098826233127,0.19808936210016342,0.6857762209940405,0.13584497416017016
12383,-3.1688741855838094,-0.4282942159703076,0.8540464602886964,2.821059853261213,"POLYGON ((948835.230213883 1947965.54807064, 948835.230213883 1948065.54807064, 948935.230213883 1948065.54807064, 948935.230213883 1947965.54807064, 948835.230213883 1947965.54807064))",영등포구,서울특별시 영등포구 여의도동 13-22번지,126.92123543,37.529583518,948862.9196573744,1947965.7414397355,"KCC파크타운, 맨하탄21리빙텔, 국민의힘, 동우국제빌딩",1.6442813534691765,2.0985304566122127,2.228624544646079,2.74305792557822,0.196787054007557,2.0938575586653383,2.126670201198782,0.6137309791772898,1.3246218370196243,0.9281132904625756,3,"POLYGON ((948835.230213883 1947965.54807064, 948835.230213883 1948065.54807064, 948935.230213883 1948065.54807064, 948935.230213883 1947965.54807064, 948835.230213883 1947965.54807064))",-0.1821105352020516,0.6375838894887882,0.067079702029801,0.1321673764318091,0.0323243252327731,0.997171866585222,-0.0636876389832959,0.7267115265323465,0.19677821516278582,0.6080115181518075,0.11964342134032845
12384,-3.209015690165427,-0.671391028992417,0.9872771530278164,2.6525733204180737,"POLYGON ((948835.230213883 1948065.54807064, 948835.230213883 1948165.54807064, 948935.230213883 1948165.54807064, 948935.230213883 1948065.54807064, 948835.230213883 1948065.54807064))",영등포구,서울특별시 영등포구 여의도동 13-1번지,126.92155559,37.530658073,948891.9410495292,1948084.783574554,"기독교한국침례회총회빌딩, 여의도파라곤",0.8609541376484022,1.392951817260719,2.6372357480036777,0.7442983534466424,0.741506813217514,1.032900155566413,1.2674826531878567,0.7669786289181683,1.8734397118347752,-0.6500214665373617,3,"POLYGON ((948835.230213883 1948065.54807064, 948835.230213883 1948165.54807064, 948935.230213883 1948165.54807064, 948935.230213883 1948065.54807064, 948835.230213883 1948065.54807064))",-0.4184650167943346,0.6949577749598466,0.0735827640100178,0.1174030753128619,0.0262893042822805,1.0299753534931588,-0.0914055916781615,0.7300854436458384,0.09327106942183894,0.7698493046240825,0.07180466793594723
12411,-1.6828680286015338,1.540850140961256,0.8179357513978126,2.4770996287821903,"POLYGON ((948935.230213883 1947065.54807064, 948935.230213883 1947165.54807064, 949035.230213883 1947165.54807064, 949035.230213883 1947065.54807064, 948935.230213883 1947065.54807064))",영등포구,서울특별시 영등포구 여의도동 27-1번지,126.922278542,37.522111722,948949.993757404,1947136.2193891653,한국투자증권빌딩,0.9511905520969652,0.9811746838008816,1.8709988212147977,0.1400222037324446,1.3700296123059257,-0.025691640965789,4.401925537542218,2.1101942788969685,3.4822818000621494,0.9480896797916888,7,"POLYGON ((948935.230213883 1947065.54807064, 948935.230213883 1947165.54807064, 949035.230213883 1947165.54807064, 949035.230213883 1947065.54807064, 948935.230213883 1947065.54807064))",0.3346830657868219,0.2278491767941576,-0.0111157925898455,0.3007017479579749,0.2430391543217767,1.025317229043472,-0.2943802019628022,0.8314786405116721,0.9092959364757514,0.7121763046377734,0.6475790198614442
12413,-1.987401656203063,0.730135795910461,0.7147237349953799,2.923799734576996,"POLYGON ((948935.230213883 1947265.54807064, 948935.230213883 1947365.54807064, 949035.230213883 1947365.54807064, 949035.230213883 1947265.54807064, 948935.230213883 1947265.54807064))",영등포구,서울특별시 영등포구 여의도동 23-5번지,126.922872797,37.524079207,949003.8444367223,1947354.1787809185,한화손해보험빌딩,0.3358410581406416,0.3104054731305326,1.7896224059752333,0.5583672304576585,1.7890448116982,-0.0723952285820079,1.5267017150173838,4.09360198566829,3.784209269702676,0.7483257865005574,7,"POLYGON ((948935.230213883 1947265.54807064, 948935.230213883 1947365.54807064, 949035.230213883 1947365.54807064, 949035.230213883 1947265.54807064, 948935.230213883 1947265.54807064))",0.4446188439252794,0.3292866177080707,0.018678428139899,0.2392143709186808,0.1755883734001463,0.9724677074277692,-0.1496190520417885,0.7744846461441331,0.846141575790271,0.787592040382437,0.66641437012907
12418,-2.821855727998637,-0.1321653523867127,0.9876997439340388,3.388217115307075,"POLYGON ((948935.230213883 1947765.54807064, 948935.230213883 1947865.54807064, 949035.230213883 1947865.54807064, 949035.230213883 1947765.54807064, 948935.230213883 1947765.54807064))",영등포구,서울특별시 영등포구 여의도동 16-2번지,126.922626782,37.528191347,948984.906301356,1947810.531921457,중소기업중앙회,1.4413534268179322,1.7507981216735662,1.524450143173796,-0.4177711652345071,1.3700296123059257,0.8497134970557608,1.5285395727052271,0.5191005554622973,2.0106010480429,1.5473813596650825,7,"POLYGON ((948935.230213883 1947765.54807064, 948935.230213883 1947865.54807064, 949035.230213883 1947865.54807064, 949035.230213883 1947765.54807064, 948935.230213883 1947765.54807064))",0.3943804019668178,0.5270406344571167,0.0515333610876621,0.1596295124275363,0.0702683891592901,0.8994317852920125,0.0364644656219926,0.7419093195306592,0.4050219456797336,0.7746468957315218,0.3137489929239467
12445,-1.635551707424382,1.56224537457522,1.7273278096068985,2.915349531949684,"POLYGON ((949035.230213883 1947165.54807064, 949035.230213883 1947265.54807064, 949135.230213883 1947265.54807064, 949135.230213883 1947165.54807064, 949035.230213883 1947165.54807064))",영등포구,서울특별시 영등포구 여의도동 26번지,126.924285592,37.522945155,949127.9129796028,1947227.596891001,S-TRENUE,0.1714652010619718,0.3834783855075281,1.050565980526399,0.9767122571828724,0.5319992135213767,0.5888646606426386,1.2373498998915855,4.854093447507399,3.4822818000621494,-0.6500214665373617,7,"POLYGON ((949035.230213883 1947165.54807064, 949035.230213883 1947265.54807064, 949135.230213883 1947265.54807064, 949135.230213883 1947165.54807064, 949035.230213883 1947165.54807064))",0.5436351030899537,0.277530615880815,0.0076764662413323,0.2536952938091256,0.2035578185199316,0.974859182395036,-0.1736349336529903,0.7795643979349243,0.9641246918686454,0.7155403561681373,0.6898701254101861
12446,-2.0829431011866344,1.1748603033021705,1.444573868743289,3.176719036822679,"POLYGON ((949035.230213883 1947265.54807064, 949035.230213883 1947365.54807064, 949135.230213883 1947365.54807064, 949135.230213883 1947265.54807064, 949035.230213883 1947265.54807064))",영등포구,서울특별시 영등포구 여의도동 23-8번지,126.924126382,37.523880213,949114.479617942,1947331.4225891707,"여의도파이낸스타워, 유화증권빌딩, 오투타워",1.5688718107887558,1.77295991777092,4.336575426237754,2.8825062678199576,1.3700296123059257,3.582124075474412,3.348131014530583,2.9637836879536623,3.3448329138829376,0.7150318042853689,8,"POLYGON ((949035.230213883 1947265.54807064, 949035.230213883 1947365.54807064, 949135.230213883 1947365.54807064, 949135.230213883 1947265.54807064, 949035.230213883 1947265.54807064))",0.5758385669920701,0.3352030407669429,0.0194473405491809,0.228581521900707,0.1693622299866147,0.9419402664932256,-0.1006448054003207,0.7680605780162358,0.9167880014974132,0.5464734518768839,0.5010003038176012
12447,-2.3043392317369564,0.4809871938755372,-0.7758487422243505,3.423002195824256,"POLYGON ((949035.230213883 1947365.54807064, 949035.230213883 1947465.54807064, 949135.230213883 1947465.54807064, 949135.230213883 1947365.54807064, 949035.230213883 1947365.54807064))",영등포구,서울특별시 영등포구 여의도동 23-3번지,126.923718282,37.524540329,949078.8673271488,1947404.8797167065,"하이투자증권, 신한투자증권타워",1.3451850774445866,1.3769375151857972,4.022501695395356,1.906367872127792,2.103306211242406,-0.0309456874346351,3.941369009994361,3.317211080168563,3.36064816229268,0.7982667598233402,8,"POLYGON ((949035.230213883 1947365.54807064, 949035.230213883 1947465.54807064, 949135.230213883 1947465.54807064, 949135.230213883 1947365.54807064, 949035.230213883 1947365.54807064))",0.7097087451290343,0.3717952142699147,0.0268763449490356,0.2069056443363515,0.1401382088250243,0.8967707370167942,-0.0126675895811555,0.7501558464407225,0.8299795668975706,0.5803710158011861,0.48169608433457156
12453,-3.178404330590797,-0.602827655742489,1.8178954504308968,3.3879227942301244,"POLYGON ((949035.230213883 1947965.54807064, 949035.230213883 1948065.54807064, 949135.230213883 1948065.54807064, 949135.230213883 1947965.54807064, 949035.230213883 1947965.54807064))",영등포구,서울특별시 영등포구 여의도동 11-17번지,126.923667668,37.530100196,949078.1746166212,1948021.7444427167,여의도순복음교회,0.425866495329346,-0.1890415746621633,-0.2139145012921283,-0.5107367267289992,0.1129840141291022,-0.2832599124752394,0.3301377887675907,0.2681575290116089,1.7966638695547557,-1.5489589863474524,8,"POLYGON ((949035.230213883 1947965.54807064, 949035.230213883 1948065.54807064, 949135.230213883 1948065.54807064, 949135.230213883 1947965.54807064, 949035.230213883 1947965.54807064))",0.5315885297680139,0.5824657497149823,0.0558372577841578,0.1371904850788266,0.0588736969723242,0.8434254057781112,0.1481998063955634,0.7394271576151575,0.13180521639054754,0.598984427133651,0.07894927203291902
12454,-3.217645695887688,-0.7261297496823054,1.787202983060826,3.1459193146852136,"POLYGON ((949035.230213883 1948065.54807064, 949035.230213883 1948165.54807064, 949135.230213883 1948165.54807064, 949135.230213883 1948065.54807064, 949035.230213883 1948065.54807064))",영등포구,서울특별시 영등포구 여의도동 11-15번지,126.924136285,37.530564397,949119.8949545376,1948072.9914493973,여의도순복음교회,0.2504757612299406,0.4701710297838308,0.7649608927336752,-0.2318400422455232,0.9510144129136512,0.3900508565784407,0.174802930675535,0.4769574517835557,1.0392572457136646,0.7483257865005574,8,"POLYGON ((949035.230213883 1948065.54807064, 949035.230213883 1948165.54807064, 949135.230213883 1948165.54807064, 949135.230213883 1948065.54807064, 949035.230213883 1948065.54807064))",0.3206607729827355,0.6334664969105134,0.061277974490154,0.1261375420144352,0.0533034567975295,0.8712112117466833,0.1245152461994216,0.7427383677272203,0.1375248980477597,0.7362835130644876,0.10125731506843999
12474,-1.7109025864525111,1.5169643181946837,1.7075304148257826,3.1039911135044687,"POLYGON ((949135.230213883 1947165.54807064, 949135.230213883 1947265.54807064, 949235.230213883 1947265.54807064, 949235.230213883 1947165.54807064, 949135.230213883 1947165.54807064))",영등포구,서울특별시 영등포구 여의도동 26-4번지,126.924585875,37.522516001,949154.1559932168,1947179.822247453,교보증권빌딩,0.4904729855471221,0.4592555954484332,1.0881949919674268,0.0470566422379526,1.3700296123059257,-0.1872342850466637,1.591204591287501,1.9672908455135991,5.466376600557035,1.946909146247345,8,"POLYGON ((949135.230213883 1947165.54807064, 949135.230213883 1947265.54807064, 949235.230213883 1947265.54807064, 949235.230213883 1947165.54807064, 949135.230213883 1947165.54807064))",0.6598829440869499,0.2839475607947134,0.0105407989666809,0.2430689787413323,0.1927958131324676,0.9399546685125344,-0.1318318670961009,0.7716257549785804,0.9419217600055629,0.7351206143064123,0.6924261028438665
12475,-1.9059626120309727,1.1444329293947506,2.456461603548522,3.4090844692183797,"POLYGON ((949135.230213883 1947265.54807064, 949135.230213883 1947365.54807064, 949235.230213883 1947365.54807064, 949235.230213883 1947265.54807064, 949135.230213883 1947265.54807064))",영등포구,서울특별시 영등포구 여의도동 25-11번지,126.925444605,37.523491797,949230.6986464388,1947287.6176513208,"(주)유수홀딩스, 현대차증권빌딩",0.2233622177942837,0.1361153048959309,1.1147282404693584,0.2794705459741826,0.5319992135213767,-0.1849843874967909,0.9827020800190882,1.265799728824728,3.034566495080912,-0.2005527066323162,8,"POLYGON ((949135.230213883 1947265.54807064, 949135.230213883 1947365.54807064, 949235.230213883 1947365.54807064, 949235.230213883 1947265.54807064, 949135.230213883 1947265.54807064))",0.7442984417066073,0.3317787306335295,0.0189278199403963,0.2203240900883014,0.1609063148107359,0.9045600085996486,-0.0470816662682793,0.7547977222356804,0.83880057625437,0.8077705213023704,0.6775583787497211
12476,-2.3184811773623317,0.7879012753275555,1.4786676971128412,3.71293097673274,"POLYGON ((949135.230213883 1947365.54807064, 949135.230213883 1947465.54807064, 949235.230213883 1947465.54807064, 949235.230213883 1947365.54807064, 949135.230213883 1947365.54807064))",영등포구,서울특별시 영등포구 여의도동 23-10번지,126.924832138,37.524305253,949177.130733087,1947378.196903092,BNK금융타워,0.2233622177942837,0.2004393234332806,1.0678808362356436,0.1865049844796906,1.1605220126097884,-0.1672380527272219,1.3535187313320105,2.396384264788059,3.3770385106445944,0.7483257865005574,8,"POLYGON ((949135.230213883 1947365.54807064, 949135.230213883 1947465.54807064, 949235.230213883 1947465.54807064, 949235.230213883 1947365.54807064, 949135.230213883 1947365.54807064))",0.7215613194889062,0.3754677402495947,0.0275251125633431,0.2052125394681928,0.139487294679464,0.8885314955038812,-0.0070839573305923,0.755981943287837,0.859659283729981,0.8126222602614287,0.698578270199378
12481,-3.141609774444964,-1.0109680725421275,0.7861630131047211,3.928103693532023,"POLYGON ((949135.230213883 1947865.54807064, 949135.230213883 1947965.54807064, 949235.230213883 1947965.54807064, 949235.230213883 1947865.54807064, 949135.230213883 1947865.54807064))",영등포구,서울특별시 영등포구 여의도동 12번지,126.924935737,37.529281938,949189.6607279148,1947930.2772717464,C.C.M.M빌딩,1.211523781289122,1.6274035574954864,2.912247826218547,-0.1388744807510312,1.9985524113943371,3.819567549090142,2.051595742846469,0.955856357223801,2.153800933643835,0.4486799465638604,8,"POLYGON ((949135.230213883 1947865.54807064, 949135.230213883 1947965.54807064, 949235.230213883 1947965.54807064, 949235.230213883 1947865.54807064, 949135.230213883 1947865.54807064))",0.9639413322564376,0.5083833862780957,0.0469818971155356,0.1497637953930962,0.0687012387198769,0.7700719334298953,0.2302278454676189,0.7350208542475506,0.20889930789498018,0.6164144290354174,0.1287685476019781
12482,-3.182488452215825,-1.1485072069580349,1.123234986902946,3.667669811339636,"POLYGON ((949135.230213883 1947965.54807064, 949135.230213883 1948065.54807064, 949235.230213883 1948065.54807064, 949235.230213883 1947965.54807064, 949135.230213883 1947965.54807064))",영등포구,서울특별시 영등포구 여의도동 12-3번지,126.924492199,37.529794825,949150.81935618,1947987.4190514665,(주)신한 여의도 드림리버 오피스텔,0.0157741508650359,0.1618759367571108,0.6565907772912645,0.0470566422379526,0.741506813217514,-0.2449045161488346,0.1276052475069112,0.95394076160204,1.2997775195177756,-1.648840932993018,1,"POLYGON ((949135.230213883 1947965.54807064, 949135.230213883 1948065.54807064, 949235.230213883 1948065.54807064, 949235.230213883 1947965.54807064, 949135.230213883 1947965.54807064))",0.7928049135897481,0.5569177493585679,0.0521414044335604,0.1406691191751348,0.0646197359775715,0.7867715137453845,0.2203907802242042,0.7398973965347242,0.08773244451261542,0.6287835146217498,0.055164714806999963
12483,-3.0689755447160234,-1.2734152389237847,1.0408168782669347,3.3773422327949607,"POLYGON ((949135.230213883 1948065.54807064, 949135.230213883 1948165.54807064, 949235.230213883 1948165.54807064, 949235.230213883 1948065.54807064, 949135.230213883 1948065.54807064))",영등포구,서울특별시 영등포구 여의도동 11-13번지,126.924414458,37.530712186,949144.5733302546,1948089.237398544,한국가정법률상담소,-0.2744254937197289,-0.267502399202818,-0.1903681992305155,-0.3712883844872611,0.1129840141291022,-0.0900708522857238,-0.221484743227991,0.2968914633380236,0.5095901989728561,-0.4502575732462304,2,"POLYGON ((949135.230213883 1948065.54807064, 949135.230213883 1948165.54807064, 949235.230213883 1948165.54807064, 949235.230213883 1948065.54807064, 949135.230213883 1948065.54807064))",0.7396237329063141,0.5863070475688914,0.0551004540692886,0.1311788899899319,0.0576027490241434,0.7900018000379107,0.2316330792836234,0.7385762789874994,0.053829918650561366,0.5640956988601338,0.030365225580772565
12500,-1.4902426848013834,1.436645357579284,3.957469794158873,2.919652559207542,"POLYGON ((949235.230213883 1947065.54807064, 949235.230213883 1947165.54807064, 949335.230213883 1947165.54807064, 949335.230213883 1947065.54807064, 949235.230213883 1947065.54807064))",영등포구,서울특별시 영등포구 여의도동 35-3번지,126.925653919,37.5218076,949248.0535034924,1947100.6522685173,"한국교직원공제회관, 여의도우체국",2.082334539601508,2.4942524391429126,5.26370578220622,2.185264556611268,2.836582810178886,-0.1098099534566088,4.207365367066665,4.248477891687664,4.124093335526582,-1.648840932993018,2,"POLYGON ((949235.230213883 1947065.54807064, 949235.230213883 1947165.54807064, 949335.230213883 1947165.54807064, 949335.230213883 1947065.54807064, 949235.230213883 1947065.54807064))",0.6644334566008901,0.2355121310174029,0.0082990616770104,0.2570112984926175,0.2099989865942979,0.934230320820562,-0.201317564304131,0.8021552425174628,0.9481230007123047,0.5088546992083233,0.4824568443399527
12501,-1.7027085346563555,1.2609355311837642,3.232287429199594,3.250048443888226,"POLYGON ((949235.230213883 1947165.54807064, 949235.230213883 1947265.54807064, 949335.230213883 1947265.54807064, 949335.230213883 1947165.54807064, 949235.230213883 1947165.54807064))",영등포구,서울특별시 영등포구 여의도동 25-12번지,126.925614651,37.523046812,949245.4230560767,1947238.1572328948,신송센타빌딩,0.0233998349563144,0.0449447988790058,0.8230047603191246,0.2329877652269366,0.741506813217514,-0.2434452968807742,0.6515725457378815,1.882238399907412,3.799736968141331,0.9480896797916888,3,"POLYGON ((949235.230213883 1947165.54807064, 949235.230213883 1947265.54807064, 949335.230213883 1947265.54807064, 949335.230213883 1947165.54807064, 949235.230213883 1947165.54807064))",0.7742512857123015,0.284883986703085,0.0129234521890386,0.2348053404409345,0.1812384133550462,0.9067749684246764,-0.0955657606316174,0.7635074016770551,0.8966376320261386,0.7658928983425346,0.6867283947554863
12502,-1.835522988277677,0.97959678820868,2.2571736398857043,3.601330069391138,"POLYGON ((949235.230213883 1947265.54807064, 949235.230213883 1947365.54807064, 949335.230213883 1947365.54807064, 949335.230213883 1947265.54807064, 949235.230213883 1947265.54807064))",영등포구,서울특별시 영등포구 여의도동 25-4번지,126.926504844,37.523562211,949324.4327370912,1947294.8579855408,"신송빌딩, 메리츠화재여의도사옥",0.957757960696021,1.215657448481889,1.8859301842576048,2.371195679600252,0.3748685137492737,0.2254526373488814,1.593029967768636,1.1574727964141445,3.4654601267536056,0.97306016645308,3,"POLYGON ((949235.230213883 1947265.54807064, 949235.230213883 1947365.54807064, 949335.230213883 1947365.54807064, 949335.230213883 1947265.54807064, 949235.230213883 1947265.54807064))",0.8319304112306245,0.3311427411583679,0.0196949544683262,0.2157005625339706,0.1533995609168145,0.8801220909836678,-0.0195363020707653,0.7522930238143273,0.8577351061711973,0.7472963366332224,0.6409823026434438
12503,-2.1375958596950984,0.6706160285337364,2.116464929891799,3.967620321227775,"POLYGON ((949235.230213883 1947365.54807064, 949235.230213883 1947465.54807064, 949335.230213883 1947465.54807064, 949335.230213883 1947365.54807064, 949235.230213883 1947365.54807064))",영등포구,서울특별시 영등포구 여의도동 23번지,126.92593686,37.525058399,949275.2567630276,1947461.1580352949,서울 국제금융 센터,-0.4493925787029522,0.7574780849292724,2.9265113471195408,0.7907811341938884,6.817227204405494,13.36169161547941,12.34690631454736,6.016859989916314,3.784209269702676,-0.9496673064740586,3,"POLYGON ((949235.230213883 1947365.54807064, 949235.230213883 1947465.54807064, 949335.230213883 1947465.54807064, 949335.230213883 1947365.54807064, 949235.230213883 1947365.54807064))",0.889882408368732,0.3654578216048769,0.0257844907794103,0.2004037721961652,0.1307870276141203,0.8539878133598205,0.041189197179976,0.7454455992777145,0.9822200702174262,0.5006135854502136,0.4917127110527063
12509,-3.057536747731454,-1.34689545895587,0.5785143618906783,3.921815611933598,"POLYGON ((949235.230213883 1947965.54807064, 949235.230213883 1948065.54807064, 949335.230213883 1948065.54807064, 949335.230213883 1947965.54807064, 949235.230213883 1947965.54807064))",영등포구,서울특별시 영등포구 여의도동 10-2번지,126.925778216,37.529798487,949264.4492827508,1947987.1308147104,"여의도 태영빌딩, 세우빌딩",0.9602998553931138,1.535276464386165,2.349278987377506,0.6513327919521504,0.8462606130655825,1.1133800623051526,2.136895429794814,0.8767422580450726,2.0287166962213314,-0.4502575732462304,2,"POLYGON ((949235.230213883 1947965.54807064, 949235.230213883 1948065.54807064, 949335.230213883 1948065.54807064, 949335.230213883 1947965.54807064, 949235.230213883 1947965.54807064))",1.1088126884079283,0.5144497192759874,0.0471873181419053,0.1440209498745411,0.0623470244626667,0.7312736694412649,0.2919802113455554,0.7332257126675198,0.11548602897196802,0.7240112389126497,0.08361318291309673
12522,-1.0418654954806954,0.8108130175057817,2.8644506174046613,2.1047265917361164,"POLYGON ((949335.230213883 1946765.54807064, 949335.230213883 1946865.54807064, 949435.230213883 1946865.54807064, 949435.230213883 1946765.54807064, 949335.230213883 1946765.54807064))",영등포구,서울특별시 영등포구 여의도동 45번지,126.927285647,37.519348747,949390.5811854552,1946826.9770077723,KB국민은행 신관,0.5519021073935322,0.6582412228899787,2.090468445068207,0.4189188882159205,2.2080600110904745,-0.2415768105345941,1.3502268130626134,3.451494333254008,3.232113325217142,-1.7487228796385836,2,"POLYGON ((949335.230213883 1946765.54807064, 949335.230213883 1946865.54807064, 949435.230213883 1946865.54807064, 949435.230213883 1946765.54807064, 949335.230213883 1946765.54807064))",0.6647410606183637,0.077324300834542,-0.0006568132414158,0.2692453611762198,0.1854476647103407,0.7593223633479335,-0.6072088737388451,0.8849533909310295,0.6791738488251677,0.6970378956923854,0.4734099103943932
12523,-1.186072853714128,1.0150819930025048,2.0823039992033725,2.3733777262278006,"POLYGON ((949335.230213883 1946865.54807064, 949335.230213883 1946965.54807064, 949435.230213883 1946965.54807064, 949435.230213883 1946865.54807064, 949335.230213883 1946865.54807064))",영등포구,서울특별시 영등포구 여의도동 36-5번지,126.927531469,37.520360811,949412.9873678986,1946939.12768308,DB금융투자빌딩,-0.2070652842467689,-0.2422174755173163,-0.0655094206836707,-0.1853572614982772,2.836582810178886,-0.2609623563762133,0.1716389447749014,1.1780654493480751,2.747304073965783,1.0479716264372545,1,"POLYGON ((949335.230213883 1946865.54807064, 949335.230213883 1946965.54807064, 949435.230213883 1946965.54807064, 949435.230213883 1946865.54807064, 949335.230213883 1946865.54807064))",0.7411801564472668,0.069627793967942,0.0023299656269404,0.2654042199506731,0.2034574964674467,0.8544530489862326,-0.5114520921115181,0.8546322721169664,0.7107246901579068,0.6658483561549737,0.4732348666203953
12524,-1.332937648767169,1.0406914263852298,2.572040324763723,2.667847369048279,"POLYGON ((949335.230213883 1946965.54807064, 949335.230213883 1947065.54807064, 949435.230213883 1947065.54807064, 949435.230213883 1946965.54807064, 949335.230213883 1946965.54807064))",영등포구,서울특별시 영등포구 여의도동 36-1번지,126.927394303,37.521371447,949401.5488877796,1947051.3259384008,키움파이낸스스퀘어,0.2059184654354842,0.1465343480914904,0.2705256101864638,-0.2783228229927692,0.3224916138252394,-0.0460028589422131,0.5144976930605282,1.283806327669281,2.9215593564440296,2.3464369328296075,2,"POLYGON ((949335.230213883 1946965.54807064, 949335.230213883 1947065.54807064, 949435.230213883 1947065.54807064, 949435.230213883 1946965.54807064, 949335.230213883 1946965.54807064))",0.7816967278660938,0.1313053221896238,0.0061006104744003,0.2618882206018316,0.2111334738969351,0.8966935682402082,-0.3426992656056172,0.8152126795208777,0.8055899167651969,0.7174434949966323,0.5779652454180689
12525,-1.5519926996090307,1.06018742870569,2.849615535000184,2.9895887806392065,"POLYGON ((949335.230213883 1947065.54807064, 949335.230213883 1947165.54807064, 949435.230213883 1947165.54807064, 949435.230213883 1947065.54807064, 949335.230213883 1947065.54807064))",영등포구,서울특별시 영등포구 여의도동 35번지,126.926957311,37.521975997,949363.342221541,1947118.6325759965,한국노총,0.0316609927218661,0.1850046614289407,0.5974672814900135,-0.0459089192565392,0.5319992135213767,0.2254547801084527,0.4480945530690244,1.1953058099439238,2.747304073965783,-0.2504936799550991,2,"POLYGON ((949335.230213883 1947065.54807064, 949335.230213883 1947165.54807064, 949435.230213883 1947165.54807064, 949435.230213883 1947065.54807064, 949335.230213883 1947065.54807064))",0.7841669460984073,0.2219522828982569,0.0109513746218589,0.2493158395485134,0.1985752032554535,0.9013878499534904,-0.1854876096222185,0.7899974014646062,0.7658167468005656,0.7899750231308211,0.604976102267747
12527,-1.8291900673741184,0.743980818044172,2.433630008985781,3.722174753008919,"POLYGON ((949335.230213883 1947265.54807064, 949335.230213883 1947365.54807064, 949435.230213883 1947365.54807064, 949435.230213883 1947265.54807064, 949335.230213883 1947265.54807064))",영등포구,서울특별시 영등포구 여의도동 24-4번지,126.927374324,37.524075486,949401.6096427392,1947351.334978508,NoData,-0.1532618464916373,-0.1766473083893316,-0.0122441433113642,-0.1853572614982772,-0.3060311852631722,-0.2832599124752394,0.035213114846396,0.9405315922497132,3.9550139525278873,2.046791092892911,2,"POLYGON ((949335.230213883 1947265.54807064, 949335.230213883 1947365.54807064, 949435.230213883 1947365.54807064, 949435.230213883 1947265.54807064, 949335.230213883 1947265.54807064))",0.9170557331803212,0.3238211788668509,0.0199941209324751,0.2137763822790148,0.1480779082181451,0.8558113295667759,0.0001990598760626,0.750153538835659,0.8216370204391122,0.6092366910281843,0.5005714195585814
12528,-2.135250253450678,0.494039457050162,1.7392542502283317,4.134584426943498,"POLYGON ((949335.230213883 1947365.54807064, 949335.230213883 1947465.54807064, 949435.230213883 1947465.54807064, 949435.230213883 1947365.54807064, 949335.230213883 1947365.54807064))",영등포구,서울특별시 영등포구 여의도동 24-3번지,126.92748643,37.524630733,949411.8905832518,1947412.8763056947,유진빌딩,-0.0312509010311814,-0.0782636186216345,0.1796024963479504,-0.1388744807510312,0.5319992135213767,-0.2762273755622081,0.4343246617677461,1.293001186653734,2.7835353703226464,2.1466730395384763,2,"POLYGON ((949335.230213883 1947365.54807064, 949335.230213883 1947465.54807064, 949435.230213883 1947465.54807064, 949435.230213883 1947365.54807064, 949335.230213883 1947365.54807064))",1.0001828851787875,0.3551878642616271,0.0246539299236267,0.1988646272895196,0.1251759037256176,0.8283086021757669,0.0682807450193717,0.7403518574521903,0.8279966546197488,0.708594204354294,0.5867136306882981
12547,-0.843006901694824,0.4776883911933769,2.763730795371961,2.1135645726257697,"POLYGON ((949435.230213883 1946765.54807064, 949435.230213883 1946865.54807064, 949535.230213883 1946865.54807064, 949535.230213883 1946765.54807064, 949435.230213883 1946765.54807064))",영등포구,서울특별시 영등포구 여의도동 45-21번지,126.927856516,37.518825171,949440.674693348,1946768.5821971167,"ABL타워, 메종리브르오피스텔, 엔에이치농협캐피탈빌딩",0.8213429452853723,1.1291561216240658,2.4621379453773624,2.1387817758640217,0.4621633469559975,1.1257202146763126,2.7625471190808626,1.5426671493565818,2.7266004760475755,0.5152679109942376,4,"POLYGON ((949435.230213883 1946765.54807064, 949435.230213883 1946865.54807064, 949535.230213883 1946865.54807064, 949535.230213883 1946765.54807064, 949435.230213883 1946765.54807064))",0.798962828026899,0.0238639182859148,0.0001126115829815,0.2403098717239689,0.1579107954932338,0.7677427202918137,-0.6713555919151449,0.874558921862061,0.5522740906792021,0.7638303508740999,0.4218437124621694
12548,-1.1624066654239151,0.6158756515968508,2.5701135308255543,2.3839679182699247,"POLYGON ((949435.230213883 1946865.54807064, 949435.230213883 1946965.54807064, 949535.230213883 1946965.54807064, 949535.230213883 1946865.54807064, 949435.230213883 1946865.54807064))",영등포구,서울특별시 영등포구 여의도동 45-18번지,126.928595543,37.520039821,949506.8003136902,1946902.943943268,"가든빌딩, 포레스텔빌딩, SK증권빌딩",0.7465688762792249,1.18206314394514,1.8872568841177988,1.3485745031608405,0.4621633469559975,0.327852974502097,2.511231781399565,0.911159126049378,2.272846621673528,0.2822100354879172,4,"POLYGON ((949435.230213883 1946865.54807064, 949435.230213883 1946965.54807064, 949535.230213883 1946965.54807064, 949535.230213883 1946865.54807064, 949435.230213883 1946865.54807064))",0.8400336437409013,0.046144048334038,0.0029967493971234,0.2470060829734306,0.1816465062045988,0.850008655016454,-0.5323403763528963,0.846321514332438,0.5727305808173443,0.7936493764280775,0.45454726832697595
12549,-1.386547734390765,0.5843421725634471,2.519196705334997,2.681001432719066,"POLYGON ((949435.230213883 1946965.54807064, 949435.230213883 1947065.54807064, 949535.230213883 1947065.54807064, 949535.230213883 1946965.54807064, 949435.230213883 1946965.54807064))",영등포구,서울특별시 영등포구 여의도동 34-6번지,126.928592899,37.521449647,949507.5167508512,1947059.3577625733,한국예탁결제원서울사옥,0.0591981852737051,-0.017502240660831,0.2171600067524947,-0.2783228229927692,0.3224916138252394,0.2290331885925362,0.4604977522357096,1.0508699000631458,2.414321207447946,1.7471452529562137,4,"POLYGON ((949435.230213883 1946965.54807064, 949435.230213883 1947065.54807064, 949535.230213883 1947065.54807064, 949535.230213883 1946965.54807064, 949435.230213883 1946965.54807064))",0.8633771533760162,0.1226802852508652,0.0068606204153567,0.2493634895009235,0.1918423012955994,0.8817845247940256,-0.3429662736057759,0.8098975468504891,0.6368880902868882,0.75547220747722,0.48115125148498644
12550,-1.534635036826382,0.5917642745501277,2.737909741821462,3.006607774386025,"POLYGON ((949435.230213883 1947065.54807064, 949435.230213883 1947165.54807064, 949535.230213883 1947165.54807064, 949535.230213883 1947065.54807064, 949435.230213883 1947065.54807064))",영등포구,서울특별시 영등포구 여의도동 34-4번지,126.928397976,37.521652003,949490.4286153136,1947081.912690234,"코스콤 본사, 삼덕빌딩",0.6101538608685763,0.4454755705768869,0.9819949891349332,0.6513327919521504,-0.3060311852631722,0.0375497650217814,1.1912661644217053,0.9558563572238012,2.414321207447946,1.5473813596650825,4,"POLYGON ((949435.230213883 1947065.54807064, 949435.230213883 1947165.54807064, 949535.230213883 1947165.54807064, 949535.230213883 1947065.54807064, 949435.230213883 1947065.54807064))",0.8913282846788783,0.2107704169114769,0.0113260674805602,0.2404059227551966,0.1824669870633397,0.8760927149207159,-0.1742815021673032,0.7790622443710952,0.6863825635629192,0.8119693621600852,0.5573216123339876
12556,-2.93790446723413,-0.5491079365030763,-1.3508737380355855,5.238939393871965,"POLYGON ((949435.230213883 1947665.54807064, 949435.230213883 1947765.54807064, 949535.230213883 1947765.54807064, 949535.230213883 1947665.54807064, 949435.230213883 1947665.54807064))",영등포구,서울특별시 영등포구 여의도동 22번지,126.927847603,37.527053956,949445.439947168,1947681.5255558903,파크원,-0.4493925787029522,1.0090449780063733,7.5664954908111985,2.5106440218419896,17.711622388604628,16.590181033289753,-0.2622702064500644,11.120006726287569,3.784209269702676,-1.7487228796385836,2,"POLYGON ((949435.230213883 1947665.54807064, 949435.230213883 1947765.54807064, 949535.230213883 1947765.54807064, 949535.230213883 1947665.54807064, 949435.230213883 1947665.54807064))",1.196992817288784,0.4027927645878967,0.0339513517378699,0.1736778865574876,0.0841939181227165,0.7609714363752926,0.1964345116994109,0.7295933949559723,0.9688795227101602,0.5002657395475419,0.48469723096106776
12573,-1.037741354022067,0.3560791793170296,1.0886837717750384,2.360366409169372,"POLYGON ((949535.230213883 1946865.54807064, 949535.230213883 1946965.54807064, 949635.230213883 1946965.54807064, 949635.230213883 1946865.54807064, 949535.230213883 1946865.54807064))",영등포구,서울특별시 영등포구 여의도동 44-24번지,126.929509604,37.520219675,949587.6946893984,1946922.4075158392,호성빌딩,-0.0852661633444041,-0.2529157387290347,0.1446280076802402,0.4654016689631665,-0.096523585567035,-0.1682601490427356,0.1923171839893976,0.6704326095814149,2.248692424102286,1.0979125997600372,2,"POLYGON ((949535.230213883 1946865.54807064, 949535.230213883 1946965.54807064, 949635.230213883 1946965.54807064, 949635.230213883 1946865.54807064, 949535.230213883 1946865.54807064))",0.9288878180040556,0.027007899440186,0.0016341766706142,0.230924491083348,0.1600617545798613,0.8469771019655125,-0.549846184285496,0.8362543021139789,0.459931560227123,0.7169515944347272,0.3297486654356876
12575,-1.516661732303836,0.2907062480680552,1.6272374725796606,2.9696350730202785,"POLYGON ((949535.230213883 1947065.54807064, 949535.230213883 1947165.54807064, 949635.230213883 1947165.54807064, 949635.230213883 1947065.54807064, 949535.230213883 1947065.54807064))",영등포구,서울특별시 영등포구 여의도동 34-12번지,126.929697433,37.52180856,949605.3613308246,1947098.58488133,NoData,-0.195203108993669,-0.240769668026122,-0.0594191046493876,-0.1853572614982772,-0.3060311852631722,-0.1990773171972805,0.2513938556429449,1.0842012638817868,2.102041938848316,1.2477355197283857,5,"POLYGON ((949535.230213883 1947065.54807064, 949535.230213883 1947165.54807064, 949635.230213883 1947165.54807064, 949635.230213883 1947065.54807064, 949535.230213883 1947065.54807064))",0.9245247159237604,0.2109253745067278,0.0112551605871271,0.2341558349689971,0.1705474601045536,0.8673771163699744,-0.1725008513387816,0.7832965218852891,0.5630032178682435,0.7089285062757682,0.39912903027178476
12598,-0.8154199735368605,0.038424666981911,2.6070228068321133,2.048778387858839,"POLYGON ((949635.230213883 1946765.54807064, 949635.230213883 1946865.54807064, 949735.230213883 1946865.54807064, 949735.230213883 1946765.54807064, 949635.230213883 1946765.54807064))",영등포구,서울특별시 영등포구 여의도동 44-37번지,126.930775762,37.518898558,949698.6948725708,1946775.1591590217,"아일렉스타워, 센터빌딩",-0.054551602421199,0.0279020364112321,0.2572413914396095,0.7442983534466424,0.1129840141291022,-0.0062353840583166,0.4496328617958611,1.0746232857729818,2.943125604275496,1.2976764930511684,5,"POLYGON ((949635.230213883 1946765.54807064, 949635.230213883 1946865.54807064, 949735.230213883 1946865.54807064, 949735.230213883 1946765.54807064, 949635.230213883 1946765.54807064))",0.9802138942235712,-0.0299821700181103,-0.0026416649160388,0.2044681276665101,0.1184978879718978,0.7865110244874193,-0.7211042179787422,0.8570974531765946,0.3472752462443563,0.7243101254089184,0.25153497715866274
12599,-0.9919393659013468,0.1078771691742337,1.2706355138550895,2.304342144057268,"POLYGON ((949635.230213883 1946865.54807064, 949635.230213883 1946965.54807064, 949735.230213883 1946965.54807064, 949735.230213883 1946865.54807064, 949635.230213883 1946865.54807064))",영등포구,서울특별시 영등포구 여의도동 44-6번지,126.930352603,37.520367318,949662.2874873076,1946938.336263528,스타빌딩,-0.2462528274936167,-0.2727920672867174,-0.2320237297731936,-0.5107367267289992,0.1129840141291022,-0.191584086976418,-0.111715650527408,0.0210456938044421,2.5678728920079847,2.046791092892911,5,"POLYGON ((949635.230213883 1946865.54807064, 949635.230213883 1946965.54807064, 949735.230213883 1946965.54807064, 949735.230213883 1946865.54807064, 949635.230213883 1946865.54807064))",1.0015512286092885,0.014745864864996,-9.234089643600854e-05,0.2192393182904033,0.1428827554869211,0.8463794885219463,-0.5553009910896255,0.827679252784396,0.35148077597273975,0.6116386865971308,0.21497924018010692
12601,-1.628422606379708,0.0147572056465627,0.4039639179349987,2.882865909698173,"POLYGON ((949635.230213883 1947065.54807064, 949635.230213883 1947165.54807064, 949735.230213883 1947165.54807064, 949735.230213883 1947065.54807064, 949635.230213883 1947065.54807064))",영등포구,서울특별시 영등포구 여의도동 34-7번지,126.930048017,37.522017307,949636.4811817064,1947121.556450812,농협재단빌딩,0.0591981852737051,0.0219246597690154,0.5187637322216072,0.0470566422379526,-0.3060311852631722,-0.2433703002957785,1.6315469716714186,1.936641315565424,3.202783228166348,1.14785357308282,5,"POLYGON ((949635.230213883 1947065.54807064, 949635.230213883 1947165.54807064, 949735.230213883 1947165.54807064, 949735.230213883 1947065.54807064, 949635.230213883 1947065.54807064))",0.986764963131718,0.2039432050796559,0.0099814144109744,0.227399909365258,0.1571085514124149,0.8563762913759979,-0.1702812437732613,0.7788882995519455,0.5248127496142642,0.7813834591724205,0.4100800017113831
12624,-0.7072939973903049,-0.1971814427684206,2.242168279014818,1.757331535128832,"POLYGON ((949735.230213883 1946665.54807064, 949735.230213883 1946765.54807064, 949835.230213883 1946765.54807064, 949835.230213883 1946665.54807064, 949735.230213883 1946665.54807064))",영등포구,서울특별시 영등포구 여의도동 55-2번지,126.931297561,37.518246318,949744.3682495068,1946702.5178954203,나라키움여의도빌딩,0.2508994103461228,0.5051976295886544,1.0765264720345111,0.3259533267214285,2.2080600110904745,0.5874590103638608,0.5378749932257622,2.082226582819258,3.1820796302481407,-1.5489589863474524,5,"POLYGON ((949735.230213883 1946665.54807064, 949735.230213883 1946765.54807064, 949835.230213883 1946765.54807064, 949835.230213883 1946665.54807064, 949735.230213883 1946665.54807064))",1.0005117260300598,-0.0417976406473894,-0.0054561978750985,0.1821392122139307,0.0822747182094993,0.7137137053034368,-0.8220079295036038,0.8715506235058095,0.2073067206936549,0.7387393431026512,0.15314563066599543
12650,-0.4615163756484717,-0.4397890468083208,0.956228757156668,1.4908595575194172,"POLYGON ((949835.230213883 1946565.54807064, 949835.230213883 1946665.54807064, 949935.230213883 1946665.54807064, 949935.230213883 1946565.54807064, 949835.230213883 1946565.54807064))",영등포구,서울특별시 영등포구 여의도동 54-7번지,126.932886441,37.517757948,949884.4504701134,1946647.4883785087,NoData,-0.3792786499748082,-0.4298067897067462,-0.412012427905558,-0.743150630465229,-0.3060311852631722,-0.2384698091561981,-0.3373821084225035,-0.5306458452627205,1.4136473080679168,2.7459647194118704,9,"POLYGON ((949835.230213883 1946565.54807064, 949835.230213883 1946665.54807064, 949935.230213883 1946665.54807064, 949935.230213883 1946565.54807064, 949835.230213883 1946565.54807064))",0.9737535308823936,-0.0094849279390536,-0.0059302194291424,0.173253287673613,0.0656726881632383,0.6525579640043065,-0.8275581237175063,0.8856950563533766,0.11046389410880808,0.5262082844743406,0.05812701621535112
12677,-0.6874620640930772,-0.5099763971159768,1.1534976195870816,1.594185157999909,"POLYGON ((949935.230213883 1946665.54807064, 949935.230213883 1946765.54807064, 950035.230213883 1946765.54807064, 950035.230213883 1946665.54807064, 949935.230213883 1946665.54807064))",영등포구,서울특별시 영등포구 여의도동 53-3번지,126.933546764,37.518739705,949943.4592205968,1946756.0572642416,미라클빌딩,-0.4493925787029522,-0.3936891635424868,-0.3684888859908796,-0.650185068970737,-0.096523585567035,-0.2832599124752394,-0.2577551299232233,-0.0862276610141728,1.2031607292328073,1.8470271996017795,9,"POLYGON ((949935.230213883 1946665.54807064, 949935.230213883 1946765.54807064, 950035.230213883 1946765.54807064, 950035.230213883 1946665.54807064, 949935.230213883 1946665.54807064))",1.121902841845,-0.0789652585885805,-0.0085564101118109,0.170207357547407,0.0680884636114568,0.7462947020191241,-0.8258198053881427,0.8583885072340428,0.10138559686426435,0.5417060055376889,0.05492118669639508
12702,-0.457687048582944,-0.5268862768062038,0.0545916906572179,1.3316011509953654,"POLYGON ((950035.230213883 1946565.54807064, 950035.230213883 1946665.54807064, 950135.230213883 1946665.54807064, 950135.230213883 1946565.54807064, 950035.230213883 1946565.54807064))",영등포구,서울특별시 영등포구 여의도동 62번지,126.935605114,37.517822576,950124.743328888,1946653.21370105,"여의도성모병원, 여의동주민센터",-0.3184850018026713,-0.2884283881916164,-0.3579666287475559,-0.603702288223491,-0.2012773854151036,3.216256449711936,2.851962483941373,0.3903725296799594,1.1367366859118917,-0.9996082797968414,9,"POLYGON ((950035.230213883 1946565.54807064, 950035.230213883 1946665.54807064, 950135.230213883 1946665.54807064, 950135.230213883 1946565.54807064, 950035.230213883 1946565.54807064))",1.1069304895021883,-0.0652355407598436,-0.0094833507092171,0.1581806213482245,0.0483975962859779,0.687274513491911,-0.865560288299517,0.8714956866285032,0.07461176470000241,0.5348090628263266,0.03990304795502669
