,종목코드,회사명,시장구분,업종,업종명,항목명,2022,2021,2020,cc,est_dt,induty_code,address,corp_code,corp_name,stock_code,rlgnm,gu,x,y
5,027410,BGF,유가증권시장상장법인,649,기타 금융업,영업이익,"11,499,330,314","14,640,997,513","26,355,506,906",00219097,19941201,64992,서울특별시 강남구 테헤란로 405,00219097,BGF,027410,서울특별시,강남구,127.049820017,37.505195121
6,282330,BGF리테일,유가증권시장상장법인,471,종합 소매업,영업이익(손실),"199,441,703,668","162,204,243,583","196,623,293,754",01263022,20171101,47122,서울특별시 강남구 테헤란로 405 BGF사옥,01263022,BGF리테일,282330,서울특별시,강남구,127.049820017,37.505195121
7,032790,BNGT,코스닥시장상장법인,465,기계장비 및 관련 물품 도매업,영업이익(손실),"121,670,608","-261,517,233","-3,428,136,777",00110884,19730921,465,서울특별시 서초구 효령로 83 엠젠플러스빌딩 (방배동),00110884,엠젠솔루션,032790,서울특별시,서초구,126.993324604,37.480360753
8,001460,BYC,유가증권시장상장법인,141,봉제의복 제조업,영업이익,"26,711,346,464","22,940,934,002","23,393,686,890",00122579,19550513,14120,서울특별시 영등포구 도림천로21길 3,00122579,BYC,001460,서울특별시,영등포구,126.901494133,37.486653061
11,035760,CJ ENM,코스닥시장상장법인,602,텔레비전 방송업,영업이익,"296,876,105,378","272,067,865,192","269,385,174,265",00265324,19941216,602,서울특별시 서초구  과천대로 870-13,00265324,CJ ENM,035760,서울특별시,서초구,126.987984937,37.469046710
12,311690,CJ 바이오사이언스,코스닥시장상장법인,701,자연과학 및 공학 연구개발업,영업이익(손실),"-10,108,067,067","-8,513,222,577","-4,518,862,465",01071041,20091118,701,서울특별시 중구 세종대로 14 그랜드센트럴타워 B동 7층,01071041,CJ 바이오사이언스,311690,서울특별시,중구,126.974434559,37.557851588
13,097950,CJ제일제당,유가증권시장상장법인,107,기타 식품 제조업,영업이익,"1,524,429,392,000","1,359,551,440,000","896,857,873,000",00635134,20070904,10720,서울특별시 중구  동호로 330,00635134,CJ제일제당,097950,서울특별시,중구,127.003293395,37.564009128
16,056000,COWON,코스닥시장상장법인,582,소프트웨어 개발 및 공급업,영업이익(손실),"-6,203,980,662","352,752,492","-3,572,681,847",00361266,19960911,582,서울특별시 강남구 언주로 540 코원타워 5층,00361266,코원플레이,056000,서울특별시,강남구,127.041052443,37.506601532
18,083660,CSA 코스믹,코스닥시장상장법인,204,기타 화학제품 제조업,영업이익(손실),"1,999,698,281","-787,279,044","-5,727,834,998",00406037,19891107,204,서울특별시 강남구 학동로30길 20 -,00406037,CSA 코스믹,083660,서울특별시,강남구,127.032062915,37.512786675
20,012030,DB,유가증권시장상장법인,620,"컴퓨터 프로그래밍, 시스템 통합 및 관리업",영업이익(손실),"23,472,667,404","26,874,196,003","18,493,009,586",00163345,19770315,62021,서울특별시 강남구 삼성로96길 23 7층,00163345,DB,012030,서울특별시,강남구,127.057665430,37.509329737
27,365550,ESR켄달스퀘어리츠,유가증권시장상장법인,681,부동산 임대 및 공급업,영업이익(손실),"8,103,527,181","-713,932,977","-126,194,000",01437186,20200220,681,"서울특별시 영등포구 국제금융로 10 (여의도동, 서울국제금융센터) 35층",01437186,ESR켄달스퀘어리츠,365550,서울특별시,영등포구,126.926796859,37.525435705
28,365550,ESR켄달스퀘어리츠,유가증권시장상장법인,681,부동산 임대 및 공급업,영업이익(손실),"14,730,254,206","8,103,527,181","-713,932,977",01437186,20200220,681,"서울특별시 영등포구 국제금융로 10 (여의도동, 서울국제금융센터) 35층",01437186,ESR켄달스퀘어리츠,365550,서울특별시,영등포구,126.926796859,37.525435705
29,050120,ES큐브,코스닥시장상장법인,464,생활용품 도매업,영업이익(손실),"283,187,246","10,315,988,227","-2,617,071,032",00175623,19770620,46419,"서울특별시 강남구 강남대로 556 12층(논현동, 논현빌딩)",00175623,ES큐브,050120,서울특별시,강남구,127.021574534,37.511512842
30,383220,F&F,유가증권시장상장법인,141,봉제의복 제조업,영업이익(손실),"322,683,779,494",,,01568413,20210503,14111,서울특별시 강남구 언주로 541,01568413,F&F,383220,서울특별시,강남구,127.040426432,37.506229767
31,007700,F&F 홀딩스,유가증권시장상장법인,649,기타 금융업,영업이익(손실),"223,050,455,460","-4,376,662,656","150,736,275,367",00126487,19720224,64992,"서울특별시 강남구  언주로 541(역삼동,외 에프앤에프빌딩)",00126487,F&F 홀딩스,007700,서울특별시,강남구,127.040426432,37.506229767
32,214270,FSN,코스닥시장상장법인,582,소프트웨어 개발 및 공급업,영업이익(손실)ㄱ,"10,174,967,331","4,349,239,254","7,736,948,508",01061497,20150116,582,서울특별시 강남구 언주로 637 싸이칸타워,01061497,FSN,214270,서울특별시,강남구,127.035036534,37.513363681
34,114090,GKL,유가증권시장상장법인,912,유원지 및 기타 오락관련 서비스업,영업이익(손실),"-145,828,746,668","-88,810,804,534","96,802,634,482",00557508,20050906,91249,서울특별시 강남구 삼성로 610 삼성동,00557508,GKL,114090,서울특별시,강남구,127.053154258,37.514106907
37,007070,GS리테일,유가증권시장상장법인,471,종합 소매업,영업이익(손실),"208,469,084,873","252,567,215,539","238,835,955,920",00140177,19710213,47122,서울특별시 강남구 논현로 508GS타워(역삼동 679),00140177,GS리테일,007070,서울특별시,강남구,127.037476010,37.502001742
40,039570,HDC랩스,유가증권시장상장법인,423,전기 및 통신 공사업,영업이익(손실),"9,666,853,635","15,323,582,080","12,952,774,365",00350312,19990917,423,서울특별시 서초구 효령로 346 서초 HDC랩스 타워,00350312,HDC랩스,039570,서울특별시,서초구,127.022010719,37.486324250
45,011200,HMM,유가증권시장상장법인,501,해상 운송업,영업이익(손실),"7,377,522,000,000","980,781,000,000","-299,694,000,000",00164645,19760325,50112,"서울특별시 영등포구 여의대로 108 (여의도동, 파크원 타워1)",00164645,HMM,011200,서울특별시,영등포구,126.927176775,37.526637268
51,067290,JW신약,코스닥시장상장법인,212,의약품 제조업,영업이익(손실),"3,426,120,278","-553,595,623","1,145,720,471",00110431,19810813,212,서울특별시 서초구 남부순환로 2477,00110431,JW신약,067290,서울특별시,서초구,127.021236012,37.483164656
52,001060,JW중외제약,유가증권시장상장법인,212,의약품 제조업,영업이익(손실),"31,199,849,285","-1,322,981,932","-19,013,830,488",00149947,19450808,21210,서울특별시 서초구  남부순환로 2477,00149947,JW중외제약,001060,서울특별시,서초구,127.021236012,37.483164656
53,096760,JW홀딩스,유가증권시장상장법인,649,기타 금융업,영업이익(손실),"68,728,818,585","37,328,838,793","6,014,833,499",00632304,20070703,64992,서울특별시 서초구  남부순환로 2477,00632304,JW홀딩스,096760,서울특별시,서초구,127.021236012,37.483164656
59,092220,KEC,유가증권시장상장법인,261,반도체 제조업,Ⅳ.영업이익(손실),"26,525,638,383","-2,337,589,190","-6,954,032,912",00589127,20060912,2612,서울특별시 서초구  마방로10길 5,00589127,KEC,092220,서울특별시,서초구,127.043288361,37.477058902
61,016380,KG동부제철,유가증권시장상장법인,241,1차 철강 제조업,영업이익,"296,911,904,979","110,778,751,212","34,639,840,274",00115676,19821027,24122,서울특별시 중구 한강대로 416 서울스퀘어 7층,00115676,KG스틸,016380,서울특별시,중구,126.973762803,37.555521882
62,046440,KG모빌리언스,코스닥시장상장법인,582,소프트웨어 개발 및 공급업,영업이익,"47,500,748,499","45,704,826,491","34,781,044,256",00405278,20000317,582,서울특별시 중구 통일로 92 케이지타워 16층,00405278,KG모빌리언스,046440,서울특별시,중구,126.969233671,37.563579965
63,035600,KG이니시스,코스닥시장상장법인,582,소프트웨어 개발 및 공급업,영업이익,"106,647,236,661","98,005,684,762","82,217,853,896",00264547,19981103,58221,"서울특별시 중구 통일로 92 케이지타워 14,15층",00264547,KG이니시스,035600,서울특별시,중구,126.969233671,37.563579965
76,044450,KSS해운,유가증권시장상장법인,501,해상 운송업,영업이익(손실),"58,089,120,996","50,731,188,402","52,771,937,110",00160232,19840627,50112,서울특별시 종로구 인사동길 12 대일빌딩 8층,00160232,KSS해운,044450,서울특별시,종로구,126.987219861,37.571928579
78,093050,LF,유가증권시장상장법인,141,봉제의복 제조업,영업이익,"158,865,864,141","77,067,170,451","87,533,142,027",00593032,20061103,14111,서울특별시 강남구 언주로 870 (신사동),00593032,LF,093050,서울특별시,강남구,127.034055188,37.527983298
79,034220,LG디스플레이,유가증권시장상장법인,262,전자 부품 제조업,영업이익(손실),"2,230,608,000,000","-36,465,000,000","-1,359,382,000,000",00105873,19850228,26211,서울특별시 영등포구 여의대로 128 LG트윈타워 (동관 12층),00105873,LG디스플레이,034220,서울특별시,영등포구,126.929139246,37.527885439
87,160550,NEW,코스닥시장상장법인,591,"영화, 비디오물, 방송 프로그램 제작 및 배급업",영업이익(손실),"-499,604,543","1,854,741,101","-8,149,288,316",00974927,20080625,591,서울특별시 강남구 학동로9길 5 -,00974927,NEW,160550,서울특별시,강남구,127.024242336,37.512455245
89,400760,NH올원리츠,유가증권시장상장법인,681,부동산 임대 및 공급업,영업이익,"10,074,810,954","8,773,229,852","7,637,242,141",01480780,20191120,6812,서울특별시 영등포구 국제금융로8길 2 농협재단빌딩 5층,01480780,NH올원리츠,400760,서울특별시,영등포구,126.930048017,37.522017307
90,034310,NICE,유가증권시장상장법인,715,회사 본부 및 경영 컨설팅 서비스업,영업이익,"144,268,811,828","153,148,431,943","153,775,896,651",00158316,19860911,715,서울특별시 영등포구 은행로 17 (여의도동) NICE 그룹 1사옥,00158316,NICE,034310,서울특별시,영등포구,126.920758722,37.528309769
91,030190,NICE평가정보,코스닥시장상장법인,639,기타 정보 서비스업,영업이익(손실),"72,604,608,652","62,718,416,760","51,340,882,668",00158325,19850228,63991,서울특별시 영등포구 은행로 17 NICE 그룹1사옥,00158325,NICE평가정보,030190,서울특별시,영등포구,126.920758722,37.528309769
100,036120,SCI평가정보,코스닥시장상장법인,639,기타 정보 서비스업,영업이익(손실),"10,140,263,114","8,297,353,870","6,923,879,571",00260745,19920423,63991,서울특별시 영등포구 국회대로70길 23 -,00260745,SCI평가정보,036120,서울특별시,영등포구,126.921000011,37.528887980
106,005090,SGC에너지,유가증권시장상장법인,351,전기업,영업이익,"152,238,223,395","7,017,229,307",,00125150,19670627,351,"서울특별시 서초구 양재대로 246 2층,3층 한국소비자원",00125150,SGC에너지,005090,서울특별시,서초구,127.045050008,37.465908604
107,016250,SGC이테크건설,코스닥시장상장법인,411,건물 건설업,영업이익(손실),"69,077,041,588","-36,417,532,959","12,939,081,204",00141246,19820914,4112,서울특별시 서초구 양재대로 246(염곡동),00141246,SGC이테크건설,016250,서울특별시,서초구,127.045050008,37.465908604
112,034730,SK,유가증권시장상장법인,649,기타 금융업,영업이익(손실),"4,935,539,000,000","-76,894,000,000","3,840,452,000,000",00181712,19910413,64992,서울특별시 종로구 종로 26 SK주식회사,00181712,SK,034730,서울특별시,종로구,126.980303531,37.569690909
119,395400,SK리츠,유가증권시장상장법인,681,부동산 임대 및 공급업,영업이익(손실),"15,203,345,237","13,487,410,476",0,01535150,20210315,68112,서울특별시 중구 세종대로 136 15층,01535150,SK리츠,395400,서울특별시,중구,126.978283977,37.568415004
120,395400,SK리츠,유가증권시장상장법인,681,부동산 임대 및 공급업,영업이익(손실),"13,487,410,476",0,,01535150,20210315,68112,서울특별시 중구 세종대로 136 15층,01535150,SK리츠,395400,서울특별시,중구,126.978283977,37.568415004
121,361610,SK아이이테크놀로지,유가증권시장상장법인,282,일차전지 및 축전지 제조업,영업이익,"89,175,689,000","125,218,840,000","80,556,055,000",01386916,20190401,282,"서울특별시 종로구 종로 26 (서린동, SK서린동빌딩)",01386916,SK아이이테크놀로지,361610,서울특별시,종로구,126.980303531,37.569690909
122,096770,SK이노베이션,유가증권시장상장법인,192,석유 정제품 제조업,영업이익,"1,754,170,704,000","-2,420,286,372,000","1,291,477,755,000",00631518,20070703,192,서울특별시 종로구  종로 26,00631518,SK이노베이션,096770,서울특별시,종로구,126.980303531,37.569690909
130,036530,SNT홀딩스,유가증권시장상장법인,649,기타 금융업,영업이익(손실),"125,567,101,979","127,086,172,680","126,277,061,201",00225159,19820927,64992,서울특별시 강남구 테헤란로 124 11층(역삼동),00225159,SNT홀딩스,036530,서울특별시,강남구,127.031703098,37.498784306
134,002820,SUN&L,유가증권시장상장법인,162,나무제품 제조업,영업이익(손실),"-21,880,824,546","-3,864,093,442","-18,748,459,293",00132211,19591017,16211,인천광역시 중구 월미로 96,00132211,SUN&L,002820,인천광역시,중구,126.604193970,37.479563702
136,089230,THE E&M,코스닥시장상장법인,639,기타 정보 서비스업,영업이익(손실),"3,527,300,569","4,490,907,280","7,897,754,682",00519252,20020708,639,서울특별시 서초구 강남대로101안길 41 .,00519252,THE E&M,089230,서울특별시,서초구,127.016554928,37.515727500
137,161570,THE MIDONG,코스닥시장상장법인,265,영상 및 음향 기기 제조업,영업손익,"-3,127,080,685","-4,296,889,358","-3,633,247,541",00945208,20090624,26519,서울특별시 서초구 남부순환로 2652 대명빌딩 7층,00945208,THE MIDONG,161570,서울특별시,서초구,127.040851652,37.485234535
138,192410,THQ,코스닥시장상장법인,264,통신 및 방송장비 제조업,영업이익(손실),"3,253,502,795","-11,779,312,630","3,645,310,129",00623184,19971015,2642,"서울특별시 중구 세종대로 136 7층(태평로1가, 서울파이낸스센터)",00623184,휴림네트웍스,192410,서울특별시,중구,126.978283977,37.568415004
141,317240,TS트릴리온,코스닥시장상장법인,204,기타 화학제품 제조업,영업이익(손실),"-7,640,072,243","3,660,868,407","4,806,169,467",01353024,20190111,204,"서울특별시 영등포구 양평로 96 1층,6층,8층(양평동4가,티에스빌딩)",01353024,TS트릴리온,317240,서울특별시,영등포구,126.896768613,37.536695001
142,002900,TYM,유가증권시장상장법인,292,특수 목적용 기계 제조업,영업이익,"35,264,240,176","29,086,927,861","13,702,069,676",00117230,19600201,29210,서울특별시 강남구 언주로133길 7,00117230,TYM,002900,서울특별시,강남구,127.034646771,37.516047046
145,057030,YBM넷,코스닥시장상장법인,857,교육 지원 서비스업,영업이익(손실),"3,634,171,515","-1,202,891,905","2,627,667,962",00307222,20000607,857,서울특별시 종로구 종로 98 지상 4층~9층,00307222,YBM넷,057030,서울특별시,종로구,126.988388641,37.569905248
146,037270,YG PLUS,유가증권시장상장법인,631,"자료 처리, 호스팅, 포털 및 기타 인터넷 정보 매개 서비스업",영업이익(손실),"25,571,451,133","6,138,629,198","4,526,335,675",00249247,19961115,631,"서울특별시 영등포구 국제금융로 10 19층, (여의도동, 쓰리아이에프씨)",00249247,YG PLUS,037270,서울특별시,영등포구,126.925936860,37.525058399
154,217730,강스템바이오텍,코스닥시장상장법인,211,기초 의약 물질 및 생물학적 제제 제조업,영업손실,"-22,735,544,454","-18,725,364,550","-23,153,708,426",01025644,20101029,21102,서울특별시 강남구 테헤란로 512 신안빌딩 17층,01025644,강스템바이오텍,217730,서울특별시,강남구,127.059248564,37.507245372
156,094480,갤럭시아머니트리,코스닥시장상장법인,582,소프트웨어 개발 및 공급업,영업이익(손실),"7,873,663,623","7,734,368,598","8,650,299,880",00587457,19941005,58221,서울시 강남구 수서동 715번지 수서오피스 빌딩 12층,00587457,갤럭시아머니트리,094480,서울시,강남구,0,0
158,002100,경농,유가증권시장상장법인,203,"비료, 농약 및 살균ㆍ살충제 제조업",영업이익,"16,758,990,471","14,281,976,627","8,690,743,324",00101433,19570712,2032,서울특별시 서초구 강남대로39길 15-10한라비발디스튜디오193,00101433,경농,002100,서울특별시,서초구,127.032103087,37.485650598
165,012200,계양전기,유가증권시장상장법인,291,일반 목적용 기계 제조업,영업이익(손실),"1,796,805,693","3,007,589,451","2,348,037,078",00102618,19770427,29194,서울특별시 강남구 테헤란로 508 (대치동)해성2빌딩 2층,00102618,계양전기,012200,서울특별시,강남구,127.057985796,37.506824991
167,049720,고려신용정보,코스닥시장상장법인,759,기타 사업 지원 서비스업,영업이익(손실),"12,459,467,876","9,993,294,320","8,075,240,099",00336297,19910627,75993,"서울특별시 서초구 서초대로 353 (서초동, 유니온타워)",00336297,고려신용정보,049720,서울특별시,서초구,127.019914552,37.495917003
168,010130,고려아연,유가증권시장상장법인,242,1차 비철금속 제조업,영업이익,"1,096,146,343,693","897,387,769,203","805,328,836,892",00102858,19740801,24213,서울특별시 강남구  강남대로 542 영풍빌딩,00102858,고려아연,010130,서울특별시,강남구,127.022112122,37.510577255
172,035290,골드앤에스,코스닥시장상장법인,581,"서적, 잡지 및 기타 인쇄물 출판업",영업이익(손실),"1,355,619,421","-2,253,009,994","-7,142,116,564",00249502,19941114,581,"서울특별시 영등포구 국회대로74길 12 9층 901호 (여의도동,남중빌딩)",00249502,골드앤에스,035290,서울특별시,영등포구,126.921061620,37.530089602
174,215000,골프존,코스닥시장상장법인,582,소프트웨어 개발 및 공급업,영업이익,"107,671,750,993","51,572,914,217","32,297,494,216",01067516,20150303,58219,서울특별시 강남구 영동대로 735 -,01067516,골프존,215000,서울특별시,강남구,127.054578156,37.523431465
175,121440,골프존뉴딘홀딩스,코스닥시장상장법인,461,상품 중개업,영업이익,"73,192,953,769","29,999,993,909","-3,625,435,559",00674498,20000508,461,서울특별시 강남구 영동대로 735-,00674498,골프존뉴딘홀딩스,121440,서울특별시,강남구,127.054578156,37.523431465
176,009290,광동제약,유가증권시장상장법인,212,의약품 제조업,영업이익,"44,935,683,503","46,590,713,437","41,803,237,663",00103592,19631016,21220,서울특별시 서초구  서초중앙로 85 가산빌딩,00103592,광동제약,009290,서울특별시,서초구,127.014051499,37.489383129
179,029480,광무,코스닥시장상장법인,264,통신 및 방송장비 제조업,영업이익(손실),"-724,747,537","-3,493,926,657","-2,620,988,582",00186452,19910527,26410,"서울특별시 서초구 남부순환로 2634-27 나동 1,4층 (양재동, 성원빌딩)",00186452,광무,029480,서울특별시,서초구,127.039008899,37.484490951
184,005320,국동,유가증권시장상장법인,464,생활용품 도매업,영업이익(손실),"-3,587,448,466","26,588,642,518","-4,249,136,327",00168331,19671208,46413,"서울특별시 강남구 논현로 322 6,7층(역삼동)",00168331,국동,005320,서울특별시,강남구,127.040445786,37.494122173
190,204020,그리티,코스닥시장상장법인,141,봉제의복 제조업,영업이익(손실),"-7,556,310,175","2,147,779,240","2,913,982,251",00671978,19990918,14120,"서울특별시 강남구 언주로151길 7, 2층 (신사동, 주성빌)",00671978,그리티,204020,서울특별시,강남구,127.032767975,37.522016026
194,204620,글로벌텍스프리,코스닥시장상장법인,661,금융 지원 서비스업,영업이익(손실),"-13,769,326,935","-11,429,398,610","6,927,566,084",01042711,20140731,661,"서울특별시 중구 퇴계로 131 9층(충무로2가, 신일빌딩)",01042711,글로벌텍스프리,204620,서울특별시,중구,126.986411050,37.561269583
195,019660,글로본,코스닥시장상장법인,468,상품 종합 도매업,영업이익(손실),"-7,354,869,387","-4,285,822,898","-4,666,163,759",00159731,19861220,468,서울특별시 강남구 도산대로 331 -,00159731,글로본,019660,서울특별시,강남구,127.038108128,37.523271465
197,053260,금강철강,코스닥시장상장법인,241,1차 철강 제조업,영업이익(손실),"9,069,143,627","3,150,804,414","2,158,369,141",00105475,19770112,2419,"서울특별시 서초구  서운로 19 701호(서초동, 서초월드오피스텔)",00105475,금강철강,053260,서울특별시,서초구,127.029070073,37.485623888
202,001210,금호전기,유가증권시장상장법인,284,전구 및 조명장치 제조업,영업이익(손실),"-8,559,664,657","-6,423,342,717","-3,311,686,948",00106395,19350525,28410,서울특별시 영등포구 국제금융로 10 쓰리아이에프씨동 14층,00106395,금호전기,001210,서울특별시,영등포구,126.925936860,37.525058399
204,036190,금화피에스시,코스닥시장상장법인,423,전기 및 통신 공사업,영업이익(손실),"25,617,281,491","26,993,690,073","34,327,290,781",00176516,19810513,423,서울특별시 강남구  테헤란로25길 15-4,00176516,금화피에스시,036190,서울특별시,강남구,127.035003162,37.501909175
220,036800,나이스정보통신,코스닥시장상장법인,612,전기 통신업,영업이익(손실),"46,822,537,909","36,724,046,564","35,567,030,826",00264945,19880512,61299,서울특별시 영등포구 은행로 17 NICE 그룹1사옥,00264945,나이스정보통신,036800,서울특별시,영등포구,126.920758722,37.528309769
223,003920,남양유업,유가증권시장상장법인,105,낙농제품 및 식용 빙과류 제조업,영업이익(손실),"-77,853,692,930","-76,734,303,250","417,350,470",00107598,19640313,10501,서울특별시 강남구 도산대로 240 1964빌딩,00107598,남양유업,003920,서울특별시,강남구,127.033483929,37.520989373
224,025860,남해화학,유가증권시장상장법인,203,"비료, 농약 및 살균ㆍ살충제 제조업",영업이익(손실),"20,481,749,724","26,391,593,903","15,330,702,542",00107987,19740508,20312,서울특별시 강남구 테헤란로113길 15 (삼성동),00107987,남해화학,025860,서울특별시,강남구,127.065783915,37.511098577
227,094860,네오리진,코스닥시장상장법인,582,소프트웨어 개발 및 공급업,영업이익(손실),"-2,455,105,448","-1,700,860,527","258,266,697",00599106,20070220,58221,"서울특별시 강남구 학동로 155 (논현동, 원영빌딩지하1층,3층, 4층, 5층, 6층)",00599106,네오리진,094860,서울특별시,강남구,127.027675132,37.513322578
248,104620,노랑풍선,코스닥시장상장법인,752,여행사 및 기타 여행 보조 서비스업,영업이익(손실),"-14,717,001,105","-6,320,013,015","-2,058,521,935",00632845,20010813,75210,"서울특별시 중구 수표로 31 (저동2가, 노랑풍선빌딩)",00632845,노랑풍선,104620,서울특별시,중구,126.989742063,37.564023964
262,040160,누리플렉스,코스닥시장상장법인,582,소프트웨어 개발 및 공급업,영업이익(손실),"5,512,244,188","2,887,730,316","11,613,034,312",00269889,19940418,58221,서울특별시 서초구 사평대로 16(방배동 750-14번지),00269889,누리플렉스,040160,서울특별시,서초구,126.986067486,37.498314394
286,001680,대상,유가증권시장상장법인,107,기타 식품 제조업,영업이익,"153,245,195,127","174,391,508,086","129,813,204,520",00121941,19560131,1074,서울특별시 종로구 창경궁로 120 종로플레이스,00121941,대상,001680,서울특별시,종로구,126.998252912,37.572973260
287,084690,대상홀딩스,유가증권시장상장법인,649,기타 금융업,영업이익(손실),"163,034,063,085","207,014,489,677","155,474,040,686",00539274,20050801,64992,서울특별시 중구 세종대로9길 41 올리브타워 2층,00539274,대상홀딩스,084690,서울특별시,중구,126.972983450,37.561352486
289,117580,대성에너지,유가증권시장상장법인,352,연료용 가스 제조 및 배관공급업,영업이익(손실),"16,047,844,903","26,277,003,937","24,284,418,148",00787376,20091001,35200,대구광역시 중구 명덕로 85 (남산동),00787376,대성에너지,117580,대구광역시,중구,128.580265972,35.857851360
291,016710,대성홀딩스,유가증권시장상장법인,715,회사 본부 및 경영 컨설팅 서비스업,영업이익,"21,337,617,299","25,418,534,398","23,867,646,286",00108940,19830131,715,대구광역시 중구 명덕로 85 대성홀딩스,00108940,대성홀딩스,016710,대구광역시,중구,128.580265972,35.857851360
300,024890,대원화성,유가증권시장상장법인,222,플라스틱 제품 제조업,영업이익(손실),"-8,431,253,759","348,221,278","6,686,516,331",00112022,19740523,22214,서울특별시 강남구 봉은사로 327 궁도빌딩 13층,00112022,대원화성,024890,서울특별시,강남구,127.042659549,37.510191711
313,001070,대한방직,유가증권시장상장법인,132,직물 직조 및 직물제품 제조업,영업이익(손실),"5,406,662,230","3,550,300,015","-12,979,458,087",00112970,19530810,132,"서울특별시 중구 중림로 48 (중림동, 성준빌딩)",00112970,대한방직,001070,서울특별시,중구,126.968111360,37.557245812
314,006650,대한유화,유가증권시장상장법인,201,기초 화학물질 제조업,영업이익(손실),"179,414,039,346","170,161,246,174","113,849,235,921",00260383,19700602,20111,서울특별시 종로구  자하문로 77 유남빌딩,00260383,대한유화,006650,서울특별시,종로구,126.969913130,37.583001727
317,001790,대한제당,유가증권시장상장법인,106,"곡물 가공품, 전분 및 전분제품 제조업",영업이익(손실),"42,051,836,000","46,300,876,000","29,481,279,000",00113234,19560706,106,인천광역시 중구  월미로 116(북성동1가),00113234,대한제당,001790,인천광역시,중구,126.605531592,37.478130117
318,001130,대한제분,유가증권시장상장법인,106,"곡물 가공품, 전분 및 전분제품 제조업",영업이익(손실),"24,960,181,509","22,966,625,919","23,483,614,049",00113243,19521225,10612,서울특별시 중구 세종대로 39,00113243,대한제분,001130,서울특별시,중구,126.973777605,37.560714198
324,192080,더블유게임즈,유가증권시장상장법인,582,소프트웨어 개발 및 공급업,영업이익,"190,364,411,040","194,184,071,689","154,608,044,453",01010110,20120501,5821,서울특별시 강남구 테헤란로 152 강남파이낸스센터 16층,01010110,더블유게임즈,192080,서울특별시,강남구,127.036514469,37.500028534
325,299170,더블유에스아이,코스닥시장상장법인,464,생활용품 도매업,영업이익(손실),"6,008,943,422","5,624,060,071","4,606,995,608",01318261,20180511,464,서울특별시 강남구 봉은사로44길 31 (역삼동),01318261,더블유에스아이,299170,서울특별시,강남구,127.040880086,37.507342517
334,194480,데브시스터즈,코스닥시장상장법인,582,소프트웨어 개발 및 공급업,영업이익(손실),"56,654,442,538","-6,123,221,602","-22,185,728,015",01008762,20070530,58212,서울특별시 강남구 도산대로 327 데브시스터즈(주),01008762,데브시스터즈,194480,서울특별시,강남구,127.037613337,37.523135745
337,145720,덴티움,유가증권시장상장법인,271,의료용 기기 제조업,영업이익(손실),"69,882,395,499","39,595,641,081","44,656,130,035",00526599,20000607,27191,서울특별시 강남구 테헤란로87길 21 동성빌딩 10층,00526599,덴티움,145720,서울특별시,강남구,127.058249661,37.509048392
339,002150,도화엔지니어링,유가증권시장상장법인,721,"건축 기술, 엔지니어링 및 관련 기술 서비스업",영업이익(손실),"19,985,474,247","24,010,625,909","27,069,213,016",00114552,19620505,72121,서울특별시 강남구  삼성로 438 도화타워,00114552,도화엔지니어링,002150,서울특별시,강남구,127.057535625,37.506101247
342,086450,동국제약,코스닥시장상장법인,212,의약품 제조업,영업이익,"63,219,302,357","84,733,110,401","68,584,510,206",00114808,19681015,21210,서울특별시 강남구 영동대로 715 동국제약 청담빌딩,00114808,동국제약,086450,서울특별시,강남구,127.055589664,37.521583587
343,004140,동방,유가증권시장상장법인,529,기타 운송관련 서비스업,영업이익,"27,775,163,917","24,590,388,329","20,944,994,874",00115287,19650114,529,"서울특별시 중구 통일로2길 16 3층(순화동, 에이아이에이타워)",00115287,동방,004140,서울특별시,중구,126.971492273,37.560760289
345,005960,동부건설,유가증권시장상장법인,412,토목 건설업,영업이익(손실),"61,251,228,945","48,172,314,636","55,565,265,906",00115612,19690124,412,서울특별시 강남구 테헤란로 137 코레이트 타워,00115612,동부건설,005960,서울특별시,강남구,127.034014539,37.500373840
355,060380,동양에스텍,코스닥시장상장법인,241,1차 철강 제조업,영업이익(손실),"22,798,454,577","4,601,784,195","2,767,921,186",00178851,19811112,24121,대전광역시 중구 중앙로 164번길 20(은행동) 동양빌딩 4층,00178851,동양에스텍,060380,대전광역시,중구,127.427934108,36.328404053
360,049770,동원F&B,유가증권시장상장법인,107,기타 식품 제조업,영업이익,"130,385,773,393","116,306,648,666","101,405,342,073",00340917,20001101,107,서울특별시 서초구  마방로 68 (양재동) 동원산업빌딩,00340917,동원F&B,049770,서울특별시,서초구,127.044003349,37.477710711
363,006040,동원산업,유가증권시장상장법인,31,어로 어업,영업이익,"260,726,838,588","306,496,418,205","193,575,195,385",00118026,19690416,64992,서울특별시 서초구 마방로 68 (양재동),00118026,동원산업,006040,서울특별시,서초구,127.044003349,37.477710711
372,000020,동화약품,유가증권시장상장법인,212,의약품 제조업,영업이익(손실),"22,496,350,976","23,153,371,156","9,550,750,714",00119195,18970925,21210,서울특별시 중구 남대문로9길 24 패스트파이브타워 6~8층(다동),00119195,동화약품,000020,서울특별시,중구,126.981134292,37.567147583
373,016740,두올,유가증권시장상장법인,303,자동차 신품 부품 제조업,영업이익,"25,296,758,456","20,277,140,352","27,616,988,694",00119672,19830211,303,서울특별시 강남구 영동대로96길 20 대화빌딩 2층,00119672,두올,016740,서울특별시,강남구,127.064213891,37.510776467
375,030350,드래곤플라이,코스닥시장상장법인,582,소프트웨어 개발 및 공급업,영업이익(손실),"-3,816,769,561","-3,474,081,085","-4,509,706,720",00230036,19900322,5821,서울특별시 서초구 서초중앙로22길 80 (서초동),00230036,드래곤플라이,030350,서울특별시,서초구,127.018323657,37.493842699
377,223250,드림씨아이에스,코스닥시장상장법인,701,자연과학 및 공학 연구개발업,영업이익(손실),"3,616,705,398","4,793,821,956","4,335,671,709",00916826,20000427,70113,"서울특별시 종로구 사직로 130 적선현대빌딩, 10층 10호",00916826,드림씨아이에스,223250,서울특별시,종로구,126.973321419,37.575366182
378,060570,드림어스컴퍼니,코스닥시장상장법인,631,"자료 처리, 호스팅, 포털 및 기타 인터넷 정보 매개 서비스업",영업이익(손실),"4,848,508,839","-11,888,921,989","-26,743,471,135",00364467,19990120,631,서울특별시 서초구 강남대로 311 드림플러스 강남,00364467,드림어스컴퍼니,060570,서울특별시,서초구,127.030295818,37.490909122
387,377190,디앤디플랫폼리츠,유가증권시장상장법인,681,부동산 임대 및 공급업,영업이익(손실),"5,086,357,806","8,416,133,833","4,768,946,991",01475609,20200310,681,"서울특별시 강남구 가로수길 77, 5층",01475609,디앤디플랫폼리츠,377190,서울특별시,강남구,127.022312997,37.523023336
389,376300,디어유,코스닥시장상장법인,582,소프트웨어 개발 및 공급업,영업이익(손실),"13,240,793,052","-454,001,430","-8,128,695,548",01456011,20170704,58222,"서울특별시 강남구 삼성로 633, 4층(삼성동, 삼광빌딩)",01456011,디어유,376300,서울특별시,강남구,127.051107090,37.516290924
401,068930,디지털대성,코스닥시장상장법인,855,일반 교습학원,영업이익,"25,244,242,088","14,211,309,024","21,090,277,122",00398808,20000310,855,서울특별시 서초구  방배로 181 단우빌딩,00398808,디지털대성,068930,서울특별시,서초구,126.991941636,37.489581748
402,033130,디지틀조선,코스닥시장상장법인,631,"자료 처리, 호스팅, 포털 및 기타 인터넷 정보 매개 서비스업",영업이익(손실),"2,127,993,458","1,459,673,258","2,936,470,907",00231442,19951002,631,서울특별시 중구  세종대로21길 52 (태평로1가),00231442,디지틀조선,033130,서울특별시,중구,126.976128656,37.568721271
409,317120,라닉스,코스닥시장상장법인,261,반도체 제조업,영업이익(손실),"-2,232,714,960","-1,648,311,556","-1,874,212",01327092,20030926,26112,서울특별시 강남구 언주로135길 25 (논현동),01327092,라닉스,317120,서울특별시,강남구,127.033134176,37.516541882
410,042510,라온시큐어,코스닥시장상장법인,582,소프트웨어 개발 및 공급업,영업이익(손실),"-988,511,242","-3,524,664,280","2,121,292,624",00255433,19980416,582,"서울특별시 영등포구 여의대로 108 48층(여의도동,파크원타워2)",00255433,라온시큐어,042510,서울특별시,영등포구,126.927847603,37.527053956
415,200350,래몽래인,코스닥시장상장법인,591,"영화, 비디오물, 방송 프로그램 제작 및 배급업",영업이익,"3,153,606,188","3,697,050,699","1,292,584,527",00990819,20070302,591,서울특별시 강남구 학동로25길 19,00990819,래몽래인,200350,서울특별시,강남구,127.028593424,37.514833391
419,038390,레드캡투어,코스닥시장상장법인,752,여행사 및 기타 여행 보조 서비스업,영업이익,"20,469,193,641","20,097,141,566","34,971,515,715",00261355,19960801,75210,서울특별시 중구 을지로 100파인에비뉴 B동 19층,00261355,레드캡투어,038390,서울특별시,중구,126.988142548,37.565648682
430,023530,롯데쇼핑,유가증권시장상장법인,471,종합 소매업,영업이익,"207,602,693,266","346,084,471,821","427,910,873,611",00120526,19700702,47111,서울특별시 중구  남대문로 81 (소공동),00120526,롯데쇼핑,023530,서울특별시,중구,126.981731246,37.564728449
433,280360,롯데제과,유가증권시장상장법인,107,기타 식품 제조업,영업이익,"108,471,110,781","112,550,163,341","97,328,867,315",01258507,20171001,10713,서울특별시 영등포구 양평로21길 10,01258507,롯데웰푸드,280360,서울특별시,영등포구,126.892760714,37.537413048
435,005300,롯데칠성음료,유가증권시장상장법인,112,비알코올 음료 및 얼음 제조업,영업이익,"182,218,380,367","97,230,309,774","107,665,774,804",00120571,19671129,11209,서울특별시 서초구 서초대로70길 15,00120571,롯데칠성음료,005300,서울특별시,서초구,127.024191149,37.496384369
437,002270,롯데푸드,유가증권시장상장법인,105,낙농제품 및 식용 빙과류 제조업,영업이익,"38,457,267,163","44,532,725,539","47,071,049,030",00120508,19580110,10502,서울특별시 영등포구 양평로19길 19 -,00120508,롯데푸드,002270,서울특별시,영등포구,126.894186306,37.535577566
441,039980,리노스,코스닥시장상장법인,474,"섬유, 의복, 신발 및 가죽제품 소매업",영업이익(손실),"1,468,689,021","-6,189,068,381","-320,791,749",00369213,19910201,620,"서울특별시 서초구 서운로 19 (서초동, 서초월드오피스텔) 4층",00369213,리노스,039980,서울특별시,서초구,127.029070073,37.485623888
442,019570,리더스 기술투자,코스닥시장상장법인,642,신탁업 및 집합 투자업,영업이익(손실),"1,733,306,736","-10,513,410,950","-3,339,529,249",00110750,19861127,64209,서울특별시 강남구 테헤란로 447 KB우준타워 KB우준타워 17층,00110750,리더스 기술투자,019570,서울특별시,강남구,127.056060732,37.507132388
444,012700,리드코프,코스닥시장상장법인,467,기타 전문 도매업,III. 영업이익,"61,398,800,760","60,086,161,884","53,883,905,253",00117708,19770919,46712,"서울특별시 중구 소공로 109 3층(소공동, 소공동한화빌딩)",00117708,리드코프,012700,서울특별시,중구,126.978551635,37.564195309
446,377450,리파인,코스닥시장상장법인,639,기타 정보 서비스업,영업이익,"21,005,532,771","20,232,920,602","5,218,417,875",01210066,20020710,63991,"서울특별시 강남구 테헤란로 625, 4층 (삼성동, 덕명빌딩)",01210066,리파인,377450,서울특별시,강남구,127.066045132,37.510169005
447,277070,린드먼아시아,코스닥시장상장법인,642,신탁업 및 집합 투자업,영업이익(손실),"7,224,482,314","6,547,481,688","5,392,669,158",00616962,20060705,64209,"서울특별시 강남구 테헤란로 234, 4층(역삼동, 삼익빌딩)",00616962,린드먼아시아,277070,서울특별시,강남구,127.041869918,37.501938548
451,222810,마이더스AI,코스닥시장상장법인,582,소프트웨어 개발 및 공급업,영업이익(손실),"-1,439,901,601","-3,972,734,779","-6,117,680,817",01091382,20150608,582,"서울특별시 강남구 역삼로 413 대치상부타워 3층, 5층",01091382,세토피아,222810,서울특별시,강남구,127.052198437,37.501177881
459,093520,매커스,코스닥시장상장법인,465,기계장비 및 관련 물품 도매업,영업이익(손실),"26,018,645,884","9,461,969,124","5,948,929,687",00596677,20061214,4659,서울특별시 강남구 봉은사로44길 73,00596677,매커스,093520,서울특별시,강남구,127.043331462,37.505484681
460,072870,메가스터디,코스닥시장상장법인,581,"서적, 잡지 및 기타 인쇄물 출판업",영업이익(손실),"15,896,886,462","10,867,486,346","2,310,618,399",00422284,20000712,581,"서울특별시 서초구 효령로 304 24층(서초동, 국제전자센터)",00422284,메가스터디,072870,서울특별시,서초구,127.017826546,37.484756886
461,215200,메가스터디교육,코스닥시장상장법인,855,일반 교습학원,영업이익(손실),"99,007,256,559","32,815,677,164","59,636,102,296",01074862,20000712,85503,서울특별시 서초구 효령로 321 덕원빌딩,01074862,메가스터디교육,215200,서울특별시,서초구,127.019169928,37.486129142
462,133750,메가엠디,코스닥시장상장법인,855,일반 교습학원,영업이익(손실),"7,690,985,752","7,114,280,946","-844,577,454",00807555,20040119,85503,"서울특별시 서초구 반포대로 81 4층(서초동, 영림빌딩)",00807555,메가엠디,133750,서울특별시,서초구,127.009330569,37.487611695
463,235980,메드팩토,코스닥시장상장법인,701,자연과학 및 공학 연구개발업,영업손실,"-29,459,122,356","-27,799,946,251","-13,238,448,721",01336373,20130619,70113,"서울특별시 서초구 명달로 92, 보림빌딩",01336373,메드팩토,235980,서울특별시,서초구,127.004233791,37.485474591
464,014100,메디앙스,코스닥시장상장법인,204,기타 화학제품 제조업,영업이익(손실),"4,479,265,875","-374,204,255","-148,216,139",00267854,19790428,20423,서울특별시 강남구 논현로64길 4 5층~6층,00267854,메디앙스,014100,서울특별시,강남구,127.040930096,37.493477130
465,054180,메디콕스,코스닥시장상장법인,311,선박 및 보트 건조업,영업이익(손실),"-9,346,566,522","-4,334,769,160","-639,453,410",00356839,19990126,31114,"서울특별시 강남구 도산대로 549 2~3층 (청담동, 블루펄빌딩)",00356839,메디콕스,054180,서울특별시,강남구,127.053965567,37.525624811
468,140410,메지온,코스닥시장상장법인,701,자연과학 및 공학 연구개발업,영업이익(손실),"-16,797,556,309","-7,530,525,117","-24,717,034,062",00808022,20020925,70113,서울특별시 강남구 삼성로 570 석천빌딩 7층,00808022,메지온,140410,서울특별시,강남구,127.054128822,37.512399730
470,090370,메타랩스,유가증권시장상장법인,141,봉제의복 제조업,영업이익(손실),"-1,422,724,476","325,116,803","-1,389,288,050",00442835,20001103,141,서울특별시 강남구 언주로 428(역삼동),00442835,메타랩스,090370,서울특별시,강남구,127.043588336,37.501655118
477,080160,모두투어,코스닥시장상장법인,752,여행사 및 기타 여행 보조 서비스업,영업이익,"-23,338,381,218","-20,576,984,706","2,039,622,260",00456218,19890214,75210,서울특별시 중구  을지로 16 프레지던트호텔 5층 모두투어네트워크,00456218,모두투어,080160,서울특별시,중구,126.979406149,37.565598031
478,100030,모바일리더,코스닥시장상장법인,582,소프트웨어 개발 및 공급업,영업이익(손실),"4,449,598,695","4,498,559,679","4,967,886,898",00641171,20000223,58222,서울특별시 강남구 테헤란로 131 16층,00641171,인지소프트,100030,서울특별시,강남구,127.032926912,37.500066200
488,001810,무림SP,코스닥시장상장법인,171,"펄프, 종이 및 판지 제조업",영업이익,"6,100,549,787","6,606,513,425","1,179,046,904",00121507,19560726,1712,서울특별시 강남구  강남대로 656 (신사동),00121507,무림SP,001810,서울특별시,강남구,127.018951572,37.520334211
501,201490,미투온,코스닥시장상장법인,582,소프트웨어 개발 및 공급업,영업이익(손실),"34,514,887,886","44,593,313,509","40,455,050,543",00965813,20100601,5821,서울특별시 강남구 학동로 343 더피나클강남 6층,00965813,미투온,201490,서울특별시,강남구,127.040619448,37.517480740
503,214180,민앤지,코스닥시장상장법인,639,기타 정보 서비스업,영업이익,"37,477,007,216","28,200,340,512","26,978,788,006",01013311,20090319,63991,서울특별시 강남구 테헤란로34길 6 태광타워 13층,01013311,헥토이노베이션,214180,서울특별시,강남구,127.039885944,37.501063237
525,206400,베노홀딩스,코스닥시장상장법인,582,소프트웨어 개발 및 공급업,영업손익,"1,536,538,708","816,303,622","2,729,571,137",01043853,20140919,424,서울특별시 강남구 논현로 322 크리스역삼빌딩 5층,01043853,베노홀딩스,206400,서울특별시,강남구,127.040445786,37.494122173
526,019010,베뉴지,코스닥시장상장법인,471,종합 소매업,영업이익(손실),"2,868,271,528","3,755,820,891","6,047,213,201",00267906,19790427,47111,서울특별시 강남구 선릉로62길 15,00267906,베뉴지,019010,서울특별시,강남구,127.053700655,37.497661786
528,299910,베스파,코스닥시장상장법인,582,소프트웨어 개발 및 공급업,영업이익(손실),"-44,122,071,394","-33,911,872,842","-8,700,075,382",01259056,20130509,5821,"서울특별시 강남구 테헤란로83길 15, 제이엠빌딩 9층",01259056,베스파,299910,서울특별시,강남구,127.057148311,37.508401684
529,007210,벽산,유가증권시장상장법인,239,기타 비금속 광물제품 제조업,영업이익(손실),"8,544,877,436","9,603,185,124","-3,811,389,985",00122898,19710409,23999,"서울특별시 중구  퇴계로 307 광희동 1가, 광희빌딩",00122898,벽산,007210,서울특별시,중구,127.005727680,37.564304981
531,250000,보라티알,코스닥시장상장법인,463,음ㆍ식료품 및 담배 도매업,영업이익,"6,946,889,081","3,586,693,844","3,208,938,352",01124680,20151102,4632,서울특별시 강남구 강남대로 518 화이트518,01124680,보라티알,250000,서울특별시,강남구,127.023082467,37.508437457
532,003850,보령제약,유가증권시장상장법인,212,의약품 제조업,영업이익,"41,448,228,314","39,986,310,801","39,063,788,696",00123143,19631111,212,서울 종로구 원남동 보령빌딩 66-21,00123143,보령,003850,서울,종로구,0,0
534,226340,본느,코스닥시장상장법인,204,기타 화학제품 제조업,영업이익(손실),"-1,046,573,174","-857,453,537","5,581,769,387",01098792,20150728,204,서울특별시 강남구 선릉로90길 14 프레티늄 빌딩,01098792,본느,226340,서울특별시,강남구,127.050511508,37.504038388
536,014470,부방,코스닥시장상장법인,649,기타 금융업,영업이익(손실),"-4,330,515,940","-176,078,578","-4,220,138,141",00243067,19791214,681,서울특별시 강남구  삼성로 528 부방빌딩,00243067,부방,014470,서울특별시,강남구,127.055870744,37.509211420
538,338220,뷰노,코스닥시장상장법인,631,"자료 처리, 호스팅, 포털 및 기타 인터넷 정보 매개 서비스업",영업이익(손실),"-17,812,680,120","-9,721,688,063","-6,021,756,963",01344202,20141210,582,서울특별시 서초구 강남대로 479 9층,01344202,뷰노,338220,서울특별시,서초구,127.023700376,37.505082955
542,365900,브이씨,코스닥시장상장법인,333,운동 및 경기용구 제조업,영업이익(손실),"8,418,628,333","6,480,024,710","3,261,415,262",01354740,20050401,3330,"서울특별시 강남구 테헤란로108길 23 대치동, 보이스캐디 사옥",01354740,브이씨,365900,서울특별시,강남구,127.066464616,37.507981831
564,357880,비트나인,코스닥시장상장법인,582,소프트웨어 개발 및 공급업,영업이익(손실),"1,182,836,785","-859,262,240","-6,538,503,603",01381984,20131028,58222,서울특별시 강남구 테헤란로 516 정헌빌딩 4층,01381984,비트나인,357880,서울특별시,강남구,127.060079255,37.507412774
565,032850,비트컴퓨터,코스닥시장상장법인,582,소프트웨어 개발 및 공급업,영업이익(손실),"6,408,586,655","5,642,640,703","6,469,235,209",00231707,19850418,58221,서울특별시 서초구 서초대로74길 33,00231707,비트컴퓨터,032850,서울특별시,서초구,127.027602690,37.494627847
571,003960,사조대림,유가증권시장상장법인,102,수산물 가공 및 저장 처리업,영업이익(손실),"102,255,264,027","49,420,063,503","49,566,681,783",00109718,19640501,10211,서울특별시 서초구 남부순환로 2159,00109718,사조대림,003960,서울특별시,서초구,126.988988695,37.475625694
572,008040,사조동아원,유가증권시장상장법인,106,"곡물 가공품, 전분 및 전분제품 제조업",영업이익(손실),"19,110,101,101","16,037,788,436","12,454,479,690",00137252,19720726,106,서울특별시 서초구 방배천로2길 12 사조빌딩,00137252,사조동아원,008040,서울특별시,서초구,126.983563837,37.476698629
581,001470,삼부토건,유가증권시장상장법인,412,토목 건설업,영업이익(손실),"-4,353,122,537","-7,849,588,856","4,957,492,088",00125974,19550514,41221,서울특별시 중구 퇴계로 67 -,00125974,삼부토건,001470,서울특별시,중구,126.979540500,37.559740306
587,068290,삼성출판사,유가증권시장상장법인,581,"서적, 잡지 및 기타 인쇄물 출판업",영업이익(손실),"7,997,004,015","-4,508,253,735","4,797,975,164",00423690,20020702,5811,서울특별시 서초구  명달로 94 (주)삼성출판사,00423690,삼성출판사,068290,서울특별시,서초구,127.004336090,37.485689699
590,145990,삼양사,유가증권시장상장법인,107,기타 식품 제조업,영업이익,"82,553,000,000","111,573,000,000","81,564,000,000",00896285,20111103,10720,서울특별시 종로구 종로33길 31 삼양사,00896285,삼양사,145990,서울특별시,종로구,127.001516632,37.572441499
593,000070,삼양홀딩스,유가증권시장상장법인,649,기타 금융업,영업이익,"351,700,000,000","170,336,000,000","79,376,000,000",00126937,19241001,64992,서울특별시 종로구 종로33길 31,00126937,삼양홀딩스,000070,서울특별시,종로구,127.001516632,37.572441499
597,003720,삼영화학공업,유가증권시장상장법인,222,플라스틱 제품 제조업,영업이익(손실),"2,591,808,229","1,317,049,495","-905,742,853",00127255,19590410,2221,"서울특별시 종로구 청계천로 35 13층(서린동, 관정빌딩)",00127255,삼영,003720,서울특별시,종로구,126.981376171,37.569341486
599,004440,삼일씨엔에스,유가증권시장상장법인,233,"시멘트, 석회, 플라스터 및 그 제품 제조업",영업이익(손실),"13,578,850,935","-257,683,957","3,576,912,928",00109806,19651231,23325,서울특별시 중구 을지로5길 16 삼화타워 5층,00109806,삼일씨엔에스,004440,서울특별시,중구,126.984906866,37.566950752
600,000520,삼일제약,유가증권시장상장법인,212,의약품 제조업,영업이익(손실),"399,740,768","6,538,397,865","4,822,839,404",00128032,19471007,21210,"서울특별시 서초구  효령로 155 (방배동, 삼일제약 사옥)",00128032,삼일제약,000520,서울특별시,서초구,127.001236643,37.482324992
605,004690,삼천리,유가증권시장상장법인,352,연료용 가스 제조 및 배관공급업,영업이익,"69,998,065,700","94,564,154,009","85,565,315,738",00128555,19660707,35200,"서울특별시 영등포구  국제금융로6길 42 (여의도동, 삼천리빌딩)",00128555,삼천리,004690,서울특별시,영등포구,126.925573718,37.520942106
606,024950,삼천리자전거,코스닥시장상장법인,464,생활용품 도매업,영업이익,"10,845,931,913","10,903,084,302","-8,241,460,328",00128607,19790323,46465,서울특별시 강남구 테헤란로 445 (삼성동),00128607,삼천리자전거,024950,서울특별시,강남구,127.055830087,37.507040575
609,046390,삼화네트웍스,코스닥시장상장법인,591,"영화, 비디오물, 방송 프로그램 제작 및 배급업",영업이익(손실),"6,750,170,051","-206,716,896","173,531,136",00301112,19911012,59120,서울특별시 강남구 선릉로91길 8 신아트스페이스빌딩 5층,00301112,삼화네트웍스,046390,서울특별시,강남구,127.047914468,37.505093739
620,042940,상지카일룸,코스닥시장상장법인,411,건물 건설업,영업이익(손실),"-14,673,269,825","-3,099,301,367","591,244,963",00232007,19790621,411,"서울특별시 강남구 영동대로 741 9층(청담동, 은성빌딩)",00232007,상지카일룸,042940,서울특별시,강남구,127.053703072,37.524233760
623,007540,샘표,유가증권시장상장법인,649,기타 금융업,영업이익(손실),"21,904,156,438","41,110,653,286","29,530,642,938",00130091,19711209,64992,서울특별시 중구 충무로 2,00130091,샘표,007540,서울특별시,중구,126.993476132,37.561601324
624,248170,샘표식품,유가증권시장상장법인,107,기타 식품 제조업,영업이익(손실),"23,510,478,004","42,800,583,684","31,005,275,920",01167056,20160704,10743,"서울특별시 중구 충무로 2 8층 (필동1가, 매일경제빌딩)",01167056,샘표식품,248170,서울특별시,중구,126.993476132,37.561601324
632,043710,서울리거,코스닥시장상장법인,467,기타 전문 도매업,영업이익(손실),"2,852,079,375","-14,872,433,552","-4,545,738,410",00305570,19910302,467,서울특별시 강남구 논현로133길 9 거야빌딩,00305570,서울리거,043710,서울특별시,강남구,127.029288153,37.514911608
635,063170,서울옥션,코스닥시장상장법인,461,상품 중개업,영업이익(손실),"19,728,868,607","-412,008,308","-4,624,906,587",00410915,19981230,4610,서울 종로구 평창동 98,00410915,서울옥션,063170,서울,종로구,126.967754528,37.613842347
652,037350,성도이엔지,코스닥시장상장법인,721,"건축 기술, 엔지니어링 및 관련 기술 서비스업",영업이익,"16,883,775,550","19,246,894,201","19,008,641,402",00216498,19880513,721,서울특별시 강남구 영동대로106길 42,00216498,성도이엔지,037350,서울특별시,강남구,127.064675766,37.514036756
655,004980,성신양회,유가증권시장상장법인,233,"시멘트, 석회, 플라스터 및 그 제품 제조업",영업이익(손실),"30,023,204,984","21,195,353,796","20,762,748,750",00132804,19670316,23311,서울특별시 종로구  인사동5길 29,00132804,성신양회,004980,서울특별시,종로구,126.984841914,37.571987461
666,004490,세방전지,유가증권시장상장법인,282,일차전지 및 축전지 제조업,영업이익(손실),"99,704,951,541","86,348,974,704","105,678,424,154",00133858,19520910,28202,서울특별시 강남구 선릉로 433,00133858,세방전지,004490,서울특별시,강남구,127.048901599,37.503766842
667,011560,세보엠이씨,코스닥시장상장법인,422,건물설비 설치 공사업,영업이익,"8,591,768,646","7,069,126,711","-8,949,531,943",00133876,19780726,422,서울특별시 서초구  효령로 341,00133876,세보엠이씨,011560,서울특별시,서초구,127.021317166,37.486640300
672,052190,세영디앤씨,코스닥시장상장법인,901,창작 및 예술관련 서비스업,영업이익(손실),"-858,828,966","-4,706,521,234","-9,148,935,237",00347877,19941028,901,서울특별시 강남구 학동로 215 4층 401호(씨엘타워),00347877,세영디앤씨,052190,서울특별시,강남구,127.032570400,37.514863865
679,039310,세중,코스닥시장상장법인,752,여행사 및 기타 여행 보조 서비스업,영업이익(손실),"4,881,682,129","1,605,582,481","3,935,148,861",00264671,19951207,582,서울특별시 종로구 창경궁로 143 세중타워 6층,00264671,세중,039310,서울특별시,종로구,126.997121002,37.575232426
683,234340,세틀뱅크,코스닥시장상장법인,639,기타 정보 서비스업,영업이익(손실),"15,287,940,649","10,657,835,807","13,432,507,477",00763701,20001009,63999,"서울특별시 강남구 테헤란로34길 6, 9~10층  ;",00763701,헥토파이낸셜,234340,서울특별시,강남구,127.039885944,37.501063237
691,053110,소리바다,코스닥시장상장법인,631,"자료 처리, 호스팅, 포털 및 기타 인터넷 정보 매개 서비스업",영업이익(손실),"-3,719,699,549","-9,421,411,575","-7,458,717,677",00352718,19980813,631,"서울특별시 강남구 도산대로 217 3층(신사동, 강남빌딩)",00352718,소리바다,053110,서울특별시,강남구,127.030559787,37.520825945
692,032680,소프트센,코스닥시장상장법인,465,기계장비 및 관련 물품 도매업,영업이익(손실),"20,571,461,479","4,380,998,999","247,278,771",00204226,19880411,639,"서울특별시 서초구 반포대로 13 1층 (서초동, 아이티센빌딩)",00204226,소프트센,032680,서울특별시,서초구,127.011899997,37.481876770
698,035610,솔본,코스닥시장상장법인,715,회사 본부 및 경영 컨설팅 서비스업,영업이익(손실),"15,663,181,185","7,272,034,079","314,829,373",00249982,19940805,715,"서울특별시 강남구  학동로95길 51 청담동,청담스포피아",00249982,솔본,035610,서울특별시,강남구,127.052789337,37.522291162
700,304100,솔트룩스,코스닥시장상장법인,582,소프트웨어 개발 및 공급업,III. 영업이익(손실),"-3,877,938,673","355,527,741","25,138,761",01050738,19810817,582,서울특별시 강남구 언주로 538,01050738,솔트룩스,304100,서울특별시,강남구,127.041227143,37.506381324
708,192440,슈피겐코리아,코스닥시장상장법인,339,그 외 기타 제품 제조업,영업이익(손실),"44,439,629,582","79,674,418,917","44,084,208,861",00917861,20090218,339,서울특별시 강남구 봉은사로 446 슈피겐HQ,00917861,슈피겐코리아,192440,서울특별시,강남구,127.048516612,37.511361245
711,276040,스코넥,코스닥시장상장법인,582,소프트웨어 개발 및 공급업,III.영업이익(손실),"-3,253,645,177","-5,619,422,350","-5,938,290,116",01290248,20020416,5821,"서울특별시 강남구 선릉로 577, 9층(역삼동, 조선내화빌딩)",01290248,스코넥,276040,서울특별시,강남구,127.043649339,37.509908873
716,013810,스페코,코스닥시장상장법인,292,특수 목적용 기계 제조업,영업이익(손실),"2,805,011,555","12,007,958,474","6,635,585,349",00136165,19790207,29229,서울특별시 강남구 학동로 171 삼익빌딩 7층,00136165,스페코,013810,서울특별시,강남구,127.029502096,37.514060424
717,039670,스포츠서울,코스닥시장상장법인,581,"서적, 잡지 및 기타 인쇄물 출판업",영업이익(손실),"-3,459,155,532","-5,572,636,519","-5,878,278,549",00298687,19991230,58121,"서울특별시 중구 삼일대로6길 5 11층(충무로2가, 조양빌딩신관)",00298687,스포츠서울,039670,서울특별시,중구,126.989317835,37.562509847
729,215600,신라젠,코스닥시장상장법인,701,자연과학 및 공학 연구개발업,영업손실,"-20,350,080,938","-34,210,158,046","-58,492,593,158",00919966,20060328,70113,"서울특별시 중구 소공로 109 9층(소공동, 한화빌딩)",00919966,신라젠,215600,서울특별시,중구,126.978551635,37.564195309
732,006880,신송홀딩스,유가증권시장상장법인,462,산업용 농ㆍ축산물 및 동ㆍ식물 도매업,영업이익(손실),"6,867,678,554","5,152,838,429","-309,065,510",00136402,19701105,46201,서울특별시 영등포구 여의나루로 53-1,00136402,신송홀딩스,006880,서울특별시,영등포구,126.924981943,37.522738531
740,404990,신한서부티엔디리츠,유가증권시장상장법인,681,부동산 임대 및 공급업,영업이익(손실),"5,663,999,257","3,556,152,725","254,721,667",01436558,20200102,68112,"서울특별시 종로구 종로 33 (청진동, 그랑서울) 1동 18층",01436558,신한서부티엔디리츠,404990,서울특별시,종로구,126.981435735,37.571014181
741,293940,신한알파리츠,유가증권시장상장법인,681,부동산 임대 및 공급업,영업이익(손실),"22,814,306,766","13,350,362,969","13,968,000,283",01276594,20171218,6811,"서울특별시 종로구 종로 33 그랑서울, 18층",01276594,신한알파리츠,293940,서울특별시,종로구,126.981435735,37.571014181
742,293940,신한알파리츠,유가증권시장상장법인,681,부동산 임대 및 공급업,영업이익(손실),"22,073,213,032","22,814,306,766","13,350,362,969",01276594,20171218,6811,"서울특별시 종로구 종로 33 그랑서울, 18층",01276594,신한알파리츠,293940,서울특별시,종로구,126.981435735,37.571014181
745,004080,신흥,유가증권시장상장법인,465,기계장비 및 관련 물품 도매업,영업이익(손실),"13,042,805,671","3,157,339,788","1,628,388,570",00173795,19641113,4659,서울특별시 중구 청파로 450  (중림동) 신흥빌딩 8층 재경팀,00173795,신흥,004080,서울특별시,중구,126.968812783,37.559679100
751,102280,쌍방울,유가증권시장상장법인,141,봉제의복 제조업,영업이익(손실),"-2,306,484,345","-1,261,285,101","-10,342,326,742",00681142,20080502,14120,서울특별시 중구 퇴계로 390 -,00681142,쌍방울,102280,서울특별시,중구,127.015056129,37.564964666
765,112610,씨에스윈드,유가증권시장상장법인,251,"구조용 금속제품, 탱크 및 증기발생기 제조업",영업이익(손실),"100,965,948,942","97,574,461,877","60,135,938,305",00670340,20060816,2511,서울특별시 강남구 언주로 723 -,00670340,씨에스윈드,112610,서울특별시,강남구,127.034601294,37.518963993
766,359090,씨엔알리서치,코스닥시장상장법인,739,"그 외 기타 전문, 과학 및 기술 서비스업",영업이익(손실),"5,813,414,468","4,936,435,304",,01487446,20200618,739,"서울특별시 강남구 역삼로 412 (대치동, 씨엔알빌딩)",01487446,씨엔알리서치,359090,서울특별시,강남구,127.052340685,37.500740587
773,260930,씨티케이,코스닥시장상장법인,204,기타 화학제품 제조업,영업이익(손실),"-14,290,620,180","527,501,750","3,950,193,594",01144028,20010508,20423,서울특별시 서초구 효령로 234 씨티케이코스메틱스,01144028,씨티케이,260930,서울특별시,서초구,127.009848336,37.483476545
774,013990,아가방컴퍼니,코스닥시장상장법인,464,생활용품 도매업,영업이익(손실),"5,905,777,500","-3,910,670,133","-3,483,679,557",00138446,19790402,46414,서울특별시 강남구 테헤란로 207 아가방빌딩,00138446,아가방컴퍼니,013990,서울특별시,강남구,127.038721497,37.501716311
780,074430,아미노로직스,코스닥시장상장법인,467,기타 전문 도매업,영업이익(손실),"4,103,891,652","2,476,096,679","-761,038,280",00466428,19970903,467,서울특별시 강남구 역삼로 151 삼오빌딩3층 301호,00466428,아미노로직스,074430,서울특별시,강남구,127.035662716,37.494923298
784,002030,아세아,유가증권시장상장법인,715,회사 본부 및 경영 컨설팅 서비스업,영업이익(손실),"228,865,744,338","146,952,544,905","158,437,631,946",00138701,19570427,715,서울특별시 강남구  논현로 430 아세아타워빌딩 14층,00138701,아세아,002030,서울특별시,강남구,127.038355470,37.499000997
785,183190,아세아시멘트,유가증권시장상장법인,233,"시멘트, 석회, 플라스터 및 그 제품 제조업",영업이익(손실),"128,646,922,022","75,305,385,497","81,159,969,547",00990165,20131002,23311,서울 강남구 역삼2동 726 아세아타워빌딩 14층,00990165,아세아시멘트,183190,서울,강남구,0,0
786,002310,아세아제지,유가증권시장상장법인,172,"골판지, 종이 상자 및 종이 용기 제조업",영업이익(손실),"93,875,118,756","65,707,649,110","71,117,330,003",00138729,19580307,172,서울특별시 강남구  논현로 430,00138729,아세아제지,002310,서울특별시,강남구,127.038355470,37.499000997
787,012170,아센디오,유가증권시장상장법인,591,"영화, 비디오물, 방송 프로그램 제작 및 배급업",영업이익(손실),"-3,557,150,999","-3,464,251,994","-8,161,344,868",00145437,19770421,591,"서울특별시 강남구 언주로 729 8층(논현동, 마스터스빌딩)",00145437,아센디오,012170,서울특별시,강남구,127.034170655,37.519930111
792,227610,아우딘퓨쳐스,코스닥시장상장법인,204,기타 화학제품 제조업,영업이익(손실),"-7,721,456,887","-5,883,151,678","-20,663,704,456",01080687,20001218,20423,"서울특별시 강남구 테헤란로 508 해성2빌딩 (대치동, 해성2빌딩 15층)",01080687,아우딘퓨쳐스,227610,서울특별시,강남구,127.057985796,37.506824991
796,122900,아이마켓코리아,유가증권시장상장법인,468,상품 종합 도매업,영업이익,"45,420,682,449","40,515,731,617","52,038,830,520",00360142,20001208,46800,서울특별시 강남구 삼성로 512 삼성동빌딩 16층,00360142,아이마켓코리아,122900,서울특별시,강남구,127.056598198,37.508107446
797,339950,아이비김영,코스닥시장상장법인,855,일반 교습학원,영업이익(손실),"7,844,870,225","4,061,770,907","7,334,279,453",01414422,20191011,85503,"서울특별시 서초구 강남대로 279 4,5층(서초동, 백향빌딩)",01414422,아이비김영,339950,서울특별시,서초구,127.031757445,37.488106483
801,010780,아이에스동서,유가증권시장상장법인,232,"내화, 비내화 요업제품 제조업",영업이익(손실),"310,765,130,275","209,023,343,475","71,460,811,752",00115977,19750901,233,서울특별시 강남구  영동대로 741,00115977,아이에스동서,010780,서울특별시,강남구,127.053703072,37.524233760
802,069920,아이에스이커머스,코스닥시장상장법인,479,무점포 소매업,영업이익(손실),"-7,802,164,718","120,871,334","-4,740,107,990",00426068,20010314,479,"서울특별시 강남구 영동대로 648 (삼성동,삼안빌딩 5층)",00426068,아이에스이커머스,069920,서울특별시,강남구,127.057652598,37.519989914
813,175250,아이큐어,코스닥시장상장법인,212,의약품 제조업,영업이익(손실),"-28,283,201,852","-15,533,657,502","-6,291,250,579",00554352,20000529,21210,서울특별시 강남구 봉은사로104길 10 7층,00554352,아이큐어,175250,서울특별시,강남구,127.061917901,37.513717431
814,052460,아이크래프트,코스닥시장상장법인,620,"컴퓨터 프로그래밍, 시스템 통합 및 관리업",영업이익(손실),"2,099,545,973","33,813,577","28,493,772",00405719,20000121,620,서울특별시 강남구 테헤란로44길 8 아이콘역삼 7층 및 8층,00405719,아이크래프트,052460,서울특별시,강남구,127.044436899,37.502363266
816,052770,아이톡시,코스닥시장상장법인,582,소프트웨어 개발 및 공급업,영업이익(손실),"-5,266,601,265","-73,942,084","-2,076,146,157",00346911,19970630,467,서울특별시 강남구 도산대로 427 파모소빌딩 4층,00346911,아이톡시,052770,서울특별시,강남구,127.042558664,37.523948352
817,124500,아이티센,코스닥시장상장법인,620,"컴퓨터 프로그래밍, 시스템 통합 및 관리업",영업이익(손실),"31,538,468,377","14,562,145,227","25,201,012,728",00620868,20050510,62021,서울특별시 서초구 반포대로13 아이티센빌딩,00620868,아이티센,124500,서울특별시,서초구,0,0
818,372800,아이티아이즈,코스닥시장상장법인,582,소프트웨어 개발 및 공급업,영업손익,"-2,523,341,783","3,053,248,586","2,325,949,424",01429840,20120807,58221,"서울특별시 영등포구 은행로 37, 5층",01429840,아이티아이즈,372800,서울특별시,영등포구,126.922617514,37.529453307
823,001540,안국약품,코스닥시장상장법인,212,의약품 제조업,영업이익(손실),"-1,084,081,000","-61,209,863","2,417,840,589",00139205,19590212,21210,서울 영등포구 대림동 993-75,00139205,안국약품,001540,서울,영등포구,0,0
834,085810,알티캐스트,코스닥시장상장법인,582,소프트웨어 개발 및 공급업,영업이익(손실),"2,752,237,425","4,281,204,646","-13,496,180,044",00364254,19990201,58222,서울특별시 서초구 반포대로 27파크빌딩 6층,00364254,알티캐스트,085810,서울특별시,서초구,127.011599182,37.482861889
841,205500,액션스퀘어,코스닥시장상장법인,582,소프트웨어 개발 및 공급업,영업이익(손실),"-7,358,939,316","-1,851,301,128","-8,228,877,960",01042429,20140827,582,"서울특별시 강남구 테헤란로 419 20층(삼성동, 강남파이낸스플라자)",01042429,액션스퀘어,205500,서울특별시,강남구,127.052179532,37.505861980
842,052790,액토즈소프트,코스닥시장상장법인,582,소프트웨어 개발 및 공급업,영업이익,"25,383,870,235","17,854,203,641","25,654,108,358",00348034,19961029,5821,"서울특별시 중구 서애로 33 1층, 4층, 5층(필동3가,티엔에스빌딩)",00348034,액토즈소프트,052790,서울특별시,중구,126.996545220,37.559543276
853,038680,에스넷,코스닥시장상장법인,620,"컴퓨터 프로그래밍, 시스템 통합 및 관리업",영업이익(손실),"-1,243,499,962","4,187,945,805","7,458,716,724",00264635,19990208,62021,서울특별시 강남구 선릉로 514 성원빌딩,00264635,에스넷,038680,서울특별시,강남구,127.049163074,37.505602847
865,306040,에스제이그룹,코스닥시장상장법인,151,"가죽, 가방 및 유사 제품 제조업",영업이익,"29,111,359,438","18,029,897,243","16,366,615,474",01222432,20080314,15129,서울특별시 강남구 도곡로 156 SJ빌딩,01222432,에스제이그룹,306040,서울특별시,강남구,127.037062982,37.490948134
872,052020,에스티큐브,코스닥시장상장법인,465,기계장비 및 관련 물품 도매업,영업이익(손실),"-18,950,232,263","-12,732,185,357","-3,084,161,336",00273110,19890816,465,"서울특별시 강남구  영동대로 511 2201(삼성동, 무역센터 트레이드타워)",00273110,에스티큐브,052020,서울특별시,강남구,127.060999083,37.510322574
878,187660,에이디엠코리아,코스닥시장상장법인,701,자연과학 및 공학 연구개발업,영업이익(손실),"2,090,550,559","3,530,521,258","850,876,993",01409022,20031031,70113,"서울특별시 종로구 새문안로5길 19, 7층 711호(당주동, 로얄빌딩)",01409022,에이디엠코리아,187660,서울특별시,종로구,126.974291344,37.572005554
880,078520,에이블씨엔씨,유가증권시장상장법인,204,기타 화학제품 제조업,영업이익(손실),"-22,379,323,056","-67,995,501,905","1,834,111,614",00400857,20000107,20423,"서울특별시 중구 남대문로 78 7층(명동1가, 타임워크명동빌딩)",00400857,에이블씨엔씨,078520,서울특별시,중구,126.982985497,37.564201004
886,227100,에이치앤비디자인,코스닥시장상장법인,281,"전동기, 발전기 및 전기 변환ㆍ공급ㆍ제어 장치 제조업",영업이익(손실),"-9,252,024,703","-5,381,761,113","-3,639,916,191",01207761,20120510,2811,서울특별시 강남구 테헤란로 301 18층,01207761,에이치앤비디자인,227100,서울특별시,강남구,127.043062532,37.503116773
888,043220,에이치엘비파워,코스닥시장상장법인,292,특수 목적용 기계 제조업,영업이익(손실),"-5,317,171,707","1,312,812,242","3,388,671,127",00317487,19950731,292,"서울특별시 강남구 언주로 527 3층(역삼동, 강남텔레피아빌딩)",00317487,티에스넥스젠,043220,서울특별시,강남구,127.041039938,37.505425076
891,357230,에이치피오,코스닥시장상장법인,107,기타 식품 제조업,영업이익(손실),"22,840,949,360","25,670,235,517","9,776,887,132",01068737,20120406,10797,서울특별시 영등포구 양평로 115 -,01068737,에이치피오,357230,서울특별시,영등포구,126.894606173,37.537308215
900,244920,에이플러스에셋,유가증권시장상장법인,662,보험 및 연금관련 서비스업,영업이익,"5,736,591,082","23,161,397,064","20,880,411,060",00684802,20070607,66202,서울특별시 서초구 강남대로 369 에이플러스에셋타워,00684802,에이플러스에셋,244920,서울특별시,서초구,127.028208435,37.495673498
903,230360,에코마케팅,코스닥시장상장법인,713,광고업,영업이익(손실),"40,062,457,774","58,860,907,917","37,837,722,117",01029394,20030324,71310,"서울특별시 강남구 학동로 343 14층(논현동, 포바강남타워)",01029394,에코마케팅,230360,서울특별시,강남구,127.040619448,37.517480740
904,038870,에코바이오,코스닥시장상장법인,741,사업시설 유지ㆍ관리 서비스업,영업이익(손실),"823,571,661","1,452,519,137","1,012,817,342",00287812,19970804,741,서울 서초구 서초동 1302-7 토탈에코빌딩,00287812,에코바이오,038870,서울,서초구,0,0
912,064090,에프앤리퍼블릭,코스닥시장상장법인,468,상품 종합 도매업,영업이익(손실),"-7,850,172,376","-13,432,427,813","-22,802,892,021",00390408,19910930,468,"서울특별시 강남구 영동대로 701 8F(청담동, W타워)",00390408,웨스트라이즈,064090,서울특별시,강남구,127.056368592,37.520146644
914,173940,에프엔씨엔터,코스닥시장상장법인,901,창작 및 예술관련 서비스업,영업이익(손실),"-4,192,207,812","-7,322,138,804","-4,937,578,584",00925295,20061214,901,서울시 강남구 청담동 111,00925295,에프엔씨엔터,173940,서울시,강남구,0,0
922,236810,엔비티,코스닥시장상장법인,713,광고업,영업이익(손실),"3,143,199,280","-1,252,807,398","2,247,810,016",01051065,20120917,71310,서울특별시 서초구 서초대로38길 12 마제스타시티 타워원 14층,01051065,엔비티,236810,서울특별시,서초구,127.005356587,37.490469547
924,101400,엔시트론,코스닥시장상장법인,261,반도체 제조업,영업이익(손실),"652,341,287","-2,860,855,471","-5,818,485,732",00641393,20000404,2611,"서울특별시 강남구 언주로148길 19 4층(논현동, 청호빌딩)",00641393,엔시트론,101400,서울특별시,강남구,127.036071196,37.521050944
925,036570,엔씨소프트,유가증권시장상장법인,582,소프트웨어 개발 및 공급업,영업이익(손실),"375,213,171,049","824,793,705,694","478,992,418,793",00261443,19970311,582,서울특별시 강남구 테헤란로 509(삼성동),00261443,엔씨소프트,036570,서울특별시,강남구,127.058205471,37.507782561
927,031860,엔에스엔,코스닥시장상장법인,468,상품 종합 도매업,영업이익(손실),"-8,640,374,457","-6,360,929,243","-7,886,863,948",00180865,19790912,46800,"서울특별시 강남구 영동대로96길 20 7층(삼성동, 대화빌딩)",00180865,엔에스엔,031860,서울특별시,강남구,127.064213891,37.510776467
934,069410,엔텔스,코스닥시장상장법인,582,소프트웨어 개발 및 공급업,영업이익(손실),"2,446,137,285","4,272,902,932","2,783,299,228",00415707,20000719,58221,"서울특별시 강남구 학동로 401 15층(청담동, 금하빌딩)",00415707,엔텔스,069410,서울특별시,강남구,127.041755824,37.517684165
936,291230,엔피,코스닥시장상장법인,759,기타 사업 지원 서비스업,영업이익(손실),"905,658,242","3,745,534,202","3,300,774,401",01276901,20180206,759,서울특별시 강남구 언주로133길 27 더메이빌딩,01276901,엔피,291230,서울특별시,강남구,127.032997337,37.515893126
951,058970,엠로,코스닥시장상장법인,582,소프트웨어 개발 및 공급업,영업이익,"6,731,754,516","6,459,195,015","922,849,267",00396925,20000315,582,"서울특별시 영등포구 당산로41길 11, SK V1센터 E동 5층",00396925,엠로,058970,서울특별시,영등포구,126.898095205,37.530832136
952,169330,엠브레인,코스닥시장상장법인,714,시장 조사 및 여론 조사업,영업이익,"6,248,560,476","4,619,525,384","2,576,070,308",00877174,19981012,71400,서울특별시 강남구 강남대로 318,00877174,엠브레인,169330,서울특별시,강남구,127.031190223,37.491576828
956,323230,엠에프엠코리아,코스닥시장상장법인,143,편조의복 제조업,영업이익(손실),"-15,518,584,778","-3,800,808,404","4,801,908,102",01384477,20190404,143,"서울특별시 강남구 도곡로 204 동신빌딩 4층,5층",01384477,엠에프엠코리아,323230,서울특별시,강남구,127.041423181,37.492153707
958,033310,엠투엔,코스닥시장상장법인,259,기타 금속 가공제품 제조업,영업이익(손실),"-4,813,106,044","-1,900,645,985","412,710,640",00143226,19651210,25991,"서울특별시 중구 소공로 109 한화빌딩 13층(소공동, 한화빌딩)",00143226,엠투엔,033310,서울특별시,중구,126.978551635,37.564195309
960,065150,엠피대산,코스닥시장상장법인,463,음ㆍ식료품 및 담배 도매업,영업이익(손실),"-894,487,828","-7,389,690,816","-2,460,681,586",00390860,19950907,463,"서울특별시 서초구 서초중앙로 224 2층 205호(반포동,한양상가)",00390860,DSEN,065150,서울특별시,서초구,127.012325838,37.501747468
967,000670,영풍,유가증권시장상장법인,242,1차 비철금속 제조업,영업이익(손실),"-26,784,314,362","46,683,478,556","84,396,705,015",00141307,19491125,24213,서울특별시 강남구  강남대로 542,00141307,영풍,000670,서울특별시,강남구,127.022112122,37.510577255
972,053280,예스24,코스닥시장상장법인,479,무점포 소매업,영업이익(손실),"12,596,251,838","10,144,530,482","7,814,034,104",00362858,19990401,4791,서울특별시 영등포구 은행로 11,00362858,예스24,053280,서울특별시,영등포구,126.920279838,37.527945158
996,173130,오파스넷,코스닥시장상장법인,620,"컴퓨터 프로그래밍, 시스템 통합 및 관리업",영업이익,"5,796,708,441","6,118,723,307","3,057,622,119",00867849,20041025,62021,"서울특별시 강남구 테헤란로 512 , 10층(대치동, 신안빌딩)",00867849,오파스넷,173130,서울특별시,강남구,127.059248564,37.507245372
997,049480,오픈베이스,코스닥시장상장법인,620,"컴퓨터 프로그래밍, 시스템 통합 및 관리업",영업이익(손실),"5,402,347,945","3,662,033,479","2,316,685,527",00335076,19920916,62021,"서울특별시 서초구  매헌로 16 (양재동, 하이브랜드 리빙관4층)",00335076,오픈베이스,049480,서울특별시,서초구,127.037041107,37.463542438
1002,321820,와이더플래닛,코스닥시장상장법인,582,소프트웨어 개발 및 공급업,영업이익(손실),"-5,475,563,541","-4,033,201,141","-2,429,591,398",01116502,20100717,582,"서울특별시 강남구 테헤란로 211, 8층",01116502,와이더플래닛,321820,서울특별시,강남구,127.039155252,37.501820805
1008,193250,와이제이엠게임즈,코스닥시장상장법인,262,전자 부품 제조업,영업이익(손실),"-2,271,492,217","-2,710,326,167","2,062,961,274",01035678,20040521,2629,서울특별시 강남구 테헤란로77길 11-9 삼성타워 8층,01035678,와이제이엠게임즈,193250,서울특별시,강남구,127.053863260,37.506898655
1025,017370,우신시스템,유가증권시장상장법인,292,특수 목적용 기계 제조업,영업이익(손실),"-11,486,951,348","-3,556,316,279","1,858,383,314",00142883,19840223,292,서울특별시 영등포구  영등포로 20,00142883,우신시스템,017370,서울특별시,영등포구,126.883524717,37.522935816
1026,046940,우원개발,코스닥시장상장법인,421,기반조성 및 시설물 축조관련 전문공사업,영업이익(손실),"394,322,033","32,643,232,007","22,561,257,287",00363246,19981028,421,서울특별시 서초구 강남대로 279 백향빌딩 8층,00363246,우원개발,046940,서울특별시,서초구,127.031757445,37.488106483
1030,010400,우진아이엔에스,유가증권시장상장법인,422,건물설비 설치 공사업,영업이익(손실),"-6,727,170,261","1,773,652,029","880,296,142",00143262,19750127,422,서울특별시 서초구 방배로 166 한승빌딩 3층,00143262,우진아이엔에스,010400,서울특별시,서초구,126.993395980,37.488567800
1032,016880,웅진,유가증권시장상장법인,649,기타 금융업,영업이익(손실),"42,952,922,677","20,719,906,311","79,498,605,545",00143651,19830321,715,서울특별시 중구 청계천로 24 케이스퀘어 시티,00143651,웅진,016880,서울특별시,중구,126.980207811,37.568503640
1034,005820,원림,유가증권시장상장법인,132,직물 직조 및 직물제품 제조업,영업이익(손실),"3,192,709,036","5,424,322,792","4,181,832,494",00143794,19681028,13225,서울특별시 서초구  남부순환로 2495 원림빌딩 9층,00143794,원림,005820,서울특별시,서초구,127.023294409,37.483496269
1050,010600,웰바이오텍,유가증권시장상장법인,461,상품 중개업,영업손실,"-3,903,266,061","-12,572,108,243","-6,446,548,833",00141273,19750419,461,서울특별시 강남구 영동대로106길 17 5층,00141273,웰바이오텍,010600,서울특별시,강남구,127.062479948,37.513722593
1060,038620,위즈코프,코스닥시장상장법인,477,연료 소매업,영업이익(손실),"812,089,256","841,108,949","1,038,640,929",00264228,19950306,47711,"서울특별시 강남구  봉은사로 429 , 8층 ( 삼성동, 위즈빌딩)",00264228,위즈코프,038620,서울특별시,강남구,127.046806448,37.511432560
1061,299900,위지윅스튜디오,코스닥시장상장법인,591,"영화, 비디오물, 방송 프로그램 제작 및 배급업",영업이익(손실),"-3,954,732,702","1,849,297,172","6,631,458,880",01276327,20160415,59120,서울특별시 강남구 봉은사로22길 47  ;,01276327,위지윅스튜디오,299900,서울특별시,강남구,127.030367434,37.503936083
1068,014830,유니드,유가증권시장상장법인,201,기초 화학물질 제조업,영업이익(손실),"168,338,557,976","96,249,278,752","84,757,896,965",00159786,19800510,20129,서울특별시 중구  을지로5길 19,00159786,유니드,014830,서울특별시,중구,126.984209484,37.566978919
1071,000910,유니온,유가증권시장상장법인,233,"시멘트, 석회, 플라스터 및 그 제품 제조업",영업이익,"5,173,428,419","7,813,211,279","11,019,976,303",00144252,19521206,23311,서울특별시 중구  소공로 94 OCI빌딩 13층,00144252,유니온,000910,서울특별시,중구,126.980462760,37.563347622
1078,142210,유니트론텍,코스닥시장상장법인,465,기계장비 및 관련 물품 도매업,영업이익(손실),"10,065,913,610","6,249,229,683","10,209,218,584",00879020,19960619,46522,"서울특별시 강남구 영동대로 638 9층(삼성동, 삼보빌딩)",00879020,유니트론텍,142210,서울특별시,강남구,127.059309870,37.517093688
1080,206650,유바이오로직스,코스닥시장상장법인,212,의약품 제조업,영업이익(손실),"-7,229,530,888","-5,962,319,183","9,809,354,799",00927558,20100310,212,서울특별시 강남구 도산대로 207 성도빌딩 8층,00927558,유바이오로직스,206650,서울특별시,강남구,127.029078174,37.520425821
1082,032620,유비케어,코스닥시장상장법인,582,소프트웨어 개발 및 공급업,영업이익,"9,973,077,658","12,816,707,484","10,843,159,295",00220057,19941202,58221,서울특별시 영등포구 여의대로 108 파크원 타워 2,00220057,유비케어,032620,서울특별시,영등포구,126.927847603,37.527053956
1085,024800,유성티엔에스,코스닥시장상장법인,492,육상 여객 운송업,영업이익(손실),"1,759,204,848","3,533,767,509","7,445,658,113",00173999,19770810,492,"서울특별시 서초구  남부순환로 2583 9층(서초동, 서희타워)",00173999,유성티엔에스,024800,서울특별시,서초구,127.032971144,37.484828931
1086,000700,유수홀딩스,유가증권시장상장법인,715,회사 본부 및 경영 컨설팅 서비스업,영업이익(손실),"20,347,476,590","-15,196,368,259","-7,814,058,317",00163691,19500101,715,"서울특별시 영등포구 여의나루로 60 9층 (여의도동, 포스트타워)",00163691,유수홀딩스,000700,서울특별시,영등포구,126.926147838,37.522270134
1099,191410,육일씨엔에쓰,코스닥시장상장법인,262,전자 부품 제조업,영업이익(손실),"-11,349,179,892","-17,231,021,899","-9,153,380,462",00843900,20070314,262,서울특별시 영등포구 경인로 775 에이스하이테크시티 2동 2001호,00843900,육일씨엔에쓰,191410,서울특별시,영등포구,126.898618877,37.515051811
1101,072770,율호,코스닥시장상장법인,620,"컴퓨터 프로그래밍, 시스템 통합 및 관리업",영업이익(손실),"2,478,952,607","1,545,108,050","1,588,601,798",00583026,19980303,620,서울특별시 서초구 서초대로 6 13층,00583026,율호,072770,서울특별시,서초구,126.982992021,37.485195492
1106,214320,이노션,유가증권시장상장법인,713,광고업,영업이익,"135,732,279,008","111,506,787,321","121,852,465,244",00565154,20050517,71310,서울특별시 강남구 강남대로 308,00565154,이노션,214320,서울특별시,강남구,127.031819579,37.490670554
1109,246960,이노테라피,코스닥시장상장법인,213,의료용품 및 기타 의약 관련제품 제조업,영업손실,"-4,537,809,208","-3,697,285,687","-3,900,672,066",01110182,20100419,213,서울특별시 영등포구 선유로13길 25 에이스하이테크시티 2차 1209호,01110182,이노테라피,246960,서울특별시,영등포구,126.886286204,37.519045586
1118,088260,이리츠코크렙,유가증권시장상장법인,681,부동산 임대 및 공급업,영업이익(손실),"16,367,627,858","16,271,880,059","16,228,571,135",00544452,20050726,68112,서울특별시 강남구 삼성로 511,00544452,이리츠코크렙,088260,서울특별시,강남구,127.055577821,37.507664136
1119,088260,이리츠코크렙,유가증권시장상장법인,681,부동산 임대 및 공급업,영업이익(손실),"16,271,880,059","16,228,571,135","16,169,825,355",00544452,20050726,68112,서울특별시 강남구 삼성로 511,00544452,이리츠코크렙,088260,서울특별시,강남구,127.055577821,37.507664136
1124,047560,이스트소프트,코스닥시장상장법인,582,소프트웨어 개발 및 공급업,영업이익(손실),"10,065,129,555","6,576,484,401","-2,835,907,410",00273420,19930924,58221,"서울특별시 서초구  반포대로 3 (서초동, 이스트빌딩)",00273420,이스트소프트,047560,서울특별시,서초구,127.012291457,37.480975516
1129,066980,이엔코퍼레이션,코스닥시장상장법인,639,기타 정보 서비스업,영업이익(손실),"3,994,439,009","293,881,094","1,503,256,386",00389998,19980924,639,서울특별시 강남구 도산대로 307 백영빌딩 6층,00389998,이엔코퍼레이션,066980,서울특별시,강남구,127.034898785,37.522273504
1136,102460,이연제약,유가증권시장상장법인,212,의약품 제조업,V. 영업이익,"3,739,195,891","4,149,719,254","6,621,882,176",00145598,19641125,212,"서울특별시 강남구 영동대로 416 8층 (대치동, 코스모타워)",00145598,이연제약,102460,서울특별시,강남구,127.065343707,37.506559932
1140,353810,이지바이오,코스닥시장상장법인,108,동물용 사료 및 조제식품 제조업,영업이익(손실),"16,779,466,342","15,198,062,187",,01480568,20200501,10801,서울특별시 강남구 강남대로 310 (역삼동 837-11) 유니온센터 3층,01480568,이지바이오,353810,서울특별시,강남구,127.031485710,37.490983291
1141,099750,이지케어텍,코스닥시장상장법인,582,소프트웨어 개발 및 공급업,영업이익(손실),"-3,965,510,047","-2,128,854,242","3,660,817,248",00490090,20010207,58222,"서울특별시 중구 퇴계로 307 4층, 5층, 6층(광희동1가,광희빌딩)",00490090,이지케어텍,099750,서울특별시,중구,127.005727680,37.564304981
1142,035810,이지홀딩스,코스닥시장상장법인,108,동물용 사료 및 조제식품 제조업,영업이익,"100,417,145,072","46,976,218,234","41,625,729,892",00242378,19880314,1080,서울특별시 강남구  강남대로 310 유니온센타3층,00242378,이지홀딩스,035810,서울특별시,강남구,127.031485710,37.490983291
1147,024810,이화전기,코스닥시장상장법인,281,"전동기, 발전기 및 전기 변환ㆍ공급ㆍ제어 장치 제조업",영업이익(손실),"-2,981,278,370","-3,667,521,973","608,837,840",00145738,19650603,2811,서울특별시 강남구  논현로 746 석호빌딩,00145738,이화전기,024810,서울특별시,강남구,127.029170993,37.518508890
1148,014990,인디에프,유가증권시장상장법인,141,봉제의복 제조업,영업이익(손실),"-22,118,833,674","-20,002,505,448","-1,579,169,180",00106881,19800908,14112,서울특별시 강남구  테헤란로104길 21,00106881,인디에프,014990,서울특별시,강남구,127.065727194,37.507613739
1149,041830,인바디,코스닥시장상장법인,271,의료용 기기 제조업,영업이익(손실),"35,851,757,987","19,096,757,174","27,626,226,953",00269922,19960515,27199,서울시 강남구 논현로2길 54(개포동 1164-21),00269922,인바디,041830,서울시,강남구,127.054375384,37.474078551
1153,033230,인성정보,코스닥시장상장법인,620,"컴퓨터 프로그래밍, 시스템 통합 및 관리업",영업이익(손실),"1,987,821,577","2,902,695,541","3,463,663,699",00229021,19920210,62021,서울특별시 강남구 테헤란로 301 삼정빌딩 9층,00229021,인성정보,033230,서울특별시,강남구,127.043062532,37.503116773
1164,035080,인터파크,코스닥시장상장법인,479,무점포 소매업,영업이익(손실),"2,487,628,369","-4,630,492,054","45,164,128,609",00244561,19971001,479,서울특별시 강남구 삼성로 512서울특별시 강남구 삼성로 512 삼성동빌딩,00244561,그래디언트,035080,서울특별시,강남구,0,0
1171,115310,인포바인,코스닥시장상장법인,612,전기 통신업,영업이익,"6,370,597,284","8,094,823,566","9,516,147,164",00491415,20000214,61299,서울특별시 영등포구 여의대로 24 전국경제인연합회관 40층,00491415,인포바인,115310,서울특별시,영등포구,126.920045279,37.521693217
1176,249420,일동제약,유가증권시장상장법인,212,의약품 제조업,영업이익(손실),"-55,535,279,170","6,632,843,949","-1,372,527,630",01168383,20160801,21210,서울특별시 서초구 바우뫼로27길 2,01168383,일동제약,249420,서울특별시,서초구,127.037330973,37.477667782
1177,000230,일동홀딩스,유가증권시장상장법인,212,의약품 제조업,영업이익(손실),"-82,843,702,401","-9,214,716,010","-23,796,280,588",00146083,19410314,21210,서울특별시 서초구  바우뫼로27길 2 일동제약빌딩,00146083,일동홀딩스,000230,서울특별시,서초구,127.037330973,37.477667782
1180,003200,일신방직,유가증권시장상장법인,131,방적 및 가공사 제조업,영업이익(손실),"60,970,489,628","13,548,435,094","13,589,459,419",00146269,19511103,13101,서울특별시 영등포구  은행로 11,00146269,일신방직,003200,서울특별시,영등포구,126.920279838,37.527945158
1190,226320,잇츠한불,유가증권시장상장법인,204,기타 화학제품 제조업,영업이익(손실),"754,754,823","3,755,262,599","12,993,223,278",00911955,20060207,20423,서울특별시 강남구 학동로 311 주식회사 잇츠한불,00911955,잇츠한불,226320,서울특별시,강남구,127.036901817,37.516181298
1195,289220,자이언트스텝,코스닥시장상장법인,591,"영화, 비디오물, 방송 프로그램 제작 및 배급업",영업이익(손실),"-2,908,565,928","-1,503,025,319","-2,070,510,398",01264438,20080605,59113,서울특별시 강남구 학동로37길 8 &nbsp,01264438,자이언트스텝,289220,서울특별시,강남구,127.034677551,37.515760971
1196,317400,자이에스앤디,유가증권시장상장법인,681,부동산 임대 및 공급업,영업이익,"50,822,485,579","27,342,268,483","16,473,464,745",00367844,20000408,681,서울특별시 중구 퇴계로 173,00367844,자이에스앤디,317400,서울특별시,중구,126.991058511,37.561824080
1202,040420,정상제이엘에스,코스닥시장상장법인,855,일반 교습학원,영업이익(손실),"16,986,218,996","8,774,891,160","13,395,135,005",00287788,19930731,8550,서울특별시 강남구  영동대로 229,00287788,정상제이엘에스,040420,서울특별시,강남구,127.067438522,37.499537535
1203,045510,정원엔시스,코스닥시장상장법인,620,"컴퓨터 프로그래밍, 시스템 통합 및 관리업",IV. 영업이익(손실),"1,063,706,989","1,145,098,900","1,766,491,830",00147772,19690627,465,서울특별시 강남구  도산대로1길 46 (신사동),00147772,정원엔시스,045510,서울특별시,강남구,127.019605218,37.519653235
1215,348950,제이알글로벌리츠,유가증권시장상장법인,681,부동산 임대 및 공급업,영업이익(손실),"23,403,723,514","22,316,308,420","-114,170,240",01415892,20191024,681,서울특별시 중구 을지로 100,01415892,제이알글로벌리츠,348950,서울특별시,중구,126.988142548,37.565648682
1216,348950,제이알글로벌리츠,유가증권시장상장법인,681,부동산 임대 및 공급업,영업이익(손실),"24,082,035,110","23,403,723,514","22,316,308,420",01415892,20191024,681,서울특별시 중구 을지로 100,01415892,제이알글로벌리츠,348950,서울특별시,중구,126.988142548,37.565648682
1226,036420,제이콘텐트리,유가증권시장상장법인,591,"영화, 비디오물, 방송 프로그램 제작 및 배급업",영업이익(손실),"-57,365,948,945","-58,839,780,989","33,834,426,952",00203315,19870928,591,서울특별시 강남구 도산대로 156,00203315,콘텐트리중앙,036420,서울특별시,강남구,127.025656833,37.518211633
1229,271980,제일약품,유가증권시장상장법인,212,의약품 제조업,영업이익(손실),"-10,530,151,061","12,904,372,878","234,015,638",01236897,20170601,21210,서울특별시 서초구 사평대로 343 제일약품 사옥,01236897,제일약품,271980,서울특별시,서초구,127.020403621,37.503629880
1232,002620,제일파마홀딩스,유가증권시장상장법인,715,회사 본부 및 경영 컨설팅 서비스업,영업이익(손실),"-8,974,887,678","22,481,192,400","9,530,308,844",00148443,19590307,715,서울특별시 서초구 사평대로 343,00148443,제일파마홀딩스,002620,서울특별시,서초구,127.020403621,37.503629880
1238,064800,젬백스링크,코스닥시장상장법인,474,"섬유, 의복, 신발 및 가죽제품 소매업",영업이익(손실),"1,732,019,303","3,702,119,863","5,871,845,112",00392691,20000406,474,"서울특별시 영등포구 영등포로 272 (영등포동3가, 젬백스링크타워) -",00392691,젬백스링크,064800,서울특별시,영등포구,126.911407660,37.518345683
1242,034940,조아제약,코스닥시장상장법인,212,의약품 제조업,영업이익(손실),"-7,002,665,054","-1,783,531,666","-366,384,485",00231831,19960315,21210,"서울특별시 영등포구 당산로2길 12 에이스테크노타워 101호(문래동3가, 에이스테크노타워1층)",00231831,조아제약,034940,서울특별시,영등포구,126.895503126,37.515083908
1247,044380,주연테크,유가증권시장상장법인,263,컴퓨터 및 주변 장치 제조업,영업이익(손실),"-542,222,576","503,726,175","-2,836,834,844",00269241,19880510,26310,서울특별시 서초구 사임당로 32 2층(서초동),00269241,주연테크,044380,서울특별시,서초구,127.013522816,37.487833814
1248,239340,줌인터넷,코스닥시장상장법인,631,"자료 처리, 호스팅, 포털 및 기타 인터넷 정보 매개 서비스업",영업이익,"6,738,768,476","1,407,931,773","908,596,929",01128622,20160212,631,서울특별시 서초구 반포대로 3 이스트빌딩 -,01128622,줌인터넷,239340,서울특별시,서초구,127.012291457,37.480975516
1259,051160,지어소프트,코스닥시장상장법인,582,소프트웨어 개발 및 공급업,영업이익(손실),"6,660,812,145","9,994,033,219","-129,606,437",00389110,19980813,58221,"서울특별시 종로구 종로1길 50 A동11층(중학동, 케이트윈타워)",00389110,지어소프트,051160,서울특별시,종로구,126.979616591,37.574765028
1274,011000,진원생명과학,유가증권시장상장법인,212,의약품 제조업,영업이익(손실),"-27,516,242,932","-18,459,101,152","-8,208,996,276",00118521,19760127,212,"서울특별시 영등포구 여의대로 108 20층(여의도동, 파크원NH금융타워(타워2))",00118521,진원생명과학,011000,서울특별시,영등포구,126.927847603,37.527053956
1275,085660,차바이오텍,코스닥시장상장법인,211,기초 의약 물질 및 생물학적 제제 제조업,영업이익(손실),"7,712,977,339","-2,446,838,471","5,837,297,229",00525679,20021105,21102,서울특별시 강남구 도산대로 442 청담동 피엔폴루스 3층,00525679,차바이오텍,085660,서울특별시,강남구,127.044076645,37.523361680
1282,047820,초록뱀미디어,코스닥시장상장법인,591,"영화, 비디오물, 방송 프로그램 제작 및 배급업",영업이익(손실),"4,190,456,683","-8,594,848,751","1,401,877,923",00299464,19980526,59114,"서울특별시 강남구 도산대로 414 14층(청담동, 한성청담빌딩)",00299464,초록뱀미디어,047820,서울특별시,강남구,127.041031449,37.522867900
1283,052300,초록뱀컴퍼니,코스닥시장상장법인,529,기타 운송관련 서비스업,영업이익(손실),"-1,453,854,382","-596,177,180","-3,768,654,403",00349811,19950817,468,"서울특별시 강남구 도산대로 414 14층(청담동, 한성청담빌딩)",00349811,초록뱀컴퍼니,052300,서울특별시,강남구,127.041031449,37.522867900
1284,094360,칩스앤미디어,코스닥시장상장법인,261,반도체 제조업,영업이익(손실),"5,199,382,483","2,380,813,796","3,594,631,528",00579971,20030306,261,"서울특별시 강남구 테헤란로 509 엔씨타워1  7층,8층",00579971,칩스앤미디어,094360,서울특별시,강남구,127.058205471,37.507782561
1294,223310,커머스마이너,코스닥시장상장법인,582,소프트웨어 개발 및 공급업,영업이익(손실),"-4,439,010,761","-4,484,761,690","73,015,626",01075126,20110119,468,서울특별시 강남구 언주로 702 경남제약타워 10층,01075126,커머스마이너,223310,서울특별시,강남구,127.035752254,37.515820925
1299,263700,케어랩스,코스닥시장상장법인,582,소프트웨어 개발 및 공급업,영업이익,"3,277,334,445","5,959,917,778","3,615,639,699",01187148,20120410,713,서울특별시 강남구 역삼로2길 16 S타워 11층,01187148,케어랩스,263700,서울특별시,강남구,127.031254834,37.492203654
1303,192250,케이사인,코스닥시장상장법인,582,소프트웨어 개발 및 공급업,영업이익(손실),"6,428,427,820","4,949,513,647","3,782,729,874",01003040,20131226,58221,"서울특별시 강남구 선릉로 577 b1,5층",01003040,케이사인,192250,서울특별시,강남구,127.043649339,37.509908873
1305,002380,케이씨씨,유가증권시장상장법인,204,기타 화학제품 제조업,영업이익,"388,769,767,968","133,845,504,026","133,209,522,238",00105271,19580812,20411,서울특별시 서초구  사평대로 344 (주)케이씨씨 빌딩,00105271,케이씨씨,002380,서울특별시,서초구,127.020802279,37.502994563
1306,344820,케이씨씨글라스,유가증권시장상장법인,231,유리 및 유리제품 제조업,영업이익(손실),"160,451,158,221","35,839,370,802",,01428203,20200102,2311,서울특별시 서초구 강남대로 587(잠원동),01428203,케이씨씨글라스,344820,서울특별시,서초구,127.019486535,37.514160335
1307,009070,케이씨티시,유가증권시장상장법인,493,도로 화물 운송업,영업이익(손실),"29,603,505,899","20,961,616,726","19,010,561,371",00103042,19730720,49301,서울특별시 중구 남대문로 63 한진빌딩,00103042,케이씨티시,009070,서울특별시,중구,126.981363692,37.563079039
1309,093320,케이아이엔엑스,코스닥시장상장법인,631,"자료 처리, 호스팅, 포털 및 기타 인터넷 정보 매개 서비스업",영업이익(손실),"19,734,224,882","17,782,412,229","16,467,445,192",00603348,20000617,63112,"서울특별시 강남구 강남대로 636 7층, 10층(신사동, 두원빌딩)",00603348,케이아이엔엑스,093320,서울특별시,강남구,127.019293096,37.518580784
1312,039420,케이엘넷,코스닥시장상장법인,612,전기 통신업,영업이익(손실),"6,796,747,260","4,762,748,508","4,139,211,091",00246620,19940330,61299,서울 강남구 역삼로 155(역삼동 748-14),00246620,케이엘넷,039420,서울,강남구,0,0
1315,102370,케이옥션,코스닥시장상장법인,461,상품 중개업,영업이익(손실),"13,627,268,160","1,515,311,988","4,062,025,310",00668600,20050915,4610,"서울특별시 강남구 언주로172길 23, 신사동 아트타워",00668600,케이옥션,102370,서울특별시,강남구,127.035797318,37.527662769
1316,145270,케이탑리츠,유가증권시장상장법인,681,부동산 임대 및 공급업,영업이익(손실),"17,971,670,570","16,985,674,061","10,466,255,496",00861076,20101104,68112,서울특별시 영등포구 국제금융로 70 미원빌딩 19층 1901호,00861076,케이탑리츠,145270,서울특별시,영등포구,126.930666816,37.521507537
1344,069110,코스온,코스닥시장상장법인,204,기타 화학제품 제조업,영업이익,"-14,977,759,954","-14,675,286,929","555,275,734",00402989,19991207,20423,"서울특별시 강남구 영동대로 333 8층(대치동,동원빌딩)",00402989,코스온,069110,서울특별시,강남구,127.064870534,37.504152879
1345,071950,코아스,유가증권시장상장법인,320,가구 제조업,영업이익(손실),"-4,666,241,262","-2,100,348,365","3,099,206,622",00210856,19920724,320,서울특별시 영등포구 선유로52길 17,00210856,코아스,071950,서울특별시,영등포구,126.900197803,37.535506240
1364,031820,콤텍시스템,유가증권시장상장법인,620,"컴퓨터 프로그래밍, 시스템 통합 및 관리업",영업이익(손실),"17,298,658,675","1,744,237,653","3,046,974,419",00186559,19830818,6201,서울특별시 영등포구  가마산로 343,00186559,콤텍시스템,031820,서울특별시,영등포구,126.897270959,37.499977797
1365,294570,쿠콘,코스닥시장상장법인,639,기타 정보 서비스업,영업이익,"16,824,625,841","11,238,744,762","6,237,778,225",01311055,20061214,582,"서울특별시 영등포구 영신로 220, KnK디지털타워 19층",01311055,쿠콘,294570,서울특별시,영등포구,126.904248128,37.526807751
1369,040350,큐로컴,코스닥시장상장법인,620,"컴퓨터 프로그래밍, 시스템 통합 및 관리업",영업이익(손실),"-4,543,547,972","-5,072,826,627","-7,910,780,673",00346407,19970424,620,"서울특별시 강남구  테헤란로77길 7 (삼성동, 동원빌딩 4층)",00346407,큐로컴,040350,서울특별시,강남구,127.054495838,37.506926155
1370,051780,큐로홀딩스,코스닥시장상장법인,472,음ㆍ식료품 및 담배 소매업,영업이익(손실),"2,014,981,806","248,030,859","782,259,144",00296324,19871229,472,"서울특별시 강남구  테헤란로77길 7 (삼성동,동원빌딩4층)",00296324,큐로홀딩스,051780,서울특별시,강남구,127.054495838,37.506926155
1374,259960,크래프톤,유가증권시장상장법인,582,소프트웨어 개발 및 공급업,영업이익(손실),"639,639,249,890","773,870,752,325","359,296,286,722",00760971,20070326,5821,서울특별시 강남구 테헤란로 231,00760971,크래프톤,259960,서울특별시,강남구,127.041628345,37.503624540
1375,096240,크레버스,코스닥시장상장법인,855,일반 교습학원,영업이익,"31,194,760,607","16,921,170,474","22,641,000,500",00525882,20020605,855,서울특별시 강남구 테헤란로 521 파르나스타워 21층,00525882,크레버스,096240,서울특별시,강남구,127.060625246,37.509174478
1378,110790,크리스에프앤씨,코스닥시장상장법인,141,봉제의복 제조업,영업이익(손실),"87,103,244,505","49,821,538,176","37,707,650,708",00522007,19980806,1419,서울특별시 강남구 도곡로 176,00522007,크리스에프앤씨,110790,서울특별시,강남구,127.038858470,37.491449053
1381,045520,크린앤사이언스,코스닥시장상장법인,291,일반 목적용 기계 제조업,영업이익(손실),"-2,686,239,221","18,908,382,387","10,881,744,879",00185222,19791231,291,서울 강남구 삼성동 159-1 무역회관 903-1호,00185222,크린앤사이언스,045520,서울,강남구,0,0
1383,214150,클래시스,코스닥시장상장법인,271,의료용 기기 제조업,영업이익(손실),"51,712,720,398","40,608,569,011","41,709,475,409",01061327,20150115,271,서울특별시 강남구 테헤란로 208 클래시스,01061327,클래시스,214150,서울특별시,강남구,127.039098764,37.501129976
1386,139670,키네마스터,코스닥시장상장법인,582,소프트웨어 개발 및 공급업,영업이익(손실),"-1,703,005,960","4,103,712,826","317,948,106",00535375,20020909,58222,"서울특별시 서초구 반포대로24길 21 1, 2층",00535375,키네마스터,139670,서울특별시,서초구,127.010368947,37.489773875
1388,054780,키이스트,코스닥시장상장법인,591,"영화, 비디오물, 방송 프로그램 제작 및 배급업",영업이익(손실),"1,015,064,003","1,667,575,885","-2,138,535,541",00353762,19961008,59130,서울특별시 강남구 학동로11길 30 -,00353762,키이스트,054780,서울특별시,강남구,127.024438030,37.514223811
1394,003240,태광산업,유가증권시장상장법인,205,화학섬유 제조업,영업이익,"355,272,574,329","53,540,948,314","192,034,109,917",00153393,19610915,20501,서울특별시 중구  동호로 310 (장충동2가),00153393,태광산업,003240,서울특별시,중구,127.003731756,37.561729781
1398,124560,태웅로직스,코스닥시장상장법인,529,기타 운송관련 서비스업,영업이익(손실),"79,291,619,959","14,653,355,866","14,980,613,396",00562245,19960120,5299,"서울특별시 강남구 테헤란로37길 13-6, 9층 (역삼동, 유니빌딩)",00562245,태웅로직스,124560,서울특별시,강남구,127.040176000,37.503102959
1409,078000,텔코웨어,유가증권시장상장법인,631,"자료 처리, 호스팅, 포털 및 기타 인터넷 정보 매개 서비스업",영업손익,"1,154,358,790","546,069,819","3,363,859,925",00361488,20000111,631,서울특별시 서초구  법원로3길 20-7,00361488,텔코웨어,078000,서울특별시,서초구,127.007970028,37.493776910
1411,214420,토니모리,유가증권시장상장법인,204,기타 화학제품 제조업,영업이익(손실),"-13,529,557,979","-25,530,976,710","-274,992,043",00816544,20060726,20423,서울특별시 서초구 남부순환로 2557 토니모리 빌딩,00816544,토니모리,214420,서울특별시,서초구,0,0
1415,079970,투비소프트,코스닥시장상장법인,582,소프트웨어 개발 및 공급업,영업이익(손실),"-6,417,420,425","-99,762,685","-9,047,042,082",00596260,20000710,58221,"서울특별시 강남구 봉은사로 617 인탑스빌딩 3, 4, 5층 (삼성동)",00596260,투비소프트,079970,서울특별시,강남구,127.062666448,37.514933977
1417,026150,특수건설,코스닥시장상장법인,412,토목 건설업,영업이익(손실),"-711,715,450","3,520,917,173","894,458,351",00186939,19710531,412,서울특별시 서초구 서운로 7 -,00186939,특수건설,026150,서울특별시,서초구,127.029419335,37.484669573
1424,363280,티와이홀딩스,유가증권시장상장법인,649,기타 금융업,영업이익(손실),"11,235,068,662","1,606,673,530",,01497869,20200901,64992,"서울특별시 영등포구 여의공원로 111, 10층(여의도동)",01497869,티와이홀딩스,363280,서울특별시,영등포구,126.925778216,37.529798487
1426,091810,티웨이항공,유가증권시장상장법인,511,항공 여객 운송업,영업이익(손실),"-148,326,842,134","-174,310,213,064","-19,242,683,179",00671376,20030701,511,대구광역시 중구 동덕로 167 케이티대구타워 신관 10층 (동인동2가),00671376,티웨이항공,091810,대구광역시,중구,128.603516191,35.869700260
1432,034230,파라다이스,코스닥시장상장법인,912,유원지 및 기타 오락관련 서비스업,영업이익(손실),"-55,245,896,594","-86,150,819,625","51,868,333,792",00171265,19720427,91249,서울특별시 중구 퇴계로 299 파라다이스빌딩,00171265,파라다이스,034230,서울특별시,중구,127.005040822,37.564030518
1447,032800,판타지오,코스닥시장상장법인,901,창작 및 예술관련 서비스업,영업이익(손실),"1,831,076,344","-708,265,130","552,011,217",00231691,19910108,901,서울특별시 강남구 삼성로 648 2층,00231691,판타지오,032800,서울특별시,강남구,127.051024191,37.518009123
1450,027710,팜스토리,코스닥시장상장법인,108,동물용 사료 및 조제식품 제조업,영업이익(손실),"25,114,462,686","22,046,546,013","10,398,204,548",00192499,19910417,1080,서울특별시 강남구  강남대로 310 유니온센터 3층,00192499,팜스토리,027710,서울특별시,강남구,127.031485710,37.490983291
1452,225590,패션플랫폼,코스닥시장상장법인,141,봉제의복 제조업,영업이익(손실),"5,969,012,953","1,750,106,738","7,459,020,555",01101041,20150715,141,서울특별시 강남구 논현로28길 9 유진빌딩 3층,01101041,패션플랫폼,225590,서울특별시,강남구,127.043356065,37.482719463
1453,028670,팬오션,유가증권시장상장법인,501,해상 운송업,영업이익(손실),"572,946,000,000","225,212,000,000","210,019,000,000",00122737,19660528,50112,서울특별시 종로구 종로5길 7 Tower 8 팬오션(주),00122737,팬오션,028670,서울특별시,종로구,126.980547123,37.570669768
1462,047050,포스코인터내셔널,유가증권시장상장법인,461,상품 중개업,영업이익(손실),"585,385,807,000","474,478,289,000","605,317,746,000",00124504,20001227,461,서울특별시 강남구 테헤란로 134 포스코타워역삼(26층),00124504,포스코인터내셔널,047050,서울특별시,강남구,127.033804126,37.499377220
1464,189690,포시에스,코스닥시장상장법인,582,소프트웨어 개발 및 공급업,영업이익(손실),"4,733,386,523","4,787,320,283","5,006,158,036",00939942,20080723,58222,서울특별시 강남구 논현로 646 -,00939942,포시에스,189690,서울특별시,강남구,127.032411596,37.511416429
1471,094940,푸른기술,코스닥시장상장법인,263,컴퓨터 및 주변 장치 제조업,영업이익(손실),"78,736,520","101,904,412","372,414,192",00537832,19970724,263,서울특별시 서초구 효령로60길 23-10 (주)푸른빌딩 2층,00537832,푸른기술,094940,서울특별시,서초구,127.019393691,37.484424996
1486,009810,플레이그램,유가증권시장상장법인,467,기타 전문 도매업,영업이익(손실),"-1,511,144,382","-2,345,134,885","-1,336,039,044",00103130,19740417,467,서울시 강남구 삼성로648 4층 삼성동,00103130,플레이그램,009810,서울시,강남구,0,0
1487,300080,플리토,코스닥시장상장법인,631,"자료 처리, 호스팅, 포털 및 기타 인터넷 정보 매개 서비스업",영업이익(손실),"-6,143,736,170","-3,410,300,603","-5,737,235,186",01237434,20120824,63120,서울특별시 강남구 테헤란로 211 한국고등교육재단빌딩 9층,01237434,플리토,300080,서울특별시,강남구,127.039155252,37.501820805
1499,163730,핑거,코스닥시장상장법인,582,소프트웨어 개발 및 공급업,영업이익,"7,425,039,236","3,294,975,153","4,765,027,141",01142075,20001229,582,"서울특별시 영등포구 여의대로 24, 43층(여의도동, 전국경제인연합회회관)",01142075,핑거,163730,서울특별시,영등포구,126.920045279,37.521693217
1502,039130,하나투어,유가증권시장상장법인,752,여행사 및 기타 여행 보조 서비스업,영업이익(손실),"-127,293,510,463","-114,866,698,486","7,460,033,702",00269940,19931101,75210,서울특별시 종로구 인사동5길 41 (주)하나투어,00269940,하나투어,039130,서울특별시,종로구,126.984170401,37.571852757
1512,000080,하이트진로,유가증권시장상장법인,111,알코올 음료 제조업,영업이익,"174,111,104,900","198,478,557,062","88,246,563,619",00150244,19540615,11122,서울특별시 강남구 영동대로 714,00150244,하이트진로,000080,서울특별시,강남구,127.056769788,37.521642454
1513,004590,한국가구,코스닥시장상장법인,464,생활용품 도매업,영업이익,"14,936,233,953","10,490,762,873","8,690,313,384",00156442,19660520,464,서울특별시 강남구  학동로 120,00156442,한국가구,004590,서울특별시,강남구,127.024304276,37.511719833
1515,039340,한국경제TV,코스닥시장상장법인,602,텔레비전 방송업,영업이익(손실),"26,534,790,009","18,182,632,881","13,691,975,708",00263371,19990906,60221,서울특별시 중구 청파로 463 한국경제신문사빌딩,00263371,한국경제TV,039340,서울특별시,중구,126.967211582,37.560387724
1517,034950,한국기업평가,코스닥시장상장법인,759,기타 사업 지원 서비스업,영업이익,"36,219,070,401","32,710,069,584","31,647,801,133",00156956,19831229,75993,서울특별시 영등포구 의사당대로 97 교보증권 7층,00156956,한국기업평가,034950,서울특별시,영등포구,126.924585875,37.522516001
1523,002200,한국수출포장공업,유가증권시장상장법인,172,"골판지, 종이 상자 및 종이 용기 제조업",영업이익(손실),"20,005,644,083","10,883,823,163","19,270,972,723",00158112,19571121,1721,서울특별시 서초구 서초중앙로 63,00158112,한국수출포장공업,002200,서울특별시,서초구,127.014451884,37.487329803
1528,041460,한국전자인증,코스닥시장상장법인,582,소프트웨어 개발 및 공급업,영업이익(손실),"5,525,878,170","4,596,355,359","2,321,879,881",00361169,19990326,58221,"서울특별시 서초구  서초대로 320 하림인터내셔날빌딩 (서초동, 하림빌딩7층)",00361169,한국전자인증,041460,서울특별시,서초구,127.016584070,37.494195543
1529,006200,한국전자홀딩스,유가증권시장상장법인,649,기타 금융업,영업이익(손실),"38,507,381,292","-195,791,683","-12,104,565,637",00159254,19690909,64992,서울특별시 서초구  마방로10길 5,00159254,한국전자홀딩스,006200,서울특별시,서초구,127.043288361,37.477058902
1532,025770,한국정보통신,코스닥시장상장법인,612,전기 통신업,영업이익(손실),"23,559,172,000","21,079,400,000","34,228,775,000",00159342,19860509,61299,서울특별시 중구  세종대로 39 대한서울상공회의소 7층,00159342,한국정보통신,025770,서울특별시,중구,126.973777605,37.560714198
1537,050540,한국코퍼레이션,코스닥시장상장법인,759,기타 사업 지원 서비스업,영업이익(손실),"1,073,832,792","-665,192,281","-12,297,978,915",00302078,19910724,75991,서울특별시 중구 소월로2길 30 남산트라팰리스,00302078,엠피씨플러스,050540,서울특별시,중구,126.975967378,37.553803888
1542,053590,한국테크놀로지,코스닥시장상장법인,303,자동차 신품 부품 제조업,영업이익(손실),"5,634,276,508","5,172,177,022","-4,223,561,271",00355548,19970722,473,서울특별시 중구 소월로2길 30 남산트라팰리스,00355548,한국테크놀로지,053590,서울특별시,중구,126.975967378,37.553803888
1545,123690,한국화장품,유가증권시장상장법인,464,생활용품 도매업,영업이익(손실),"-3,193,220,979","-16,993,356,942","-17,394,170,012",00823429,20100503,46443,서울특별시 종로구 청계천로 35,00823429,한국화장품,123690,서울특별시,종로구,126.981376171,37.569341486
1550,053690,한미글로벌,유가증권시장상장법인,721,"건축 기술, 엔지니어링 및 관련 기술 서비스업",영업이익(손실),"19,637,903,345","16,500,753,182","24,407,031,088",00413523,19960618,72111,서울특별시 강남구 테헤란로87길 36 도심공항타워 층,00413523,한미글로벌,053690,서울특별시,강남구,127.058596939,37.510233090
1556,020000,한섬,유가증권시장상장법인,141,봉제의복 제조업,영업이익(손실),"152,192,853,992","102,052,974,543","106,549,798,864",00188089,19870525,14112,서울특별시 강남구  도산대로 523 한섬빌딩,00188089,한섬,020000,서울특별시,강남구,127.050700949,37.524964123
1557,105630,한세실업,유가증권시장상장법인,141,봉제의복 제조업,영업이익(손실),"106,694,162,989","64,864,260,293","84,888,528,510",00728638,20090106,14199,서울특별시 영등포구 은행로 29 정우빌딩,00728638,한세실업,105630,서울특별시,영등포구,126.921888886,37.529083843
1558,069640,한세엠케이,유가증권시장상장법인,474,"섬유, 의복, 신발 및 가죽제품 소매업",영업이익(손실),"-12,087,443,066","-18,861,876,976","-23,884,332,522",00357360,19950331,4741,서울특별시 강남구  논현로 633,00357360,한세엠케이,069640,서울특별시,강남구,127.032171966,37.509981204
1559,016450,한세예스24홀딩스,유가증권시장상장법인,141,봉제의복 제조업,영업이익(손실),"134,681,974,504","81,651,030,400","97,998,490,723",00161976,19821118,1419,서울특별시 영등포구 은행로 30 중소기업중앙회 6층,00161976,한세예스24홀딩스,016450,서울특별시,영등포구,126.922626782,37.528191347
1560,009180,한솔로지스틱스,유가증권시장상장법인,529,기타 운송관련 서비스업,영업이익(손실),"30,304,814,315","13,076,633,836","9,519,510,274",00140946,19730814,5299,서울특별시 중구 을지로 100 파인애비뉴 B동 22층,00140946,한솔로지스틱스,009180,서울특별시,중구,126.988757341,37.565788064
1562,213500,한솔제지,유가증권시장상장법인,171,"펄프, 종이 및 판지 제조업",영업이익(손실),"60,727,652,921","94,561,342,525","95,958,210,793",01060744,20150102,1712,"서울특별시 중구 을지로 100 비동 (을지로2가, 파인애비뉴)",01060744,한솔제지,213500,서울특별시,중구,126.988142548,37.565648682
1563,014680,한솔케미칼,유가증권시장상장법인,201,기초 화학물질 제조업,영업이익,"197,684,583,161","151,933,828,832","111,153,549,117",00140955,19800313,20129,서울특별시 강남구 테헤란로 513K Tower 7F / 8F,00140955,한솔케미칼,014680,서울특별시,강남구,127.058887174,37.508003109
1564,004710,한솔테크닉스,유가증권시장상장법인,262,전자 부품 제조업,영업이익,"-4,255,870,192","32,460,187,655","25,466,383,367",00157399,19660820,26299,서울특별시 중구 을지로 100,00157399,한솔테크닉스,004710,서울특별시,중구,126.988142548,37.565648682
1565,010420,한솔피엔에스,유가증권시장상장법인,467,기타 전문 도매업,영업이익(손실),"4,551,324,744","3,891,210,459","3,983,302,577",00103626,19750204,467,서울특별시 중구 퇴계로 213 일흥빌딩 5층,00103626,한솔피엔에스,010420,서울특별시,중구,126.995495057,37.561910701
1566,004150,한솔홀딩스,유가증권시장상장법인,649,기타 금융업,영업이익(손실),"18,378,267,000","12,456,630,000","14,799,625,000",00171636,19650119,64992,서울특별시 중구 을지로 100 파인애비뉴 B동 24층,00171636,한솔홀딩스,004150,서울특별시,중구,126.988757341,37.565788064
1576,046110,한일네트웍스,코스닥시장상장법인,631,"자료 처리, 호스팅, 포털 및 기타 인터넷 정보 매개 서비스업",영업이익(손실),"13,011,892,949","10,007,527,116","8,722,634,934",00277736,19980826,63112,서울특별시 중구 수표로 34 씨티센터타워 10층,00277736,한일네트웍스,046110,서울특별시,중구,126.990362266,37.564349651
1579,002220,한일철강,유가증권시장상장법인,241,1차 철강 제조업,영업이익(손실),"29,642,526,663","-4,237,473,773","-7,314,730,415",00163196,19571205,2419,서울특별시 중구  퇴계로27길 28 (한영빌딩 9층),00163196,한일철강,002220,서울특별시,중구,126.991626611,37.562370535
1583,002320,한진,유가증권시장상장법인,493,도로 화물 운송업,영업이익(손실),"99,432,891,702","105,917,310,389","90,655,085,859",00163512,19580310,49309,서울특별시 중구 남대문로 63 한진빌딩,00163512,한진,002320,서울특별시,중구,126.981363692,37.563079039
1584,180640,한진칼,유가증권시장상장법인,511,항공 여객 운송업,영업이익,"-195,175,723,509","-221,140,549,162","-3,881,273,804",00983040,20130801,511,서울특별시 중구 서소문로 117 -,00983040,한진칼,180640,서울특별시,중구,126.974130526,37.563567979
1591,000880,한화,유가증권시장상장법인,204,기타 화학제품 제조업,영업이익(손실),"2,927,888,000,000","1,549,002,000,000","103,388,000,000",00160588,19521028,20494,서울특별시 중구  청계천로 86 24층,00160588,한화,000880,서울특별시,중구,126.986525106,37.567518804
1592,009830,한화솔루션,유가증권시장상장법인,201,기초 화학물질 제조업,영업이익,"738,347,655,292","594,183,118,076","459,151,320,504",00162461,19740427,20111,서울특별시 중구 청계천로 86 한화빌딩,00162461,한화솔루션,009830,서울특별시,중구,126.986525106,37.567518804
1596,034810,해성산업,코스닥시장상장법인,649,기타 금융업,영업이익(손실),"93,413,922,428","23,066,212,465","5,217,231,717",00219361,19540205,649,서울 강남구 대치3동 942,00219361,해성산업,034810,서울,강남구,0,0
1602,000720,현대건설,유가증권시장상장법인,412,토목 건설업,영업이익,"753,504,000,000","548,972,000,000","859,667,000,000",00164478,19500110,41221,서울특별시 종로구  율곡로 75,00164478,현대건설,000720,서울특별시,종로구,126.987519036,37.577768623
1608,319400,현대무벡스,코스닥시장상장법인,291,일반 목적용 기계 제조업,영업이익,"15,407,257,360","16,553,939,611","10,249,249,959",01358463,20190218,291,서울시 종로구 율곡로 194 현대그룹빌딩,01358463,현대무벡스,319400,서울시,종로구,127.000722947,37.575315758
1616,307950,현대오토에버,유가증권시장상장법인,582,소프트웨어 개발 및 공급업,영업이익,"96,106,277,138","86,813,994,800","80,212,335,242",00362441,20000410,582,서울특별시 강남구 테헤란로 510 루첸타워,00362441,현대오토에버,307950,서울특별시,강남구,127.058649756,37.507020582
1622,227840,현대코퍼레이션홀딩스,유가증권시장상장법인,463,음ㆍ식료품 및 담배 도매업,영업이익(손실),"8,146,424,903","10,102,432,737","9,283,405,926",01108099,20151002,463,서울특별시 종로구 율곡로2길 25,01108099,현대코퍼레이션홀딩스,227840,서울특별시,종로구,126.980510590,37.574365462
1623,126560,현대퓨처넷,유가증권시장상장법인,602,텔레비전 방송업,영업이익(손실),"7,411,747,056","-16,921,741,186","-2,610,619,632",00403632,19920316,61299,"서울특별시 서초구 반포대로 19 (서초동, 현대퓨처넷빌딩)",00403632,현대퓨처넷,126560,서울특별시,서초구,127.011926941,37.482183518
1627,011080,형지I&C,코스닥시장상장법인,141,봉제의복 제조업,정상영업손익,"-2,904,940,471","-5,330,610,708","450,766,081",00142713,19760225,1419,"서울특별시 강남구 논현로 322 4층(역삼동, 형지빌딩)",00142713,형지I&C,011080,서울특별시,강남구,127.040445786,37.494122173
1629,003010,혜인,유가증권시장상장법인,465,기계장비 및 관련 물품 도매업,영업이익(손실),"9,063,861,690","8,819,184,380","11,803,676,728",00165343,19601017,465,서울특별시 서초구  동산로 86 혜인빌딩,00165343,혜인,003010,서울특별시,서초구,127.048002267,37.473018325
1640,094280,효성 ITX,유가증권시장상장법인,759,기타 사업 지원 서비스업,영업이익(손실),"20,287,985,472","16,812,254,864","13,026,206,983",00414850,19970509,759,서울특별시 영등포구  선유동2로 57 이레빌딩 15층,00414850,효성 ITX,094280,서울특별시,영등포구,126.896867699,37.533836305
1645,290270,휴네시온,코스닥시장상장법인,582,소프트웨어 개발 및 공급업,영업이익(손실),"2,879,699,999","2,805,532,107","1,897,965,383",01251577,20031215,582,서울특별시 강남구 학동로97길 20 성호빌딩 2층/3층,01251577,휴네시온,290270,서울특별시,강남구,127.055518118,37.521146604
1652,079980,휴비스,유가증권시장상장법인,205,화학섬유 제조업,영업이익(손실),"6,490,560,612","39,869,748,147","4,867,302,957",00362238,20001101,20501,서울특별시 강남구  학동로 343,00362238,휴비스,079980,서울특별시,강남구,127.040619448,37.517480740
1654,005010,휴스틸,유가증권시장상장법인,241,1차 철강 제조업,영업이익(손실),"63,214,154,152","17,657,216,066","-12,915,905,238",00156488,19670418,2413,"서울특별시 강남구  테헤란로 512 (대치동, 신안빌딩 14층)",00156488,휴스틸,005010,서울특별시,강남구,127.059248564,37.507245372
1659,069260,휴켐스,유가증권시장상장법인,204,기타 화학제품 제조업,영업이익(손실),"93,395,046,788","95,247,595,160","106,356,571,907",00426086,20020915,2049,서울특별시 중구  퇴계로 173 19층,00426086,티케이지휴켐스,069260,서울특별시,중구,126.991058511,37.561824080
1661,189980,흥국에프엔비,코스닥시장상장법인,112,비알코올 음료 및 얼음 제조업,영업이익(손실),"6,695,133,134","2,479,235,199","5,813,142,782",00916516,20080325,11209,"서울특별시 서초구 마방로 60 24층 (양재동, 트러스트타워)",00916516,흥국에프엔비,189980,서울특별시,서초구,127.043743809,37.477190003
1662,003280,흥아해운,유가증권시장상장법인,501,해상 운송업,영업이익(손실),"-1,874,688,534","-5,797,542,983","-12,364,292,518",00167208,19611208,50112,"서울특별시 중구 남대문로9길 39 서울시 중구 남대문로9길 39(을지로1가, 부림빌딩) 8층",00167208,흥아해운,003280,서울특별시,중구,126.980245360,37.566663685
1665,001040,CJ,유가증권시장상장법인,649,기타 금융업,영업이익,"1,881,800,099,000","1,390,340,166,000","1,509,154,524,000",00148540,19530801,64992,"서울특별시 중구 소월로2길 12 (남대문로5가, CJ THE CENTER)",00148540,CJ,001040,서울특별시,중구,126.975974645,37.554600952
1666,000120,CJ대한통운,유가증권시장상장법인,493,도로 화물 운송업,영업이익,"343,880,765,667","325,337,561,292","307,186,346,174",00113410,19301115,493,서울특별시 종로구 종로5길 7(청진동) Tower 8,00113410,CJ대한통운,000120,서울특별시,종로구,126.980547123,37.570669768
1668,000210,DL,유가증권시장상장법인,649,기타 금융업,영업이익(손실),"221,893,397,682","119,049,765,679","135,985,787,217",00109693,19391010,20111,서울특별시 종로구 통일로 134 디타워 돈의문,00109693,DL,000210,서울특별시,종로구,126.966357117,37.566735081
1669,375500,DL이앤씨,유가증권시장상장법인,412,토목 건설업,영업이익,"957,257,982,914",,,01524093,20210104,412,서울특별시 종로구 통일로 134,01524093,DL이앤씨,375500,서울특별시,종로구,126.966357117,37.566735081
1671,078930,GS,유가증권시장상장법인,649,기타 금융업,영업이익(손실),"2,640,272,000,000","920,569,000,000","2,033,142,000,000",00500254,20040701,64992,서울특별시 강남구 논현로 508,00500254,GS,078930,서울특별시,강남구,127.037476010,37.502001742
1672,006360,GS건설,유가증권시장상장법인,411,건물 건설업,영업이익,"646,485,539,335","750,397,845,885","767,266,689,077",00120030,19691219,4111,서울특별시 종로구 종로 33 그랑서울,00120030,GS건설,006360,서울특별시,종로구,126.981435735,37.571014181
1673,001250,GS글로벌,유가증권시장상장법인,468,상품 종합 도매업,영업이익(손실),"38,846,703,450","32,299,928,715","58,277,395,763",00138190,19540731,468,서울특별시 강남구 논현로 508 GS강남타워,00138190,GS글로벌,001250,서울특별시,강남구,127.037476010,37.502001742
1674,012630,HDC,유가증권시장상장법인,649,기타 금융업,영업이익,"368,697,035,249","544,670,794,788","128,121,494,512",00164636,19771014,649,서울특별시 강남구 영동대로 520 아이파크타워,00164636,HDC,012630,서울특별시,강남구,127.061106445,37.513706885
1680,003550,LG,유가증권시장상장법인,649,기타 금융업,영업이익(손실),"2,460,104,000,000","1,586,056,000,000","841,193,000,000",00120021,19470105,64992,서울특별시 영등포구  여의대로 128,00120021,LG,003550,서울특별시,영등포구,126.929139246,37.527885439
1681,051900,LG생활건강,유가증권시장상장법인,204,기타 화학제품 제조업,영업이익(손실),"1,289,630,423,605","1,220,864,731,311","1,176,411,246,904",00356370,20010403,20422,서울특별시 종로구  새문안로 58,00356370,LG생활건강,051900,서울특별시,종로구,126.971562298,37.569268927
1682,373220,LG에너지솔루션,유가증권시장상장법인,282,일차전지 및 축전지 제조업,영업이익(손실),"768,470,000,000","-475,206,000,000",,01515323,20201201,28202,"서울특별시 영등포구 여의대로 108, 타워 1",01515323,LG에너지솔루션,373220,서울특별시,영등포구,126.927176775,37.526637268
1685,066570,LG전자,유가증권시장상장법인,264,통신 및 방송장비 제조업,영업이익(손실),"3,863,774,000,000","3,905,108,000,000","3,293,329,000,000",00401731,20020401,264,서울특별시 영등포구  여의대로 128 LG트윈타워,00401731,LG전자,066570,서울특별시,영등포구,126.929139246,37.527885439
1686,051910,LG화학,유가증권시장상장법인,201,기초 화학물질 제조업,영업이익 (손실),"5,025,466,000,000","1,805,359,000,000","831,703,000,000",00356361,20010401,20111,서울특별시 영등포구  여의대로 128,00356361,LG화학,051910,서울특별시,영등포구,126.929139246,37.527885439
1688,001120,LX인터내셔널,유가증권시장상장법인,461,상품 중개업,영업이익(손실),"656,217,086,586","159,835,470,836","134,784,427,823",00120076,19531126,4610,서울특별시 종로구 새문안로 58 LG광화문빌딩,00120076,LX인터내셔널,001120,서울특별시,종로구,126.971562298,37.569268927
1689,108670,LX하우시스,유가증권시장상장법인,222,플라스틱 제품 제조업,영업이익,"67,273,000,000","70,987,000,000","68,777,000,000",00759513,20090402,2222,서울특별시 중구 후암로 98 LG서울역빌딩,00759513,LX하우시스,108670,서울특별시,중구,126.974858791,37.553868314
1690,010060,OCI,유가증권시장상장법인,201,기초 화학물질 제조업,영업이익(손실),"625,984,935,000","-86,145,075,000","-180,605,008,000",00148896,19740701,20129,서울특별시 중구  소공로 94 OCI 빌딩,00148896,OCI,010060,서울특별시,중구,126.980462760,37.563347622
1691,017670,SK텔레콤,유가증권시장상장법인,612,전기 통신업,영업이익(손실),"1,387,162,000,000","1,248,578,000,000","1,038,668,000,000",00159023,19840420,61220,서울특별시 중구  을지로 65 (을자로2가),00159023,SK텔레콤,017670,서울특별시,중구,126.985128366,37.566487349
1695,000050,경방,유가증권시장상장법인,471,종합 소매업,영업이익(손실),"53,796,815,200","21,853,996,547","32,020,529,934",00101628,19191005,47119,서울특별시 영등포구 영중로 15 (영등포동 4가),00101628,경방,000050,서울특별시,영등포구,126.904378098,37.516874683
1697,011780,금호석유화학,유가증권시장상장법인,201,기초 화학물질 제조업,영업이익(손실),"2,406,835,526,956","742,159,982,879","365,369,653,508",00106368,19761210,201,"서울특별시 중구 청계천로 100 (수표동, 시그니쳐타워)",00106368,금호석유화학,011780,서울특별시,중구,126.988113238,37.567472764
1698,000270,기아,유가증권시장상장법인,301,자동차용 엔진 및 자동차 제조업,영업이익,"5,065,685,000,000","2,066,457,000,000","2,009,680,000,000",00106641,19441210,30121,서울특별시 서초구 헌릉로 12 기아자동차,00106641,기아,000270,서울특별시,서초구,127.042042669,37.463673451
1699,089600,나스미디어,코스닥시장상장법인,713,광고업,영업이익(손실),"32,875,303,239","26,967,943,321","30,558,603,138",00486097,20000313,71310,"서울특별시 강남구 도곡로1길 14 삼일프라자오피스텔4,5F",00486097,나스미디어,089600,서울특별시,강남구,127.032300026,37.491105813
1706,006370,대구백화점,유가증권시장상장법인,471,종합 소매업,영업이익(손실),"-18,071,441,256","-17,554,676,458","-14,239,578,798",00108977,19691226,47111,대구광역시 중구 동성로 30 9층 재무팀,00108977,대구백화점,006370,대구광역시,중구,128.595939966,35.869476740
1708,047040,대우건설,유가증권시장상장법인,411,건물 건설업,영업이익(손실),"738,313,485,108","558,257,521,374","364,061,074,652",00124540,20001227,41112,서울특별시 중구 을지로 170 (을지로4가),00124540,대우건설,047040,서울특별시,중구,126.997318381,37.566146865
1713,005160,동국산업,코스닥시장상장법인,241,1차 철강 제조업,영업이익(손실),"34,929,987,273","18,463,403,866","32,924,085,223",00172680,19670901,24122,서울특별시 중구  다동길 46,00172680,동국산업,005160,서울특별시,중구,126.981726026,37.567860541
1714,001230,동국제강,유가증권시장상장법인,241,1차 철강 제조업,영업이익(손실),"803,015,420,425","294,697,649,009","164,555,175,276",00114792,19540707,241,서울특별시 중구  을지로5길 19 페럼타워,00114792,동국제강,001230,서울특별시,중구,126.984209484,37.566978919
1715,001520,동양,유가증권시장상장법인,233,"시멘트, 석회, 플라스터 및 그 제품 제조업",영업이익,"7,617,953,056","-7,551,089,878","-20,118,140,716",00117337,19550825,23322,서울특별시 영등포구 국제금융로2길 24 -,00117337,동양,001520,서울특별시,영등포구,126.924832138,37.524305253
1717,000150,두산,유가증권시장상장법인,715,회사 본부 및 경영 컨설팅 서비스업,영업이익(손실),"945,931,226,947","-20,352,567,986","783,035,133,162",00117212,19331208,64992,서울특별시 중구  장충단로 275 두산타원,00117212,두산,000150,서울특별시,중구,127.008711651,37.568835534
1720,003160,디아이,유가증권시장상장법인,272,"측정, 시험, 항해, 제어 및 기타 정밀 기기 제조업; 광학 기기 제외",영업이익(손실),"16,476,140,212","5,521,898,717","-6,535,241,328",00118275,19610316,27212,서울특별시 강남구  논현로 703,00118275,디아이,003160,서울특별시,강남구,127.030119285,37.514402905
1721,001530,디아이동일,유가증권시장상장법인,461,상품 중개업,영업이익(손실),"48,592,979,653","26,370,789,955","17,436,087,739",00118345,19550805,46103,서울특별시 강남구  테헤란로 516 정헌빌딩 8층,00118345,디아이동일,001530,서울특별시,강남구,127.060079255,37.507412774
1724,267980,매일유업,코스닥시장상장법인,105,낙농제품 및 식용 빙과류 제조업,영업이익,"87,797,405,868","86,487,192,695","85,294,893,142",01234507,20170501,10501,서울특별시 종로구 종로1길 50 &nbsp,01234507,매일유업,267980,서울특별시,종로구,126.979616591,37.574765028
1725,005990,매일홀딩스,코스닥시장상장법인,105,낙농제품 및 식용 빙과류 제조업,영업이익(손실),"93,830,177,568","83,361,192,877","84,428,027,324",00120924,19690214,105,서울시 종로구 종로1길 50 더케이트윈타워A동,00120924,매일홀딩스,005990,서울시,종로구,126.979616591,37.574765028
1728,009680,모토닉,유가증권시장상장법인,303,자동차 신품 부품 제조업,영업이익,"14,355,454,772","11,362,294,429","9,695,919,016",00151128,19740307,303,"서울특별시 종로구 청계천로 41 9층(서린동, 영풍빌딩)",00151128,모토닉,009680,서울특별시,종로구,126.982183495,37.569669040
1730,030790,비케이탑스,유가증권시장상장법인,620,"컴퓨터 프로그래밍, 시스템 통합 및 관리업",영업이익(손실),"-10,337,472,155","-3,417,462,534","-3,699,974,761",00273615,19910330,620,"서울특별시 강남구 테헤란로 401 17층(삼성동, 남경센타)",00273615,비케이탑스,030790,서울특별시,강남구,127.049144421,37.504969228
1735,002170,삼양통상,유가증권시장상장법인,151,"가죽, 가방 및 유사 제품 제조업",영업이익(손실),"36,387,252,619","57,696,601,558","49,436,640,106",00127042,19571012,15110,서울특별시 강남구 테헤란로 301(역삼동) 삼정개발빌딩 6층,00127042,삼양통상,002170,서울특별시,강남구,127.043062532,37.503116773
1738,003100,선광,코스닥시장상장법인,529,기타 운송관련 서비스업,영업이익(손실),"32,163,554,969","28,581,656,214","21,851,871,085",00131896,19610125,52942,인천 중구 항동 34-2,00131896,선광,003100,인천,중구,0,0
1744,086980,쇼박스,코스닥시장상장법인,591,"영화, 비디오물, 방송 프로그램 제작 및 배급업",영업이익,"1,924,376,679","-1,951,898,944","1,942,203,853",00303794,19990610,59130,서울특별시 강남구 도산대로 310(논현동) 916빌딩 7~9층,00303794,쇼박스,086980,서울특별시,강남구,127.035474170,37.521554684
1745,050960,수산아이앤티,코스닥시장상장법인,582,소프트웨어 개발 및 공급업,영업이익,"2,288,392,970","2,961,938,013","2,789,716,514",00577016,19980303,582,"서울특별시 강남구 밤고개로5길 13 (수서동, 수산빌딩)",00577016,수산아이앤티,050960,서울특별시,강남구,127.104035757,37.486641642
1746,131100,스카이이앤엠,코스닥시장상장법인,468,상품 종합 도매업,영업이익(손실),"-11,947,125,163","-14,929,253,059","-2,694,233,857",00814786,20070314,591,"서울특별시 강남구 도산대로 414 13층 (청담동, 한성청담빌딩)",00814786,초록뱀이앤엠,131100,서울특별시,강남구,127.041031449,37.522867900
1750,004170,신세계,유가증권시장상장법인,471,종합 소매업,영업이익,"517,400,647,833","88,483,188,736","467,798,272,893",00136378,19551209,47111,서울특별시 중구  소공로 63 (충무로1가) 신세계백화점건물 (주)신세계,00136378,신세계,004170,서울특별시,중구,126.980981049,37.560925287
1751,031430,신세계인터내셔날,유가증권시장상장법인,474,"섬유, 의복, 신발 및 가죽제품 소매업",영업이익,"91,971,396,487","33,764,331,574","84,491,939,395",00234412,19801025,4741,서울특별시 강남구 도산대로 449 -,00234412,신세계인터내셔날,031430,서울특별시,강남구,127.045407018,37.524310398
1752,003410,쌍용씨앤이,유가증권시장상장법인,233,"시멘트, 석회, 플라스터 및 그 제품 제조업",영업이익(손실),"248,732,059,385","250,161,895,107","229,221,973,823",00138224,19620514,23311,서울특별시 중구 수표로 34 씨티센터타워 7~9층,00138224,쌍용씨앤이,003410,서울특별시,중구,126.990362266,37.564349651
1753,010280,쌍용정보통신,코스닥시장상장법인,620,"컴퓨터 프로그래밍, 시스템 통합 및 관리업",영업이익(손실),"6,400,343,987","-10,519,359,714","458,755,996",00138303,19811208,62021,서울특별시 중구 수표로 34 씨티센터타워 5층,00138303,쌍용정보통신,010280,서울특별시,중구,126.990362266,37.564349651
1754,015540,쎌마테라퓨틱스,유가증권시장상장법인,759,기타 사업 지원 서비스업,영업이익(손실),"-4,894,028,449","-6,219,129,820","-13,342,079,977",00108065,19810902,759,"서울특별시 강남구 역삼로19길 9 KT빌딩, 5층",00108065,쎌마테라퓨틱스,015540,서울특별시,강남구,127.036871886,37.495950086
1756,099190,아이센스,코스닥시장상장법인,271,의료용 기기 제조업,영업이익(손실),"34,826,754,603","30,455,987,440","30,172,842,156",00550994,20000504,27112,서울특별시 서초구 반포대로28길 43 아이센스 빌딩,00550994,아이센스,099190,서울특별시,서초구,127.010699248,37.491364412
1757,158430,아톤,코스닥시장상장법인,582,소프트웨어 개발 및 공급업,영업이익(손실),"9,142,113,693","2,070,807,621","4,123,861,565",00595182,19991013,58221,서울특별시 영등포구 여의대로 108 파크원타워1 26층,00595182,아톤,158430,서울특별시,영등포구,126.927176775,37.526637268
1758,011090,에넥스,유가증권시장상장법인,320,가구 제조업,영업이익(손실),"-12,333,342,296","-8,514,826,614","-2,830,597,388",00139764,19760304,32021,서울특별시 서초구 서초대로73길 40(서초동),00139764,에넥스,011090,서울특별시,서초구,127.024556591,37.500917427
1759,031330,에스에이엠티,코스닥시장상장법인,465,기계장비 및 관련 물품 도매업,영업이익,"84,470,411,777","34,144,612,396","33,707,934,707",00128661,19900627,4659,서울특별시 강남구  영동대로 315 대경빌딩,00128661,에스에이엠티,031330,서울특별시,강남구,127.066034255,37.502495620
1764,012750,에스원,유가증권시장상장법인,753,"경비, 경호 및 탐정업",영업이익,"179,664,944,147","204,462,688,212","196,822,006,653",00158501,19771128,75320,서울 중구 순화동 168 에스원빌딩 17층 총무팀,00158501,에스원,012750,서울,중구,0,0
1772,111770,영원무역,유가증권시장상장법인,468,상품 종합 도매업,영업이익,"442,515,129,012","259,688,519,331","237,649,015,875",00776820,20090702,46800,서울특별시 중구  만리재로 159,00776820,영원무역,111770,서울특별시,중구,126.964078027,37.553228127
1773,009970,영원무역홀딩스,유가증권시장상장법인,649,기타 금융업,영업이익,"570,492,659,317","340,765,358,047","298,988,113,176",00140964,19740620,64992,서울특별시 중구 만리재로 159 (주)영원무역,00140964,영원무역홀딩스,009970,서울특별시,중구,126.964078027,37.553228127
1775,039830,오로라,코스닥시장상장법인,732,전문 디자인업,영업이익(손실),"10,606,169,157","8,765,577,064","12,596,995,489",00141556,19850925,73203,서울특별시 강남구 테헤란로 624 오로라빌딩,00141556,오로라,039830,서울특별시,강남구,127.066017396,37.509340058
1776,010470,오리콤,코스닥시장상장법인,713,광고업,영업이익(손실),"6,595,067,070","1,032,712,926","7,955,798,357",00141671,19750224,71310,서울특별시 강남구  언주로 726 두산빌딩,00141671,오리콤,010470,서울특별시,강남구,127.035197464,37.519381899
1782,139480,이마트,유가증권시장상장법인,471,종합 소매업,영업이익,"316,790,902,379","237,151,679,441","150,652,508,829",00872984,20110503,471,서울특별시 중구 세종대로7길 37,00872984,이마트,139480,서울특별시,중구,126.972489577,37.560748856
1783,005950,이수화학,유가증권시장상장법인,201,기초 화학물질 제조업,영업이익,"82,059,895,812","-36,843,269,764","6,552,862,554",00145552,19690117,20111,서울특별시 서초구 사평대로 84 이수화학,00145552,이수화학,005950,서울특별시,서초구,126.993879332,37.498022107
1784,000760,이화산업,유가증권시장상장법인,467,기타 전문 도매업,영업이익(손실),"-4,965,189,508","-3,486,085,832","-1,689,015,924",00145686,19500329,46731,서울특별시 중구 삼일대로 299 (충무로2가),00145686,이화산업,000760,서울특별시,중구,126.988476552,37.561592404
1785,129260,인터지스,유가증권시장상장법인,493,도로 화물 운송업,영업이익,"19,994,089,933","7,656,359,253","6,479,329,590",00151368,19560223,49301,부산광역시 중구  충장대로9번길 52 마린센터 13층,00151368,인터지스,129260,부산광역시,중구,129.038995952,35.109701586
1799,052400,코나아이,코스닥시장상장법인,582,소프트웨어 개발 및 공급업,영업이익(손실),"48,150,048,696","19,014,695,497","-2,608,530,430",00349732,19980311,58221,서울특별시 영등포구  은행로 3 익스콘벤처타워 8층,00349732,코나아이,052400,서울특별시,영등포구,126.919664722,37.527516056
1800,005420,코스모화학,유가증권시장상장법인,204,기타 화학제품 제조업,영업이익(손실),"30,483,818,557","5,000,687,087","-5,222,743,459",00160302,19680212,2049,서울특별시 서초구  반포대로 43 코스모빌딩 5층,00160302,코스모화학,005420,서울특별시,서초구,127.010903370,37.484245748
1810,002390,한독,유가증권시장상장법인,212,의약품 제조업,영업이익,"28,006,350,245","28,376,314,663","27,467,269,538",00161046,19540701,21210,서울특별시 강남구  테헤란로 132,00161046,한독,002390,서울특별시,강남구,127.033223217,37.499330570
1813,300720,한일시멘트,유가증권시장상장법인,233,"시멘트, 석회, 플라스터 및 그 제품 제조업",영업이익,"120,397,431,466","132,795,563,215","58,950,272,407",01319808,20180702,23311,서울특별시 서초구 효령로 275 서초동 1587 한일시멘트빌딩,01319808,한일시멘트,300720,서울특별시,서초구,127.014205268,37.484953522
1814,003300,한일홀딩스,유가증권시장상장법인,233,"시멘트, 석회, 플라스터 및 그 제품 제조업",영업이익,"130,788,787,439","157,057,559,689","83,622,939,392",00162993,19611228,23311,서울특별시 서초구 효령로 275 서초동 1587 한일시멘트빌딩,00162993,한일홀딩스,003300,서울특별시,서초구,127.014205268,37.484953522
1815,130660,한전산업,유가증권시장상장법인,721,"건축 기술, 엔지니어링 및 관련 기술 서비스업",영업이익,"17,515,390,232","19,034,399,384","21,041,396,896",00194947,19900411,72129,서울특별시 중구  서소문로 115 한산빌딩,00194947,한전산업,130660,서울특별시,중구,126.973613918,37.563443476
1819,012330,현대모비스,유가증권시장상장법인,303,자동차 신품 부품 제조업,영업이익,"2,040,112,000,000","1,830,292,000,000","2,359,257,000,000",00164788,19770701,303,서울 강남구 역삼1동 로담코빌딩 140-2,00164788,현대모비스,012330,서울,강남구,0,0
1820,069960,현대백화점,유가증권시장상장법인,471,종합 소매업,영업이익(손실),"264,365,188,000","135,863,991,000","292,244,731,000",00428251,20021101,47111,서울특별시 강남구 테헤란로98길 12 -,00428251,현대백화점,069960,서울특별시,강남구,127.062162294,37.507420260
1821,005380,현대자동차,유가증권시장상장법인,301,자동차용 엔진 및 자동차 제조업,영업이익,"6,678,949,000,000","2,394,671,000,000","3,605,505,000,000",00164742,19671229,30121,서울특별시 서초구  헌릉로 12,00164742,현대자동차,005380,서울특별시,서초구,127.042042669,37.463673451
1822,011760,현대코퍼레이션,유가증권시장상장법인,468,상품 종합 도매업,영업이익(손실),"35,069,901,698","33,238,150,521","43,519,777,199",00164812,19761208,46800,서울특별시 종로구 율곡로2길 25 연합미디어센터빌딩 16층,00164812,현대코퍼레이션,011760,서울특별시,종로구,126.980510590,37.574365462
1824,008770,호텔신라,유가증권시장상장법인,478,기타 상품 전문 소매업,V. 영업손익,"118,811,528,171","-185,280,168,134","295,859,974,844",00165680,19730509,47859,서울특별시 중구 동호로 249 (주) 호텔신라,00165680,호텔신라,008770,서울특별시,중구,127.007746192,37.557252713
1828,298000,효성화학,유가증권시장상장법인,201,기초 화학물질 제조업,영업이익,"148,572,510,622","60,927,548,911","153,887,309,275",01316236,20180604,201,서울특별시 서초구 반포대로 235,01316236,효성화학,298000,서울특별시,서초구,127.003234256,37.500544663
