,sgg_nm,bjd_nm,sggbjd_nm,202001,202101,202201,y,x,x_5179,y_5179
1,종로구,사직동,종로구 사직동,9840,9825,9612,37.576196,126.9688397,953098.2763557023,1953112.3388816142
2,종로구,삼청동,종로구 삼청동,3023,2888,2751,37.5850126,126.981836,954251.2596495344,1954084.0910467277
3,종로구,부암동,종로구 부암동,10542,10285,9782,37.5924785,126.9641,952690.0611426757,1954921.1853983086
4,종로구,평창동,종로구 평창동,18806,18586,18320,37.6063166,126.9681871,953059.5731278484,1956454.4127737721
5,종로구,무악동,종로구 무악동,8753,8565,8291,37.5760032,126.958148,952154.0632502701,1953096.3397105318
6,종로구,교남동,종로구 교남동,10764,10587,10189,37.5719391,126.9619364,952486.002252111,1952643.524389904
7,종로구,가회동,종로구 가회동,4479,4417,4176,37.5800784,126.9847995,954509.9068365894,1953535.2252761496
8,종로구,종로1.2.3.4가동,종로구 종로1.2.3.4가동,8459,8421,8659,37.574461,126.9902618,954988.8275108016,1952909.3705669346
9,종로구,종로5.6가동,종로구 종로5.6가동,5848,5672,5449,37.5720148,127.0050414,956292.4824688336,1952630.9989524528
10,종로구,이화동,종로구 이화동,8498,8071,7701,37.577008,127.004338,956233.290473104,1953185.2975552476
11,종로구,창신1동,종로구 창신1동,6079,5939,5651,37.570758,127.016363,957291.5294337772,1952486.357113923
12,종로구,창신2동,종로구 창신2동,9807,9478,9040,37.574458,127.010863,956807.9755356243,1952899.3678794857
13,종로구,창신3동,종로구 창신3동,7282,7077,6720,37.5779055,127.0150474,957179.445081946,1953279.9357844198
14,종로구,숭인1동,종로구 숭인1동,6528,6389,6115,37.5778049,127.0156274,957230.6009468698,1953268.5105076646
15,종로구,숭인2동,종로구 숭인2동,9903,10199,10195,37.574867,127.019988,957613.9726824616,1952940.5887610777
16,종로구,청운효자동,종로구 청운효자동,12983,12622,12137,37.5841367,126.9706519,953263.2597752287,1953992.4197176641
17,종로구,혜화동,종로구 혜화동,20512,19560,18868,37.5869186,127.0005764,955906.9863862863,1954286.5907818547
19,중구,소공동,중구 소공동,3063,3030,3396,37.562442,126.977025,953812.5551671307,1951582.344683703
20,중구,회현동,중구 회현동,5852,5730,5431,37.557698,126.977662,953865.8882822746,1951055.7088857861
21,중구,명동,중구 명동,3614,3757,3729,37.560042,126.98585,954590.499201986,1951311.7763385465
22,중구,필동,중구 필동,5043,4772,4652,37.5601529,126.9955699,955449.0283186096,1951319.4283880796
23,중구,장충동,중구 장충동,5610,5400,5283,37.5618946,127.0078812,956537.3739485791,1951506.8965517632
24,중구,광희동,중구 광희동,6329,6419,6351,37.564494,127.0050623,956289.9333447155,1951796.5940732672
25,중구,을지로동,중구 을지로동,2002,1962,1920,37.5667163,126.9913342,955078.872452765,1952049.6208105164
26,중구,신당5동,중구 신당5동,10959,10864,10681,37.565142,127.02185,957772.9018455863,1951860.8106425891
27,중구,황학동,중구 황학동,13726,13508,13449,37.5673446,127.0212812,957723.9136608876,1952105.4335991975
28,중구,중림동,중구 중림동,12922,12753,12288,37.5548629,126.9644863,952700.3790050047,1950747.7174322084
29,중구,신당동,중구 신당동,9267,9201,9128,37.5620973,127.0145478,957126.2702023435,1951526.32298607
30,중구,다산동,중구 다산동,15040,14708,14258,37.5542861,127.0082322,956563.9570718363,1950662.6108061324
31,중구,약수동,중구 약수동,17748,17259,16867,37.552479,127.0090022,956630.9215735928,1950461.767100987
32,중구,청구동,중구 청구동,14488,14219,13825,37.557083,127.014687,957135.6915047083,1950969.9489994242
33,중구,동화동,중구 동화동,10984,10818,10393,37.5600562,127.0194239,957555.7579398599,1951297.6603106149
35,용산구,후암동,용산구 후암동,18501,18172,17283,37.5486375,126.9781344,953902.0314740784,1950050.2614156492
36,용산구,용산2가동,용산구 용산2가동,11860,11248,10721,37.5461327,126.9855777,954558.0047638325,1949768.7433872577
37,용산구,남영동,용산구 남영동,8420,8142,7835,37.5457586,126.9748403,953609.2674035936,1949732.4829412447
38,용산구,원효로2동,용산구 원효로2동,14698,14286,13865,37.53435,126.951538,951543.4266769227,1948478.5121220339
39,용산구,효창동,용산구 효창동,10349,10374,10135,37.5424569,126.9618498,952459.6277323769,1949372.6658234096
40,용산구,용문동,용산구 용문동,12616,12439,11967,37.5389,126.957562,952078.5625875317,1948980.223241475
41,용산구,이촌1동,용산구 이촌1동,29334,28894,26589,37.5214167,126.9732,953449.2403467153,1947032.693764676
42,용산구,이촌2동,용산구 이촌2동,8996,8793,8335,37.5262575,126.9547071,951818.2131979885,1947579.0653669708
43,용산구,이태원1동,용산구 이태원1동,9225,8750,8087,37.5325225,126.9950384,955385.6218681599,1948254.2358314185
44,용산구,이태원2동,용산구 이태원2동,10837,10784,10575,37.5418962,126.9901481,954959.1895301021,1949296.5272956311
45,용산구,서빙고동,용산구 서빙고동,14166,14026,13880,37.520458,126.994663,955345.2632392608,1946915.9268962315
46,용산구,보광동,용산구 보광동,15986,15462,14695,37.5263257,127.0001818,955836.4011594933,1947564.3086751902
47,용산구,청파동,용산구 청파동,20649,20403,20042,37.5488,126.9674,952953.9245326534,1950073.6076413228
48,용산구,원효로1동,용산구 원효로1동,16715,16747,16568,37.5372185,126.9676811,952971.4805534921,1948788.5610000093
49,용산구,한강로동,용산구 한강로동,19750,22176,23364,37.5281071,126.9692332,953102.8992211388,1947776.9262200035
50,용산구,한남동,용산구 한남동,23942,23772,22858,37.53455,127.0005,955869.3631950099,1948476.598632861
52,성동구,왕십리2동,성동구 왕십리2동,17741,17405,16806,37.561108,127.030488,958533.5224218979,1951409.4130291205
53,성동구,마장동,성동구 마장동,23985,23415,22956,37.566325,127.045388,959852.2714330523,1951981.7421934083
54,성동구,사근동,성동구 사근동,13484,13372,13370,37.5614846,127.0453315,959844.6837261152,1951444.7493585835
55,성동구,행당1동,성동구 행당1동,16449,14375,14201,37.558567,127.036188,959035.5481472273,1951125.0029340724
56,성동구,행당2동,성동구 행당2동,24614,24089,23345,37.558208,127.02935,958431.404556977,1951088.1759886432
57,성동구,응봉동,성동구 응봉동,16138,15795,15427,37.5531636,127.0334357,958789.4846310675,1950526.7277249363
58,성동구,금호1가동,성동구 금호1가동,15963,15796,15303,37.5549008,127.0216354,957748.1667819871,1950724.6994565437
59,성동구,금호4가동,성동구 금호4가동,15172,14828,14436,37.5471987,127.02241,957812.2429997352,1949869.8451218787
60,성동구,성수1가1동,성동구 성수1가1동,17162,17003,16771,37.542108,127.04965,960215.7875404195,1949293.1856828302
61,성동구,성수1가2동,성동구 성수1가2동,14641,13692,12817,37.5462991,127.0443325,959748.2870332213,1949760.4279187296
62,성동구,성수2가1동,성동구 성수2가1동,17698,17093,16270,37.5395907,127.0540659,960604.568597119,1949012.0463448828
63,성동구,성수2가3동,성동구 성수2가3동,11705,11446,10958,37.5482223,127.0552645,960714.9874633278,1949969.1720000226
64,성동구,송정동,성동구 송정동,11419,11089,10892,37.5545217,127.0696004,961984.5327384514,1950662.1613470013
65,성동구,용답동,성동구 용답동,13368,12701,12543,37.5640618,127.0555515,960748.6484334145,1951726.3585590026
66,성동구,왕십리도선동,성동구 왕십리도선동,27816,27467,26924,37.5678257,127.0255501,958101.1757747286,1952156.8972623353
67,성동구,금호2.3가동,성동구 금호2.3가동,24058,23548,22880,37.5532922,127.0209487,957686.6037310218,1950546.5427538909
68,성동구,옥수동,성동구 옥수동,27218,26798,26259,37.5436386,127.0134622,957019.7931717185,1949478.9242782625
70,광진구,화양동,광진구 화양동,25655,25502,26185,37.5465421,127.0713152,962131.957893229,1949776.1772921772
71,광진구,군자동,광진구 군자동,22252,21863,21452,37.5551217,127.0758373,962535.7160611028,1950726.2239709978
72,광진구,중곡1동,광진구 중곡1동,16272,16155,15820,37.560675,127.080038,962909.4985201578,1951340.6661460134
73,광진구,중곡2동,광진구 중곡2동,22599,22257,21754,37.560308,127.081487,963037.291615152,1951299.3786567287
74,광진구,중곡3동,광진구 중곡3동,17294,16845,16363,37.5688084,127.0801736,962925.505652949,1952242.9697241406
75,광진구,중곡4동,광진구 중곡4동,30528,29694,28926,37.5590865,127.0894538,963740.3237505165,1951160.7566457523
76,광진구,능동,광진구 능동,11972,11893,11589,37.5537803,127.0804994,962946.8350616557,1950575.555175908
77,광진구,구의1동,광진구 구의1동,23094,22661,22402,37.5424917,127.0856756,963398.5151527066,1949321.121579822
78,광진구,구의2동,광진구 구의2동,27844,27400,26977,37.5472481,127.0899111,963774.9832135205,1949847.1763645078
79,광진구,구의3동,광진구 구의3동,30111,29526,28833,37.5380706,127.0920204,963956.8901466263,1948828.1755419178
80,광진구,광장동,광진구 광장동,36067,35568,34831,37.546892,127.103025,964933.2316972673,1949802.697022768
81,광진구,자양1동,광진구 자양1동,24131,23614,23052,37.534508,127.082438,963108.5705689815,1948436.6421300399
82,광진구,자양2동,광진구 자양2동,26859,25925,24936,37.528825,127.084438,963282.4846695195,1947805.3647000773
83,광진구,자양3동,광진구 자양3동,29418,28946,28221,37.533842,127.072913,962266.7012037012,1948366.5324897596
84,광진구,자양4동,광진구 자양4동,22988,21346,21283,37.5341115,127.0662969,961682.3012566979,1948399.1070684495
86,동대문구,회기동,동대문구 회기동,13066,12600,12645,37.5908083,127.0553132,960741.6480579885,1954693.847630181
87,동대문구,휘경1동,동대문구 휘경1동,16456,15271,16109,37.592932,127.065725,961661.9286183963,1954925.1608927213
88,동대문구,휘경2동,동대문구 휘경2동,25071,24894,24752,37.5902093,127.0685788,961912.4775794095,1954621.9293360305
89,동대문구,청량리동,동대문구 청량리동,21778,20239,19269,37.5862586,127.0472767,960029.7237956813,1954192.4697432457
90,동대문구,용신동,동대문구 용신동,32239,32640,33502,37.5758185,127.0372169,959135.8479741395,1953038.5200030818
91,동대문구,제기동,동대문구 제기동,27337,26899,26514,37.5831612,127.0378551,959196.2092839662,1953852.8790054317
92,동대문구,전농1동,동대문구 전농1동,31123,30604,29620,37.5779984,127.0477575,960067.7613724357,1953275.83668634
93,동대문구,전농2동,동대문구 전농2동,19980,19312,18791,37.5781027,127.0600375,961152.124134301,1953282.2596319502
94,동대문구,답십리2동,동대문구 답십리2동,30493,29425,28477,37.567417,127.06125,961253.6504153677,1952096.2355214795
95,동대문구,장안1동,동대문구 장안1동,39195,39299,38743,37.567842,127.066375,961706.462931305,1952141.286253489
96,동대문구,장안2동,동대문구 장안2동,33203,33282,32802,37.578483,127.0706,962084.9707855205,1953320.1368480122
97,동대문구,이문1동,동대문구 이문1동,22173,21027,20784,37.597849,127.06545,961640.1755158601,1955470.7910426394
98,동대문구,이문2동,동대문구 이문2동,21165,20876,20405,37.6033571,127.065075,961609.9027087307,1956082.042438511
99,동대문구,답십리1동,동대문구 답십리1동,29759,29540,29379,37.5717963,127.0512678,960374.4302112524,1952586.2588890782
101,중랑구,면목2동,중랑구 면목2동,25915,25135,24388,37.589799,127.07905,962836.7157165492,1954572.2138585316
102,중랑구,면목4동,중랑구 면목4동,20041,19541,19290,37.5746736,127.0855775,963405.591345008,1952891.5645222953
103,중랑구,면목5동,중랑구 면목5동,9788,14754,14910,37.5857842,127.079511,962875.4209785494,1954126.6092955552
104,중랑구,면목7동,중랑구 면목7동,22454,22682,22081,37.5789945,127.0869854,963532.0198878085,1953370.3986432573
105,중랑구,상봉1동,중랑구 상봉1동,25482,24863,24179,37.5998799,127.0872004,963561.1875107759,1955687.447388663
106,중랑구,상봉2동,중랑구 상봉2동,19912,20309,20597,37.592892,127.0808518,962997.3185392866,1954914.655750375
107,중랑구,중화1동,중랑구 중화1동,20889,20350,19757,37.6011745,127.080623,962981.223419318,1955833.6498453335
108,중랑구,중화2동,중랑구 중화2동,27061,26022,25318,37.5993838,127.0795427,962884.9743881072,1955635.4065327938
109,중랑구,묵1동,중랑구 묵1동,35927,35508,34685,37.6123734,127.0784729,962797.0095368776,1957076.966408839
110,중랑구,묵2동,중랑구 묵2동,19902,19657,18912,37.6059528,127.0783313,962781.3128205071,1956364.6860310496
111,중랑구,망우3동,중랑구 망우3동,17915,17488,16654,37.5919108,127.0949497,964241.4264826768,1954800.3354234917
112,중랑구,신내1동,중랑구 신내1동,40785,39650,38668,37.605882,127.099538,964653.1017597042,1956348.6360407725
113,중랑구,신내2동,중랑구 신내2동,21850,21251,20444,37.6061896,127.0942306,964184.7879906993,1956384.7741426886
114,중랑구,면목본동,중랑구 면목본동,36163,35341,34159,37.5873592,127.0874227,963574.7081972508,1954298.2502302062
115,중랑구,면목3.8동,중랑구 면목3.8동,26587,26007,25149,37.584966,127.093467,964107.1956947742,1954030.4099276196
116,중랑구,망우본동,중랑구 망우본동,31135,30779,32936,37.6005732,127.1014684,964820.9899342126,1955758.9247613093
118,성북구,돈암1동,성북구 돈암1동,15880,15335,14775,37.6034071,127.0263875,958195.0309729802,1956104.1109930747
119,성북구,돈암2동,성북구 돈암2동,24980,24604,23926,37.598039,127.0105659,956795.3724321012,1955515.7059254195
120,성북구,안암동,성북구 안암동,17468,16403,16468,37.5858498,127.0213292,957738.6125466069,1954158.4730288803
121,성북구,보문동,성북구 보문동,16634,16086,15728,37.580383,127.0228,957865.3878158388,1953551.2970801825
122,성북구,정릉1동,성북구 정릉1동,19425,18883,18359,37.6014512,127.0166146,957331.2713946461,1955891.508598361
123,성북구,정릉2동,성북구 정릉2동,23819,23734,23244,37.6044729,127.0111047,956846.6516123903,1956229.2710110976
124,성북구,정릉3동,성북구 정릉3동,17206,16713,16186,37.6089578,127.004186,956238.5820967907,1956730.0538393727
125,성북구,정릉4동,성북구 정릉4동,26711,25879,25274,37.6133387,127.0069798,956487.721909037,1957214.7976743174
126,성북구,길음1동,성북구 길음1동,37051,36479,35535,37.6104856,127.0193925,957581.6105721293,1956892.577253186
127,성북구,길음2동,성북구 길음2동,16796,17150,16751,37.6066647,127.0273155,958278.7639209619,1956465.1145923466
128,성북구,월곡1동,성북구 월곡1동,27471,27092,26516,37.6105472,127.0357574,959026.0177604973,1956892.1431523575
129,성북구,월곡2동,성북구 월곡2동,20582,20359,19877,37.6057667,127.0478758,960093.0376071585,1956356.5478153918
130,성북구,장위1동,성북구 장위1동,20532,22437,24470,37.6141245,127.0437129,959730.1019132325,1957285.5866524284
131,성북구,장위2동,성북구 장위2동,13982,14075,13985,37.6123899,127.0545206,960683.0338776859,1957088.558921342
132,성북구,장위3동,성북구 장위3동,17871,17002,15949,37.6165512,127.056603,960869.0032500718,1957549.366967418
133,성북구,성북동,성북구 성북동,17587,17406,17014,37.5911237,127.0032875,956148.8122087022,1954751.858066272
134,성북구,삼선동,성북구 삼선동,25702,24039,23427,37.5908326,127.0146297,957149.9731435222,1954714.3267251826
135,성북구,동선동,성북구 동선동,16345,16146,16057,37.5939824,127.0203666,957658.2325427535,1955061.1806234652
136,성북구,종암동,성북구 종암동,42067,41178,40299,37.5990075,127.0351572,958966.7055274342,1955612.1268301075
137,성북구,석관동,성북구 석관동,36576,36392,35807,37.612957,127.061413,961291.6379551067,1957148.6118551854
139,강북구,번1동,강북구 번1동,19635,19353,18703,37.6378913,127.0288473,958431.3596975686,1959928.8985858301
140,강북구,번2동,강북구 번2동,17062,16511,15881,37.6323588,127.0387953,959306.0349936346,1959310.7282103933
141,강북구,번3동,강북구 번3동,18181,17514,16872,37.625874,127.04665,959995.6151006387,1958587.8883736874
142,강북구,수유1동,강북구 수유1동,21802,21458,20861,37.6300865,127.0176014,957434.7039385218,1959068.0279307014
143,강북구,수유2동,강북구 수유2동,21929,21627,21401,37.6447027,127.0198777,957643.8567866893,1960688.6101318488
144,강북구,수유3동,강북구 수유3동,24037,23932,23373,37.638715,127.023125,957926.9568084433,1960022.8357119663
145,강북구,삼양동,강북구 삼양동,25497,24657,23775,37.6250518,127.0197725,957623.4175438742,1958508.4652665572
146,강북구,미아동,강북구 미아동,22791,22724,21961,37.6270736,127.0269791,958260.4818941245,1958729.5462206465
147,강북구,송중동,강북구 송중동,31272,30921,30026,37.616099,127.033738,958850.8441332427,1957508.9749025423
148,강북구,송천동,강북구 송천동,28606,27788,26718,37.618282,127.023838,957978.3600244682,1957755.5556143473
149,강북구,삼각산동,강북구 삼각산동,32852,32024,31383,37.6151568,127.0207209,957701.5016902805,1957410.2277323639
150,강북구,우이동,강북구 우이동,21374,21063,20612,37.6479523,127.0118533,956937.8201352609,1961052.7951337737
151,강북구,인수동,강북구 인수동,32441,31408,30545,37.6415105,127.0106307,956826.2386422249,1960338.6625466838
153,도봉구,쌍문1동,도봉구 쌍문1동,22366,21939,21666,37.6480275,127.0261145,958195.930822441,1961054.686868514
154,도봉구,쌍문2동,도봉구 쌍문2동,19968,19331,18837,37.6579935,127.0389254,959331.4933228707,1962154.7468830359
155,도봉구,쌍문3동,도봉구 쌍문3동,17263,16891,16805,37.6489775,127.0278643,958350.8218056043,1961159.3075596136
156,도봉구,쌍문4동,도봉구 쌍문4동,19820,19215,18628,37.656482,127.028425,958404.4701674756,1961991.6566202764
157,도봉구,방학1동,도봉구 방학1동,29979,29187,28907,37.6641763,127.0407251,959493.5941131735,1962839.928520503
158,도봉구,방학2동,도봉구 방학2동,21093,20420,19841,37.6681842,127.0351005,958999.7264712394,1963287.0364984837
159,도봉구,방학3동,도봉구 방학3동,28673,27870,27083,37.6591685,127.028036,958371.6580372815,1962289.8872119118
160,도봉구,창1동,도봉구 창1동,26192,25319,24788,37.6483046,127.0438683,959762.2501701765,1961077.6659767283
161,도봉구,창2동,도봉구 창2동,30510,29801,29321,37.6414033,127.0356387,959032.480117279,1960315.5543676915
162,도봉구,창3동,도봉구 창3동,14739,14389,13923,37.6381278,127.0429556,959676.2349024768,1959948.9801359545
163,도봉구,창4동,도봉구 창4동,27794,27173,26578,37.6522276,127.0515994,960446.335024681,1961509.6201523773
164,도봉구,창5동,도봉구 창5동,25787,25200,24687,37.6563436,127.0436793,959749.9167078042,1961969.645290445
165,도봉구,도봉1동,도봉구 도봉1동,22235,21757,21219,37.6786913,127.0434369,959740.6089872443,1964449.1529081645
166,도봉구,도봉2동,도봉구 도봉2동,28613,27857,26885,37.669751,127.046575,960012.5281939734,1963455.9119374321
168,노원구,월계1동,노원구 월계1동,23818,22903,22174,37.6199197,127.0630165,961436.7548406015,1957920.4332712423
169,노원구,월계2동,노원구 월계2동,27641,27493,26662,37.6325377,127.0508,960365.3591300191,1959325.437998227
170,노원구,월계3동,노원구 월계3동,31550,30668,29999,37.6210475,127.0692485,961987.2979367657,1958043.0156504274
171,노원구,공릉2동,노원구 공릉2동,40957,40235,41837,37.621332,127.083488,963244.0427249265,1958068.9080022196
172,노원구,하계1동,노원구 하계1동,29223,27836,26940,37.6405374,127.0725852,962291.6034609384,1960203.9940028356
173,노원구,하계2동,노원구 하계2동,23287,22682,21981,37.6320048,127.0679733,961880.3606489011,1959259.1996900595
174,노원구,중계본동,노원구 중계본동,25821,24856,23960,37.64784,127.080338,962979.2168875358,1961011.1012839936
175,노원구,중계1동,노원구 중계1동,28042,27544,26817,37.6525986,127.0775275,962733.6634230427,1961540.1630284134
176,노원구,중계4동,노원구 중계4동,21234,20698,19954,37.6587275,127.0780091,962779.2051968549,1962219.9508411856
177,노원구,상계1동,노원구 상계1동,40128,39110,38181,37.6799006,127.0549781,960758.945609057,1964578.426678849
178,노원구,상계2동,노원구 상계2동,21143,20673,20137,37.6574727,127.0678377,961881.4130075164,1962084.8209689138
179,노원구,상계5동,노원구 상계5동,25423,24708,24008,37.6627392,127.069498,962030.5417481463,1962668.446946617
180,노원구,상계8동,노원구 상계8동,23830,22926,22567,37.6667854,127.0515874,960452.9995946966,1963124.7624248909
181,노원구,상계9동,노원구 상계9동,21879,21066,20506,37.664553,127.0638347,961531.9830472942,1962871.9900787207
182,노원구,상계10동,노원구 상계10동,16575,18272,18702,37.661274,127.060225,961211.9143260921,1962509.6833789614
183,노원구,상계3.4동,노원구 상계3.4동,26295,27115,26173,37.6729133,127.0832665,963249.9199594057,1963791.7422716876
184,노원구,상계6.7동,노원구 상계6.7동,34647,33509,32682,37.654882,127.0669541,961802.1480826592,1961797.751659085
185,노원구,중계2.3동,노원구 중계2.3동,36666,35452,34224,37.6421829,127.0687126,961950.7834323669,1960388.119421594
186,노원구,공릉1동,노원구 공릉1동,38989,38152,37327,37.624874,127.073838,962394.238999767,1958465.7007032523
188,은평구,녹번동,은평구 녹번동,38457,37790,37162,37.6021944,126.9298245,949670.6959223219,1956016.9426870495
189,은평구,불광1동,은평구 불광1동,40840,39907,38728,37.6103876,126.9320747,949874.8209030022,1956924.7421160513
190,은평구,갈현1동,은평구 갈현1동,24473,23333,21970,37.623707,126.916675,948524.81229946,1958410.8145263798
191,은평구,갈현2동,은평구 갈현2동,30140,29167,28526,37.6185866,126.9158385,948447.4593995905,1957843.1836700519
192,은평구,구산동,은평구 구산동,33824,32945,32420,37.6117455,126.9103893,947961.7930845362,1957087.1956513554
193,은평구,대조동,은평구 대조동,27902,27578,27204,37.614165,126.920813,948883.4384482458,1957349.90297377
194,은평구,응암1동,은평구 응암1동,25638,31277,33274,37.6006884,126.926813,949403.8490621299,1955851.476484287
195,은평구,응암2동,은평구 응암2동,25602,27752,28186,37.5946071,126.9230926,949071.2955145795,1955178.7921567417
196,은평구,신사1동,은평구 신사1동,28475,27741,27206,37.5978445,126.9117735,948074.2995304338,1955544.1671797473
197,은평구,신사2동,은평구 신사2동,21808,20956,20278,37.5902796,126.9084195,947772.9355975967,1954706.732133949
198,은평구,증산동,은평구 증산동,16145,15483,15002,37.5843063,126.9070404,947646.9984651066,1954044.787226133
199,은평구,수색동,은평구 수색동,8895,11327,12965,37.5835192,126.8936659,946465.575422338,1953964.9999310314
200,은평구,진관동,은평구 진관동,57914,57104,55934,37.634983,126.9210512,948918.709335441,1959659.4564000054
201,은평구,불광2동,은평구 불광2동,29486,28635,27775,37.6208567,126.9257389,949322.7231244276,1958089.6513209657
202,은평구,응암3동,은평구 응암3동,26029,25518,24616,37.5922474,126.9157268,948419.4168836935,1954921.0131031966
203,은평구,역촌동,은평구 역촌동,48355,46902,45732,37.6044046,126.915114,948373.718320172,1956270.1423807607
205,서대문구,천연동,서대문구 천연동,18662,18007,17341,37.5711247,126.9590332,952229.111446951,1952554.6426000504
206,서대문구,홍제1동,서대문구 홍제1동,24962,24584,23840,37.5876988,126.9448779,950989.9618416075,1954400.7548888864
207,서대문구,홍제3동,서대문구 홍제3동,16364,15891,16199,37.5938295,126.9496737,951417.3572033178,1955078.437965327
208,서대문구,홍제2동,서대문구 홍제2동,14562,14295,13756,37.586107,126.949338,951382.6982926541,1954221.8338132077
209,서대문구,홍은1동,서대문구 홍은1동,23165,23338,22940,37.5989056,126.9471111,951194.4454637473,1955642.9386306815
210,서대문구,홍은2동,서대문구 홍은2동,28370,27691,27205,37.5801972,126.9342509,950046.7160920352,1953574.0833022445
211,서대문구,남가좌1동,서대문구 남가좌1동,16842,16099,15615,37.573295,126.9197232,948759.2399671982,1952816.1389741017
212,서대문구,남가좌2동,서대문구 남가좌2동,27071,30875,30823,37.5784658,126.9238889,949130.6088664847,1953387.5524412042
213,서대문구,북가좌1동,서대문구 북가좌1동,19079,18544,18062,37.57429,126.910194,947918.4588592781,1952931.769303718
214,서대문구,북가좌2동,서대문구 북가좌2동,33790,32937,31822,37.5815,126.9112,948012.3055955932,1953731.1300921806
215,서대문구,충현동,서대문구 충현동,18121,21221,20738,37.5648265,126.9546863,951841.1940035643,1951858.1062325996
216,서대문구,북아현동,서대문구 북아현동,17494,16941,16188,37.5595,126.957025,952044.3213048027,1951265.9612215867
217,서대문구,신촌동,서대문구 신촌동,24358,22895,23738,37.5640923,126.9418114,950703.6677156116,1951783.3259632564
218,서대문구,연희동,서대문구 연희동,41272,39014,37656,37.5739083,126.9351754,950124.1516082025,1952875.8670286054
220,마포구,용강동,마포구 용강동,22452,22276,22124,37.5422119,126.9426766,950765.6859360668,1949355.3513665062
221,마포구,대흥동,마포구 대흥동,13589,15850,15797,37.5557827,126.9424619,950755.648176084,1950861.0752593821
222,마포구,염리동,마포구 염리동,13392,12853,17736,37.547083,126.94565,951031.5465519166,1949894.2219261548
223,마포구,신수동,마포구 신수동,23971,23523,22878,37.5471182,126.9351878,950107.3848843582,1949903.627978546
224,마포구,서교동,마포구 서교동,25971,26954,26461,37.5551015,126.914588,948293.20360514,1950800.467618601
225,마포구,합정동,마포구 합정동,19097,18554,17659,37.5516561,126.9118888,948052.401778004,1950419.705378598
226,마포구,망원1동,마포구 망원1동,21856,21104,20329,37.5556222,126.9055969,947499.4183461143,1950863.2207161386
227,마포구,망원2동,마포구 망원2동,19414,19175,18733,37.5602495,126.9023578,947216.5868444835,1951378.412008761
228,마포구,연남동,마포구 연남동,16871,16647,15878,37.564501,126.922027,948956.6755198353,1951839.2312038816
229,마포구,성산1동,마포구 성산1동,20123,19667,19195,37.5634083,126.90785,947703.8673417566,1951725.795847259
230,마포구,성산2동,마포구 성산2동,41570,40669,39920,37.568618,126.9090061,947809.6049777116,1952303.1454735142
231,마포구,상암동,마포구 상암동,32795,31879,31453,37.578325,126.8946875,946552.0621573615,1953388.1436991664
232,마포구,도화동,마포구 도화동,22604,21945,21343,37.5415123,126.9498798,951401.5723439608,1949273.986961082
233,마포구,서강동,마포구 서강동,26115,25335,25582,37.5477577,126.9321095,949835.88989874,1949976.2153605008
234,마포구,공덕동,마포구 공덕동,40582,38644,37803,37.550192,126.960025,952303.3518388916,1950231.759121737
235,마포구,아현동,마포구 아현동,25401,26296,25635,37.547125,126.95215,951605.7551486477,1949895.5158565557
237,양천구,목1동,양천구 목1동,32183,31605,30841,37.5303777,126.8712323,944445.4087087275,1948082.21393564
238,양천구,목2동,양천구 목2동,31526,30699,30142,37.5461131,126.8717128,944499.528027564,1949827.6957012292
239,양천구,목3동,양천구 목3동,23120,22607,21969,37.5448009,126.8644431,943856.3597815126,1949686.4297029153
240,양천구,목4동,양천구 목4동,26892,26133,25578,37.532425,126.86835,944192.2667513434,1948311.0580867685
241,양천구,신월1동,양천구 신월1동,21725,21212,20686,37.532808,126.831487,940935.600377914,1948376.0636978804
242,양천구,신월2동,양천구 신월2동,22111,21416,20790,37.5249763,126.8444512,942074.9691667197,1947499.111834768
243,양천구,신월3동,양천구 신월3동,16656,15879,15316,37.5336234,126.8291541,940730.1270811689,1948467.9962038628
244,양천구,신월4동,양천구 신월4동,19009,18446,17961,37.5246218,126.8401341,941693.2250532911,1947462.4491812887
245,양천구,신월5동,양천구 신월5동,15554,15126,14776,37.5386227,126.8271621,940558.0984162694,1949023.9024370436
246,양천구,신월6동,양천구 신월6동,6583,13846,13937,37.5180328,126.8451512,942131.4599658428,1946728.3348188677
247,양천구,신월7동,양천구 신월7동,21567,20568,19820,37.5219343,126.8346571,941207.1541909473,1947167.6936134833
248,양천구,신정1동,양천구 신정1동,21606,21023,20473,37.5185289,126.8542636,942937.1032641248,1946777.8082118838
249,양천구,신정2동,양천구 신정2동,20705,20147,19570,37.5192314,126.870679,944388.2478831561,1946845.9162964108
250,양천구,신정3동,양천구 신정3동,48158,46710,49997,37.5151685,126.8547892,942980.9935021112,1946404.6706385424
251,양천구,신정6동,양천구 신정6동,25267,25000,24551,37.5170414,126.8644471,943835.9008968875,1946606.6495402448
252,양천구,신정7동,양천구 신정7동,30869,30023,29076,37.514393,126.8597007,943414.4551000713,1946315.6676580312
253,양천구,목5동,양천구 목5동,42951,42257,41222,37.5371201,126.8816206,945368.192076154,1948824.1635661589
254,양천구,신정4동,양천구 신정4동,35541,34133,33392,37.5245455,126.8558042,943077.8168240676,1947444.385777084
256,강서구,염창동,강서구 염창동,42601,41982,41725,37.553751,126.8709777,944440.261457145,1950675.519163031
257,강서구,등촌1동,강서구 등촌1동,23757,24389,24515,37.5558155,126.8589287,943377.5584864485,1950911.7560916024
258,강서구,등촌2동,강서구 등촌2동,21857,21095,20394,37.542658,126.8625,943683.0969416479,1949449.847238147
259,강서구,등촌3동,강서구 등촌3동,32367,31588,30642,37.5589789,126.847881,942404.1976701375,1951269.4338792944
260,강서구,화곡본동,강서구 화곡본동,35917,34993,34635,37.544075,126.847725,942378.9460378535,1949616.0091556222
261,강서구,화곡2동,강서구 화곡2동,19400,18702,18040,37.531817,126.854613,942978.0950143187,1948251.8439247983
262,강서구,화곡3동,강서구 화곡3동,22676,21824,21703,37.5425392,126.8384231,941556.0209431826,1949451.3606991817
263,강서구,화곡4동,강서구 화곡4동,22023,21383,20827,37.5346476,126.8609068,943536.3115598889,1948562.0875616297
264,강서구,화곡6동,강서구 화곡6동,25233,25096,25152,37.5518173,126.8501301,942597.3493082284,1950473.5104371007
265,강서구,화곡8동,강서구 화곡8동,26487,25539,24800,37.5326541,126.848335,942424.0519502716,1948348.5410907718
266,강서구,가양1동,강서구 가양1동,34195,34545,34361,37.5695239,126.8447099,942132.2774969863,1952441.304624055
267,강서구,가양2동,강서구 가양2동,15135,14507,14089,37.5673763,126.8512826,942711.0647068307,1952199.0100236882
268,강서구,가양3동,강서구 가양3동,16205,15548,15107,37.561092,126.8605955,943528.7621697409,1951496.1574301312
269,강서구,발산1동,강서구 발산1동,38506,37390,36569,37.5531209,126.8331686,941100.1579664564,1950628.631796287
270,강서구,공항동,강서구 공항동,28274,27539,31442,37.5588296,126.8101437,939071.0393653212,1951276.6644156023
271,강서구,방화1동,강서구 방화1동,45647,44408,43143,37.5703659,126.817026,939688.2018591987,1952552.1303018928
272,강서구,방화2동,강서구 방화2동,24022,23486,23636,37.5666997,126.8067549,938778.1734387015,1952152.0222308845
273,강서구,방화3동,강서구 방화3동,24468,23473,22862,37.5787386,126.8135628,939389.1578909699,1953483.277339381
274,강서구,화곡1동,강서구 화곡1동,54561,53311,52729,37.530408,126.841562,941823.8919488449,1948103.5153618893
275,강서구,우장산동,강서구 우장산동,44766,43975,43068,37.5482468,126.8418849,941866.2738829587,1950082.4464465023
277,구로구,신도림동,구로구 신도림동,37203,36424,36352,37.5077664,126.8805826,945255.0427119257,1945568.128076798
278,구로구,구로1동,구로구 구로1동,22076,21622,21141,37.4930433,126.8757585,944817.8434110949,1943937.5005533102
279,구로구,구로3동,구로구 구로3동,26238,25655,25196,37.4873799,126.8903678,946105.230846317,1943300.7153859048
280,구로구,구로4동,구로구 구로4동,26165,24801,23698,37.4916271,126.8891697,946002.3687936809,1943772.6037196147
281,구로구,구로5동,구로구 구로5동,33420,32155,31739,37.5001593,126.8892945,946019.5431037745,1944719.1303536843
282,구로구,고척1동,구로구 고척1동,24151,23441,22594,37.5004631,126.8628603,943683.2191253753,1944768.325209406
283,구로구,고척2동,구로구 고척2동,28860,27771,27069,37.5067055,126.8587122,943321.2839782785,1945463.3756085846
284,구로구,개봉2동,구로구 개봉2동,32957,32100,31272,37.4925187,126.8620808,943608.3447202198,1943887.4054558421
285,구로구,개봉3동,구로구 개봉3동,21980,21158,20602,37.485993,126.853838,942874.7088880988,1943168.3863655047
286,구로구,오류1동,구로구 오류1동,23308,23349,23126,37.497009,126.845201,942119.6298731663,1944395.8255066068
287,구로구,수궁동,구로구 수궁동,24850,24238,23708,37.4939422,126.8314627,940902.8142374658,1944064.1180255364
288,구로구,가리봉동,구로구 가리봉동,15237,14045,13069,37.4825557,126.8897489,946047.0470049503,1942765.8537983703
289,구로구,구로2동,구로구 구로2동,35123,32753,31125,37.491377,126.8834703,945498.352865004,1943748.1412270435
290,구로구,개봉1동,구로구 개봉1동,33706,35232,34523,37.5003318,126.8511255,942645.8681798455,1944760.8449414775
291,구로구,오류2동,구로구 오류2동,40784,39566,39026,37.4888016,126.8395371,941612.5797320975,1943488.758296453
292,구로구,항동,구로구 항동,13366,16410,16514,37.4801833,126.8233756,940176.9530452143,1942542.752990839
294,금천구,가산동,금천구 가산동,24566,25986,26250,37.4769094,126.8917326,946218.3830602217,1942138.2963593
295,금천구,독산1동,금천구 독산1동,44277,44189,46818,37.4702453,126.897041,946683.0104320502,1941395.9374066996
296,금천구,독산2동,금천구 독산2동,21374,20581,20169,37.4631474,126.9034825,947247.6218218317,1940604.8436244114
297,금천구,독산3동,금천구 독산3동,29870,28421,27609,37.4751198,126.9032524,947235.6890589005,1941933.2341569997
298,금천구,독산4동,금천구 독산4동,18190,17397,16735,37.4675452,126.9022074,947137.9552688851,1941093.4661563768
299,금천구,시흥1동,금천구 시흥1동,36668,35659,34491,37.4535411,126.9032625,947221.415151996,1939539.210893213
300,금천구,시흥2동,금천구 시흥2동,22596,22037,21334,37.4495487,126.9148345,948242.1618982406,1939089.8612843307
301,금천구,시흥3동,금천구 시흥3동,11509,11229,10935,37.4403095,126.9057945,947436.103696715,1938069.839252135
302,금천구,시흥4동,금천구 시흥4동,22143,21461,20902,37.459029,126.9061924,947484.3908895421,1940146.419800475
303,금천구,시흥5동,금천구 시흥5동,20829,20301,19662,37.4523912,126.908294,947665.6302984514,1939408.8304170582
305,영등포구,여의동,영등포구 여의동,34683,34357,33322,37.5177232,126.934584,950034.4410364507,1946642.7303309627
306,영등포구,당산1동,영등포구 당산1동,21513,21196,20712,37.5249643,126.897443,946757.4227796459,1947466.4656594582
307,영등포구,당산2동,영등포구 당산2동,36410,37996,37935,37.5310483,126.8973273,946751.5243919654,1948141.519127017
308,영등포구,양평1동,영등포구 양평1동,18242,17742,18583,37.52365,126.888238,945943.1028553298,1947325.901217347
309,영등포구,양평2동,영등포구 양평2동,22798,22540,22460,37.5364739,126.8939535,946457.3122985336,1948745.3772833678
310,영등포구,신길1동,영등포구 신길1동,19753,19095,18740,37.5112667,126.9214285,948867.4802351425,1945933.4862382992
311,영등포구,신길3동,영등포구 신길3동,18747,18021,17603,37.5073003,126.9077425,947655.1692084472,1945500.9620070541
312,영등포구,신길4동,영등포구 신길4동,9973,13076,13089,37.5084555,126.9112884,947969.3672338017,1945627.1582930738
313,영등포구,신길5동,영등포구 신길5동,10593,12359,11646,37.5016177,126.9052679,947432.4730109317,1944871.8894333667
314,영등포구,신길6동,영등포구 신길6동,19415,19745,19820,37.498535,126.919437,948682.7612876295,1944522.0618052995
315,영등포구,신길7동,영등포구 신길7동,17266,20458,20213,37.506392,126.921475,948868.2647349351,1945392.640862163
316,영등포구,대림1동,영등포구 대림1동,16327,17616,17047,37.4954685,126.905818,947476.7890898244,1944189.3643872144
317,영등포구,대림2동,영등포구 대림2동,21371,19512,18133,37.4927521,126.8982938,946809.7483488837,1943892.220997947
318,영등포구,대림3동,영등포구 대림3동,28555,26783,25835,37.4983347,126.8980312,946790.4955978387,1944511.726286071
319,영등포구,영등포본동,영등포구 영등포본동,24750,23634,23145,37.5146826,126.9093046,947798.3735502379,1946319.11895271
320,영등포구,영등포동,영등포구 영등포동,27278,28981,29922,37.5203985,126.9106918,947924.9382811562,1946952.4978584142
321,영등포구,도림동,영등포구 도림동,21498,20529,19783,37.509475,126.89595,946614.4647312729,1945748.858010153
322,영등포구,문래동,영등포구 문래동,32001,33429,32851,37.517086,126.899466,946930.599043795,1946591.2674205075
324,동작구,노량진2동,동작구 노량진2동,13817,13484,11486,37.508509,126.937352,950272.9368305085,1945619.0009720505
325,동작구,상도1동,동작구 상도1동,48007,46546,45410,37.4981,126.953089,951657.0793994706,1944455.9844209824
326,동작구,상도1동,동작구 상도1동,48007,46546,45410,37.503289,126.950599,951440.3405417987,1945032.9546423317
327,동작구,상도2동,동작구 상도2동,29230,28006,28308,37.5055197,126.942296,950707.9276622224,1945284.7543656325
328,동작구,상도3동,동작구 상도3동,26043,25396,24785,37.4991123,126.9313793,949738.7635234527,1944579.665295537
329,동작구,상도4동,동작구 상도4동,29900,29302,28942,37.4994203,126.941422,950626.6630591894,1944608.5202946533
330,동작구,사당1동,동작구 사당1동,24021,23549,23277,37.4830639,126.9786682,953908.8713932808,1942774.993224322
331,동작구,사당3동,동작구 사당3동,25948,25223,24542,37.4845247,126.9734908,953452.0385780352,1942939.6067226469
332,동작구,사당4동,동작구 사당4동,14947,14543,14303,37.4809888,126.9716704,953288.8970288953,1942548.2229935026
333,동작구,사당5동,동작구 사당5동,12869,14769,14532,37.4857521,126.9668658,952867.0980562497,1943079.0750015837
334,동작구,대방동,동작구 대방동,40181,39136,38262,37.508133,126.92635,949300.312802834,1945583.1569942487
335,동작구,신대방1동,동작구 신대방1동,26575,25704,24978,37.488943,126.91005,947846.3464288836,1943463.0459550829
336,동작구,신대방2동,동작구 신대방2동,20723,20438,21819,37.4984422,126.9244085,949122.1440108968,1944509.067113622
337,동작구,흑석동,동작구 흑석동,35529,34411,33249,37.5058617,126.966612,952857.3030042928,1945310.2379500677
338,동작구,노량진1동,동작구 노량진1동,32668,32323,32237,37.512308,126.942013,950687.3807752195,1946038.0250442496
339,동작구,사당2동,동작구 사당2동,28289,27602,28195,37.4887323,126.9792598,953964.6537474592,1943403.5763461213
341,관악구,보라매동,관악구 보라매동,26457,25222,24976,37.4881456,126.9327389,949851.6093649508,1943362.2511339663
342,관악구,청림동,관악구 청림동,16253,15679,15228,37.4918329,126.9585773,952138.209263261,1943757.8834192397
343,관악구,행운동,관악구 행운동,30095,29745,29451,37.4806541,126.9570456,951995.6532743034,1942518.4460187159
344,관악구,낙성대동,관악구 낙성대동,17594,17542,17441,37.4762971,126.9583884,952111.5951055213,1942034.3812696806
345,관악구,중앙동,관악구 중앙동,15892,15718,15482,37.4842598,126.9497133,951349.7138387522,1942922.2390603789
346,관악구,인헌동,관악구 인헌동,27100,26458,26139,37.4750974,126.9652628,952718.6670717511,1941897.8085954618
347,관악구,남현동,관악구 남현동,18920,18533,18279,37.4745394,126.9778366,953830.1043098811,1941829.6632054301
348,관악구,서원동,관악구 서원동,24037,23524,23325,37.4797346,126.9313,949718.7665892907,1942429.8705456718
349,관악구,신원동,관악구 신원동,19741,19269,18747,37.4815883,126.9273519,949370.9456807595,1942637.6425770514
350,관악구,서림동,관악구 서림동,24336,24394,23669,37.4749956,126.9349995,950042.7035546799,1941902.1395428125
351,관악구,신사동,관악구 신사동,26015,25269,24842,37.4829831,126.9192856,948658.7347600511,1942796.7549996194
352,관악구,신림동,관악구 신림동,22588,22632,23205,37.487426,126.927075,949350.4053415199,1943285.448150469
353,관악구,난향동,관악구 난향동,16373,15890,15416,37.461429,126.918842,948604.7587308225,1940405.7071905932
354,관악구,조원동,관악구 조원동,19577,19119,18837,37.4826299,126.9078649,947648.7689009226,1942763.858668465
355,관악구,대학동,관악구 대학동,24480,24822,24857,37.4706145,126.9369907,950215.8609470987,1941415.0303284836
356,관악구,은천동,관악구 은천동,35362,34540,33619,37.4853086,126.9424278,950706.2940221772,1943042.38647244
357,관악구,성현동,관악구 성현동,30951,30426,29326,37.4895366,126.9481271,951212.9101722906,1943508.4878374045
358,관악구,청룡동,관악구 청룡동,34643,36337,36573,37.4791304,126.9416518,950633.624300507,1942357.3607664134
359,관악구,난곡동,관악구 난곡동,28888,28031,27194,37.4709634,126.9216507,948859.6460878623,1941461.9580396079
360,관악구,삼성동,관악구 삼성동,25204,23712,21757,37.470101,126.932963,949859.3652310204,1941360.1975715584
361,관악구,미성동,관악구 미성동,32733,31703,31011,37.4761761,126.9155534,948324.0785063918,1942043.6024916829
363,서초구,서초1동,서초구 서초1동,21594,21070,20779,37.4901186,127.0195082,957523.5678979339,1943538.4559797766
364,서초구,서초2동,서초구 서초2동,18939,22102,26674,37.49208,127.02496,958006.6188910166,1943753.6145051823
365,서초구,서초3동,서초구 서초3동,31088,32411,32805,37.4836682,127.0119725,956853.6831291679,1942826.2532744939
366,서초구,서초4동,서초구 서초4동,31978,31689,31077,37.5026685,127.0221589,957764.9649462838,1944929.5941082675
367,서초구,잠원동,서초구 잠원동,35190,28442,26903,37.5149619,127.0140771,957057.675977982,1946297.1288826517
368,서초구,반포본동,서초구 반포본동,12163,11894,1576,37.5004776,126.98606,954572.9354440619,1944703.33981489
369,서초구,반포1동,서초구 반포1동,33303,32557,34876,37.5050895,127.0135073,957001.6580236511,1945202.1067950102
370,서초구,반포2동,서초구 반포2동,16397,16248,15811,37.5046022,126.9945091,955322.2128600873,1945156.894007406
371,서초구,반포3동,서초구 반포3동,20387,22414,22203,37.5120925,127.0056289,956309.4081515918,1945982.6757478712
372,서초구,반포4동,서초구 반포4동,20220,19968,19786,37.4974314,127.0003853,955837.3606599849,1944358.564886212
373,서초구,방배본동,서초구 방배본동,21585,21261,21018,37.4941452,126.988785,954809.9835929766,1943999.4878213906
374,서초구,방배1동,서초구 방배1동,17620,17357,16962,37.4832801,126.9945569,955313.7354374169,1942791.319555283
375,서초구,방배2동,서초구 방배2동,20946,20366,19398,37.4797439,126.9855106,954511.8020311767,1942403.3332664554
376,서초구,방배3동,서초구 방배3동,22333,21271,18846,37.4784409,126.9999918,955791.387582058,1942251.8766551395
377,서초구,방배4동,서초구 방배4동,24073,24039,23749,37.489007,126.9923344,955120.6687781784,1943427.7391764703
378,서초구,양재1동,서초구 양재1동,45843,44700,43264,37.4716412,127.026744,958152.9273976954,1941485.272380131
379,서초구,양재2동,서초구 양재2동,23179,22680,22082,37.470601,127.041188,959429.5651803191,1941363.5492447736
380,서초구,내곡동,서초구 내곡동,18501,18078,17593,37.4493583,127.0583103,960932.5619442306,1938999.587279306
382,강남구,신사동,강남구 신사동,17551,16825,16180,37.5240101,127.0227814,957831.995509623,1947297.0352073826
383,강남구,개포3동,강남구 개포3동,,,,37.584966,127.093467,964107.1956947742,1954030.4099276196
384,강남구,논현1동,강남구 논현1동,23897,23687,22672,37.5115706,127.028461,958326.942206833,1945914.416907634
385,강남구,논현2동,강남구 논현2동,21977,21983,21358,37.517342,127.037213,959103.5689691175,1946550.8779995383
386,강남구,삼성1동,강남구 삼성1동,14928,13551,13125,37.5144424,127.062532,961339.5217849748,1946218.4802350323
387,강남구,삼성2동,강남구 삼성2동,30746,30269,30872,37.5112,127.04595,959872.3724063357,1945865.6989070566
388,강남구,대치1동,강남구 대치1동,25324,24808,24086,37.4931821,127.0567047,960813.4310068126,1943862.1968440022
389,강남구,대치4동,강남구 대치4동,20815,20627,19973,37.4997415,127.0579127,960923.6347574317,1944589.4170353645
390,강남구,역삼1동,강남구 역삼1동,36990,36658,36525,37.4954841,127.0333574,958750.8228865438,1944127.5641998204
391,강남구,역삼2동,강남구 역삼2동,37467,37244,36309,37.4959674,127.0468034,959939.655575922,1944175.3755661994
392,강남구,도곡1동,강남구 도곡1동,22673,22214,21552,37.488238,127.0390246,959247.8448296358,1943321.1885368167
393,강남구,도곡2동,강남구 도곡2동,34489,34000,33207,37.4837425,127.0464338,959900.449954404,1942819.2614406408
394,강남구,개포1동,강남구 개포1동,6925,6641,6674,37.4827409,127.055737,960722.4210275061,1942704.2190704134
395,강남구,개포4동,강남구 개포4동,18368,23345,23879,37.4788183,127.0516374,960357.8985364063,1942270.7514979804
396,강남구,일원본동,강남구 일원본동,24416,23913,23257,37.4833484,127.0864633,963439.2619136934,1942759.242284671
397,강남구,일원1동,강남구 일원1동,16482,15808,15241,37.491839,127.0879629,963575.9647270872,1943700.6350146215
398,강남구,일원2동,강남구 일원2동,18115,17763,17599,37.4922048,127.0737224,962317.2838591852,1943746.8234874897
399,강남구,수서동,강남구 수서동,15896,15265,14844,37.4889181,127.104929,965074.4125274775,1943370.1514979827
400,강남구,세곡동,강남구 세곡동,45055,44394,43381,37.4643683,127.1043555,965012.2696624582,1940646.7385108678
401,강남구,압구정동,강남구 압구정동,27755,27360,26412,37.530642,127.030713,958536.5229147772,1948029.2794642397
402,강남구,청담동,강남구 청담동,30211,27277,25890,37.525107,127.049291,960175.0336581488,1947407.1758356085
403,강남구,대치2동,강남구 대치2동,38685,37446,36794,37.5022848,127.0642072,961481.3188045374,1944868.9848306258
404,강남구,개포2동,강남구 개포2동,22290,22245,28145,37.4897723,127.0689523,961894.3717234753,1943478.8741426943
406,송파구,풍납1동,송파구 풍납1동,15490,14482,13387,37.538092,127.122075,966612.0949470019,1948819.4543299368
407,송파구,풍납2동,송파구 풍납2동,25585,25664,24947,37.5292584,127.1157686,966050.9478331162,1947841.6778816376
408,송파구,거여1동,송파구 거여1동,13241,13021,12604,37.4969643,127.1432324,968463.9555463099,1944249.3001901167
409,송파구,거여2동,송파구 거여2동,16903,19313,19611,37.4935803,127.1468764,968784.6551839381,1943872.654040833
410,송파구,마천1동,송파구 마천1동,20698,19828,19041,37.4960195,127.1499724,969059.3419301799,1944142.244231597
411,송파구,마천2동,송파구 마천2동,20222,19636,18810,37.4968477,127.1485193,968931.2379751336,1944234.6059738437
412,송파구,방이1동,송파구 방이1동,16541,16266,15768,37.510933,127.123925,966763.4878202839,1945805.6784167197
413,송파구,방이2동,송파구 방이2동,26265,26665,27017,37.5164444,127.1114868,965666.7531813281,1946421.5989690267
414,송파구,오륜동,송파구 오륜동,18923,18465,18029,37.515425,127.1343,967682.3431201694,1946300.4223349988
415,송파구,오금동,송파구 오금동,41031,39627,38594,37.5030528,127.1281494,967133.3758049903,1944929.9385644628
416,송파구,송파1동,송파구 송파1동,25974,25135,24145,37.5062595,127.1093393,965472.2845940322,1945292.4360748455
417,송파구,송파2동,송파구 송파2동,20919,20685,19316,37.502317,127.1167651,966126.8195262536,1944852.343109966
418,송파구,석촌동,송파구 석촌동,34269,33001,32162,37.503592,127.1037,964972.6187266383,1944998.57854576
419,송파구,삼전동,송파구 삼전동,32568,31759,30621,37.502714,127.0925354,963985.398091773,1944905.3842117381
420,송파구,가락본동,송파구 가락본동,27898,27328,26463,37.4955568,127.1217864,966567.6276272598,1944100.549074858
421,송파구,가락1동,송파구 가락1동,27877,27738,27427,37.4964898,127.1098653,965514.2811170242,1944208.3600580143
422,송파구,가락2동,송파구 가락2동,33908,33113,32273,37.4987054,127.1266714,967000.8266687517,1944448.1409689628
423,송파구,문정1동,송파구 문정1동,21342,20843,20190,37.4900982,127.1241719,966776.0779780527,1943494.1102729824
424,송파구,문정2동,송파구 문정2동,30006,29474,29099,37.489823,127.1108107,965594.7914743653,1943468.3780854756
425,송파구,잠실본동,송파구 잠실본동,29607,29001,28419,37.5061,127.084338,963262.5098619136,1945284.2074243433
426,송파구,잠실4동,송파구 잠실4동,22246,21776,21373,37.5201089,127.1122668,965737.3582964721,1946827.8676097882
427,송파구,잠실6동,송파구 잠실6동,17468,17322,16929,37.518142,127.10065,964709.8912752676,1946613.9467799396
428,송파구,잠실7동,송파구 잠실7동,10178,9882,9565,37.5086777,127.0771146,962625.3656542512,1945573.0311469499
429,송파구,잠실2동,송파구 잠실2동,36843,36121,35125,37.5119488,127.088559,963638.413800217,1945931.4546231565
430,송파구,잠실3동,송파구 잠실3동,36083,35299,34508,37.513333,127.094375,964153.0739912074,1946082.791047745
431,송파구,장지동,송파구 장지동,32750,30229,29667,37.4785,127.1354,967763.6841299932,1942203.4684170238
432,송파구,위례동,송파구 위례동,28320,31408,39437,37.4811656,127.1439378,968519.6794207353,1942496.3089529036
434,강동구,강일동,강동구 강일동,32032,37520,33044,37.5649783,127.173909,971201.7470869973,1951785.1882561834
435,강동구,상일동,강동구 상일동,14621,34230,,37.550583,127.1683007,970700.8208172083,1950189.8463880194
436,강동구,명일1동,강동구 명일1동,26732,26322,25952,37.5512453,127.1443656,968586.8915974293,1950271.0535396405
437,강동구,명일2동,강동구 명일2동,17768,17594,17565,37.546366,127.1513427,969201.1717265629,1949727.4154544764
438,강동구,고덕1동,강동구 고덕1동,27099,25933,24313,37.5572593,127.1515382,969222.9211956281,1950935.8993455046
439,강동구,고덕2동,강동구 고덕2동,20322,22683,22432,37.5605,127.16435,970355.7810134131,1951291.3184623946
440,강동구,암사2동,강동구 암사2동,14968,15471,15253,37.5517481,127.1272074,967071.5273453142,1950332.708112679
441,강동구,암사3동,강동구 암사3동,18678,18356,17927,37.5549912,127.1408249,968275.7291795143,1950687.8284830234
442,강동구,천호1동,강동구 천호1동,28408,27690,26946,37.5450159,127.1368066,967916.534596649,1949582.4909154708
443,강동구,천호3동,강동구 천호3동,28015,27094,26959,37.5361455,127.1332269,967596.4744036259,1948599.6008310078
444,강동구,성내1동,강동구 성내1동,20587,20319,20070,37.5304417,127.122425,966639.6082808468,1947970.5758899627
445,강동구,성내2동,강동구 성내2동,25205,24844,24040,37.532425,127.129563,967271.1505606906,1948188.1028705623
446,강동구,성내3동,강동구 성내3동,23954,23744,23297,37.5260101,127.13287,967560.5536706197,1947475.2638727976
447,강동구,둔촌1동,강동구 둔촌1동,283,260,144,37.5333656,127.1419851,968369.0689610165,1948288.2061886895
448,강동구,둔촌2동,강동구 둔촌2동,27709,25769,24745,37.5332885,127.1419221,968363.4702685485,1948279.6736101366
449,강동구,암사1동,강동구 암사1동,36689,35587,34823,37.551508,127.132663,967553.3137759938,1950304.173408206
450,강동구,천호2동,강동구 천호2동,35843,35070,33706,37.543525700000004,127.1254351,966911.346538184,1949421.1031675453
451,강동구,길동,강동구 길동,46230,46829,45927,37.5345598,127.1426791,968430.8880675588,1948420.4621353927
452,강동구,상일1동,강동구 상일1동,,,38922,37.550583,127.1683007,970700.8208172083,1950189.8463880194
453,강동구,상일2동,강동구 상일2동,,,10204,37.550583,127.1683007,970700.8208172083,1950189.8463880194
