,호선명,지하철역,x,y,x_5179,y_5179,geometry,2020,2021,2022
0,1호선,동대문,127.009745,37.57142,956707.4940849432,1952562.831297785,POINT (956707.4940849432 1952562.831297785),847951,495567,575101
3,1호선,동묘앞,127.016429,37.572627,957298.4248585504,1952693.6833524248,POINT (957298.4248585504 1952693.683352425),610174,433516,494100
6,1호선,시청,126.977108,37.564718,953821.290443631,1951834.8148018012,POINT (953821.290443631 1951834.814801801),1471270,827745,1011385
9,1호선,신설동,127.025087,37.575297,958064.468484504,1952986.007052322,POINT (958064.468484504 1952986.007052322),867909,599760,683496
12,1호선,제기동,127.034893,37.578103,958931.8991252332,1953292.987231073,POINT (958931.8991252332 1953292.987231073),1212913,812893,965737
15,1호선,종각,126.982923,37.570161,954338.1630656676,1952435.847386431,POINT (954338.1630656676 1952435.847386431),2455206,1329035,1621581
18,1호선,종로3가,126.991806,37.571607,955123.4726345117,1952591.9944645572,POINT (955123.4726345117 1952591.994464557),1918051,958714,1246603
21,1호선,종로5가,127.001849,37.570926,956009.93406387,1952511.6917298925,POINT (956009.93406387 1952511.691729893),1521255,926638,1105290
24,1호선,청량리,127.046835,37.580178,959987.4721818436,1953518.0449714784,POINT (959987.4721818436 1953518.044971478),1446560,942130,1077388
27,2호선,강남,127.027926,37.497175,958271.6487805264,1944317.5527461716,POINT (958271.6487805264 1944317.552746172),5977649,3409938,4341445
30,2호선,강변,127.094681,37.535095,964190.5199883516,1948497.0339507672,POINT (964190.5199883516 1948497.033950767),2489144,1290461,1569566
33,2호선,건대입구,127.07023,37.540693,962033.129702354,1949127.6907836476,POINT (962033.129702354 1949127.690783648),2568733,1551608,1973240
36,2호선,교대,127.01408,37.493415,957045.5890303424,1943906.633381833,POINT (957045.5890303424 1943906.633381833),2151236,1481926,1701363
39,2호선,구로디지털단지,126.901401,37.485266,947079.143338554,1943059.931703383,POINT (947079.143338554 1943059.931703383),3635296,2641815,2911692
42,2호선,구의,127.085916,37.537077,963417.1068195571,1948720.2987651955,POINT (963417.1068195571 1948720.298765196),1378606,1037346,1189780
45,2호선,낙성대,126.963693,37.47693,952581.0226086084,1942101.9129321568,POINT (952581.0226086084 1942101.912932157),1639870,1206905,1368715
48,2호선,당산,126.902281,37.53438,947191.556465964,1948508.360832567,POINT (947191.5564659639 1948508.360832567),1218499,841045,961729
51,2호선,대림,126.895801,37.49297,946589.540255082,1943917.807256364,POINT (946589.540255082 1943917.807256364),1659545,1127196,1249870
54,2호선,도림천,126.882768,37.514287,945452.9389209804,1946290.2837792065,POINT (945452.9389209804 1946290.283779206),69950,63474,69073
57,2호선,동대문역사문화공원,127.007896,37.565138,956540.565252418,1951866.7283941316,POINT (956540.565252418 1951866.728394132),1019997,519467,639504
60,2호선,뚝섬,127.047367,37.547184,960016.8158561932,1949857.307797982,POINT (960016.8158561932 1949857.307797982),1124461,896683,1113036
63,2호선,문래,126.89476,37.517933,946515.3286956314,1946687.902551426,POINT (946515.3286956314 1946687.902551426),1175376,899187,1040047
66,2호선,방배,126.997596,37.481426,955581.326706614,1942584.181260201,POINT (955581.326706614 1942584.181260201),1020925,729229,811935
69,2호선,봉천,126.941892,37.482362,950656.9869025358,1942715.7603891192,POINT (950656.9869025358 1942715.760389119),1388394,1048781,1169343
72,2호선,사당,126.981685,37.47653,954171.5993666354,1942048.627229427,POINT (954171.5993666354 1942048.627229427),2548946,1611669,1953094
75,2호선,삼성,127.06316,37.508844,961392.1368673296,1945597.115142667,POINT (961392.1368673296 1945597.115142667),3338796,2071872,2546036
78,2호선,상왕십리,127.029354,37.564354,958435.1723902004,1951770.040757545,POINT (958435.1723902004 1951770.040757545),799210,602390,705800
81,2호선,서울대입구,126.952739,37.481247,951615.2721992652,1942586.428852685,POINT (951615.2721992652 1942586.428852685),2936678,2069237,2414614
84,2호선,서초,127.007917,37.491897,956499.9075879216,1943741.0512426496,POINT (956499.9075879216 1943741.05124265),1247217,865103,1027725
87,2호선,선릉,127.049008,37.504503,960139.070151396,1945121.4092735192,POINT (960139.070151396 1945121.409273519),2925739,2173529,2473284
90,2호선,성수,127.055961,37.544581,960774.604036832,1949564.8994062548,POINT (960774.604036832 1949564.899406255),1798097,1498223,1891921
93,2호선,시청,126.977108,37.564718,953821.290443631,1951834.8148018012,POINT (953821.290443631 1951834.814801801),1404683,909202,1033964
96,2호선,신답,127.046481,37.57004,959950.786203836,1952393.4358351368,POINT (959950.786203836 1952393.435835137),96048,72992,87932
99,2호선,신당,127.01782,37.565972,957417.4687592918,1951954.7133613643,POINT (957417.4687592918 1951954.713361364),862922,628800,724050
102,2호선,신대방,126.913149,37.487462,948119.2871775576,1943297.025599824,POINT (948119.2871775576 1943297.025599824),1600681,1168809,1335440
105,2호선,신도림,126.891295,37.508725,946202.516640585,1945668.3009328225,POINT (946202.516640585 1945668.300932823),3261811,2114338,2423616
108,2호선,신림,126.929715,37.484201,949581.629979587,1942926.237261435,POINT (949581.629979587 1942926.237261435),3948735,2842817,3246594
111,2호선,신설동,127.025087,37.575297,958064.468484504,1952986.007052322,POINT (958064.468484504 1952986.007052322),233328,160938,195511
114,2호선,신정네거리,126.852912,37.520074,942818.8419115812,1946950.0498058328,POINT (942818.8419115812 1946950.049805833),571818,442535,530460
117,2호선,신촌,126.936893,37.555134,950263.3418489367,1950792.037309096,POINT (950263.3418489367 1950792.037309096),2605172,1375571,1728467
120,2호선,아현,126.956141,37.557345,951964.862185608,1951027.3260749192,POINT (951964.862185608 1951027.326074919),573086,435195,495483
123,2호선,양천구청,126.865819,37.512398,943953.665106738,1946090.670814558,POINT (943953.665106738 1946090.670814558),421595,297491,348971
126,2호선,역삼,127.036456,37.500622,959027.5345543412,1944696.2276832776,POINT (959027.5345543412 1944696.227683278),2914494,2144484,2583019
129,2호선,영등포구청,126.895951,37.52497,946625.5908628892,1947467.943628047,POINT (946625.5908628892 1947467.943628047),1273888,995747,1120990
132,2호선,왕십리,127.037732,37.561533,959173.5353594732,1951453.393134703,POINT (959173.5353594732 1951453.393134703),974051,618239,747275
135,2호선,용답,127.050899,37.561904,960336.6179818984,1951488.9153908144,POINT (960336.6179818984 1951488.915390814),153790,115533,140064
138,2호선,용두,127.038091,37.574028,959212.0556127916,1952839.493184675,POINT (959212.0556127916 1952839.493184675),145416,108691,125999
141,2호선,을지로3가,126.99191,37.566295,955129.4699438844,1952002.6045821165,POINT (955129.4699438844 1952002.604582116),1304846,839193,1052492
144,2호선,을지로4가,126.998079,37.566941,955674.6541476136,1952071.347367781,POINT (955674.6541476136 1952071.347367781),756955,552365,608307
147,2호선,을지로입구,126.982618,37.566014,954308.6958991546,1951975.906327157,POINT (954308.6958991546 1951975.906327157),2907142,1613023,1894440
150,2호선,이대,126.946013,37.556733,951069.9217356376,1950964.6518403967,POINT (951069.9217356376 1950964.651840397),938052,494626,657112
153,2호선,잠실,127.102234,37.51395,964847.9018932933,1946148.2780287464,POINT (964847.9018932933 1946148.278028746),4810817,2792430,3660327
156,2호선,잠실나루,127.10379,37.520733,964988.5813401192,1946900.2286727736,POINT (964988.5813401192 1946900.228672774),877819,584082,679762
159,2호선,잠실새내,127.086162,37.511687,963426.4473771224,1945903.3386057112,POINT (963426.4473771224 1945903.338605711),1377858,901864,1093399
162,2호선,종합운동장,127.073642,37.510997,962319.6215121114,1945831.7276481625,POINT (962319.6215121114 1945831.727648163),568537,281827,387003
165,2호선,충정로,126.963672,37.559973,952631.6898234192,1951315.0674651084,POINT (952631.6898234192 1951315.067465108),613696,429170,484629
168,2호선,한양대,127.043655,37.555273,959693.2722433632,1950756.3231537563,POINT (959693.2722433632 1950756.323153756),469745,279592,331587
171,2호선,합정,126.913739,37.549463,948214.313209934,1950175.3708424412,POINT (948214.313209934 1950175.370842441),2005600,1306714,1681049
174,2호선,홍대입구,126.925381,37.557192,949247.9267496034,1951026.516045995,POINT (949247.9267496034 1951026.516045995),4767694,2159667,3141757
177,3호선,가락시장,127.118234,37.492522,966252.2447910854,1943765.126418391,POINT (966252.2447910854 1943765.126418391),570552,397594,450864
180,3호선,경복궁,126.97353,37.575762,953512.1654431198,1953061.8575354307,POINT (953512.1654431198 1953061.857535431),1342010,735129,972484
183,3호선,경찰병원,127.12454,37.495918,966811.1941789916,1944139.64727362,POINT (966811.1941789916 1944139.64727362),451732,338391,361450
186,3호선,고속터미널,127.004943,37.50481,956244.5399129882,1945175.0456406751,POINT (956244.5399129882 1945175.045640675),3432455,1808043,2328403
189,3호선,교대,127.01408,37.493415,957045.5890303424,1943906.633381833,POINT (957045.5890303424 1943906.633381833),676947,474674,548015
192,3호선,구파발,126.918821,37.636763,948723.1578720004,1959858.157976304,POINT (948723.1578720004 1959858.157976304),1240334,862339,1019662
195,3호선,금호,127.015872,37.548034,957235.1845672432,1949965.471028736,POINT (957235.1845672432 1949965.471028736),479960,354688,397523
198,3호선,남부터미널,127.016189,37.485013,957227.2312277722,1942973.5259945304,POINT (957227.2312277722 1942973.52599453),1978243,1286724,1484280
201,3호선,녹번,126.935756,37.600927,950193.4279567302,1955873.167006328,POINT (950193.4279567302 1955873.167006328),754944,620099,735802
204,3호선,대청,127.079532,37.493514,962831.5006666651,1943889.7606312772,POINT (962831.5006666651 1943889.760631277),548119,396044,474197
207,3호선,대치,127.063642,37.494612,961427.4153421476,1944017.9693750555,POINT (961427.4153421476 1944017.969375056),719618,481763,602539
210,3호선,도곡,127.055381,37.490858,960695.1996458648,1943604.9052447807,POINT (960695.1996458648 1943604.905244781),321669,233830,261628
213,3호선,독립문,126.957748,37.574571,952117.8256258032,1952937.6475627848,POINT (952117.8256258032 1952937.647562785),452318,303742,349545
216,3호선,동대입구,127.005602,37.559052,956334.4208181666,1951192.5811713045,POINT (956334.4208181666 1951192.581171304),598911,313973,391379
219,3호선,매봉,127.046769,37.486947,959931.79644432,1943174.636455204,POINT (959931.79644432 1943174.636455204),634707,517730,590349
222,3호선,무악재,126.950291,37.582299,951464.3658727236,1953798.8603330613,POINT (951464.3658727236 1953798.860333061),233483,173572,196185
225,3호선,불광,126.929887,37.610469,949681.7873504412,1956934.9434667144,POINT (949681.7873504412 1956934.943466714),1067732,754168,865648
228,3호선,수서,127.10188,37.487371,964804.143827108,1943199.6469241856,POINT (964804.143827108 1943199.646924186),1071045,695058,882630
231,3호선,신사,127.020114,37.516334,957591.952929014,1946446.6167941552,POINT (957591.952929014 1946446.616794155),1981701,1409321,1673890
234,3호선,안국,126.985443,37.576477,954564.5372687269,1953135.355562091,POINT (954564.5372687269 1953135.355562091),1399412,735578,1005844
237,3호선,압구정,127.028461,37.527072,958335.5624095248,1947634.204007544,POINT (958335.5624095248 1947634.204007544),2047848,1448375,1724626
240,3호선,약수,127.010655,37.55434,956777.9865784805,1950667.4739393047,POINT (956777.9865784805 1950667.473939305),779955,551179,634942
243,3호선,양재,127.034631,37.484147,958857.1864713624,1942869.2303105728,POINT (958857.1864713624 1942869.230310573),2349397,1675656,1944587
246,3호선,연신내,126.921008,37.619001,948903.9579471404,1957886.3330982423,POINT (948903.9579471404 1957886.333098242),2334874,1626083,1831470
249,3호선,오금,127.128111,37.502162,967129.5912186876,1944831.123682449,POINT (967129.5912186876 1944831.123682449),357070,257206,290929
252,3호선,옥수,127.017965,37.540685,957415.8880418612,1949149.189903784,POINT (957415.8880418612 1949149.189903784),560872,401813,460566
255,3호선,을지로3가,126.99191,37.566295,955129.4699438844,1952002.6045821165,POINT (955129.4699438844 1952002.604582116),647577,433524,501552
258,3호선,일원,127.08439,37.483681,963256.1237124885,1942796.9490709195,POINT (963256.1237124885 1942796.94907092),566187,413672,473240
261,3호선,잠원,127.01122,37.512759,956803.9150620388,1946054.038331356,POINT (956803.9150620388 1946054.038331356),352297,200277,234802
264,3호선,종로3가,126.991806,37.571607,955123.4726345117,1952591.9944645572,POINT (955123.4726345117 1952591.994464557),707823,418082,534121
267,3호선,지축,126.913951,37.648048,948301.3003650917,1961112.8655199956,POINT (948301.3003650917 1961112.865519996),118265,147990,218363
273,3호선,학여울,127.070594,37.496663,962042.9899415128,1944242.6880765336,POINT (962042.9899415128 1944242.688076534),122325,76730,94904
276,3호선,홍제,126.943736,37.589066,950890.044477731,1954553.0362320545,POINT (950890.044477731 1954553.036232054),1034651,740355,847081
279,4호선,길음,127.025053,37.603407,958077.236178877,1956104.694895202,POINT (958077.2361788769 1956104.694895202),1221340,862283,1000564
282,4호선,남태령,126.989134,37.463873,954822.6130841522,1940640.8194425383,POINT (954822.6130841522 1940640.819442538),71213,48143,54926
285,4호선,노원,127.061368,37.655128,961309.5379340928,1961827.3342881985,POINT (961309.5379340928 1961827.334288199),1362400,884744,1039036
288,4호선,당고개,127.079066,37.670272,962878.1770398105,1963500.3538392012,POINT (962878.1770398105 1963500.353839201),727751,534141,627551
291,4호선,동대문,127.009745,37.57142,956707.4940849432,1952562.831297785,POINT (956707.4940849432 1952562.831297785),1270632,839295,915305
294,4호선,동대문역사문화공원,127.007896,37.565138,956540.565252418,1951866.7283941316,POINT (956540.565252418 1951866.728394132),1158379,614306,719771
297,4호선,동작,126.979306,37.502971,953977.4768178882,1944983.2487039424,POINT (953977.4768178882 1944983.248703942),136761,108489,72877
300,4호선,명동,126.986325,37.560989,954633.0255050752,1951416.6118067675,POINT (954633.0255050752 1951416.611806768),2098088,710331,949552
303,4호선,미아,127.025983,37.62667,958172.3590174246,1958685.2119148371,POINT (958172.3590174246 1958685.211914837),902936,657824,727387
306,4호선,미아사거리,127.030053,37.613292,958524.069810951,1957199.171925048,POINT (958524.069810951 1957199.171925048),1732488,1233269,1388824
309,4호선,사당,126.981685,37.47653,954171.5993666354,1942048.627229427,POINT (954171.5993666354 1942048.627229427),1531571,957870,1178316
312,4호선,삼각지,126.97311,37.534777,953449.5908213292,1948514.9886808333,POINT (953449.5908213292 1948514.988680833),298963,204261,262716
315,4호선,상계,127.073572,37.660878,962388.9234839012,1962460.3115139608,POINT (962388.9234839012 1962460.311513961),1113435,822772,928892
318,4호선,성신여대입구,127.016403,37.592624,957307.5499962476,1954912.2667422183,POINT (957307.5499962476 1954912.266742218),1283982,852118,1011497
321,4호선,수유,127.025732,37.638052,958156.5929829996,1959948.1124677628,POINT (958156.5929829996 1959948.112467763),2143678,1536741,1736777
324,4호선,숙대입구,126.972106,37.54456,953366.9806954452,1949600.857293805,POINT (953366.9806954452 1949600.857293805),817835,523053,620618
327,4호선,신용산,126.967894,37.52917,952985.2374301472,1947895.517637292,POINT (952985.2374301472 1947895.517637292),980006,654137,843163
330,4호선,쌍문,127.034709,37.648627,958954.4335958532,1961117.40364064,POINT (958954.4335958532 1961117.40364064),1756911,1273305,1428594
333,4호선,이촌,126.974345,37.522272,953550.9494265378,1947127.0184057788,POINT (953550.9494265378 1947127.018405779),543778,310931,411136
336,4호선,창동,127.047731,37.653166,960105.6015490796,1961615.370669736,POINT (960105.6015490796 1961615.370669736),1702241,1189891,1361177
339,4호선,총신대입구,126.981989,37.486263,954204.4193790545,1943128.292214634,POINT (954204.4193790545 1943128.292214634),1284429,872600,1000496
342,4호선,충무로,126.99428,37.561243,955335.7550944622,1951440.9816403808,POINT (955335.7550944622 1951440.981640381),1680901,1084279,1209210
345,4호선,한성대입구,127.006221,37.588458,956406.2367691044,1954454.745330023,POINT (956406.2367691044 1954454.745330023),813196,570453,654248
348,4호선,혜화,127.001844,37.582336,956016.2045109436,1953777.5784698531,POINT (956016.2045109436 1953777.578469853),2330586,1272360,1702869
351,4호선,회현,126.978246,37.558514,953917.9714392022,1951145.953464068,POINT (953917.9714392022 1951145.953464068),1644580,972277,1203283
354,5호선,강동,127.132481,37.535804,967530.4276213322,1948561.9707628596,POINT (967530.4276213322 1948561.97076286),1113395,841708,913388
357,5호선,개롱,127.13482,37.498079,967720.828738622,1944375.820359156,POINT (967720.828738622 1944375.820359156),394587,285843,324615
360,5호선,개화산,126.806171,37.572399,938731.2763739536,1952784.7176803036,POINT (938731.2763739536 1952784.717680304),324415,222672,272952
363,5호선,거여,127.14415,37.493105,968543.4473070672,1943820.83040628,POINT (968543.4473070672 1943820.83040628),434243,338713,448194
366,5호선,고덕,127.154151,37.555004,969452.770797142,1950684.8345258215,POINT (969452.7707971419 1950684.834525821),534373,381859,466598
369,5호선,공덕,126.951592,37.544018,951554.4532490884,1949551.097676697,POINT (951554.4532490884 1949551.097676697),810704,610900,679112
372,5호선,광나루,127.10357,37.545303,964980.6311172168,1949626.203551012,POINT (964980.6311172168 1949626.203551012),758826,539755,642428
375,5호선,광화문,126.976669,37.571026,953786.4177656964,1952534.872424316,POINT (953786.4177656964 1952534.872424316),2068876,1249580,1429652
378,5호선,군자,127.079542,37.557121,962863.9283956948,1950946.5651541213,POINT (962863.9283956948 1950946.565154121),674752,515148,602998
381,5호선,굽은다리,127.142853,37.545477,968450.8524022672,1949631.601132216,POINT (968450.8524022672 1949631.601132216),538912,411996,480712
384,5호선,길동,127.140004,37.537801,968195.9201527144,1948780.9548411963,POINT (968195.9201527144 1948780.954841196),453917,366382,426683
387,5호선,김포공항,126.801058,37.562434,938271.54278109,1951682.4866799223,POINT (938271.54278109 1951682.486679922),494833,315928,426799
390,5호선,까치산,126.846683,37.531768,942277.4097647128,1948251.245293642,POINT (942277.4097647128 1948251.245293642),1709041,1278407,1454630
393,5호선,답십리,127.052704,37.566747,960498.5888421376,1952025.46049745,POINT (960498.5888421376 1952025.46049745),889518,677949,771690
396,5호선,동대문역사문화공원,127.007896,37.565138,956540.565252418,1951866.7283941316,POINT (956540.565252418 1951866.728394132),176944,130991,150480
399,5호선,둔촌동,127.136248,37.527788,967859.796125346,1947671.3511027235,POINT (967859.796125346 1947671.351102724),511239,380116,443280
402,5호선,마곡,126.825448,37.560183,940423.8281014586,1951417.007163028,POINT (940423.8281014586 1951417.007163028),389452,396478,520589
405,5호선,마장,127.042973,37.5661,959638.8752050528,1951957.8140890095,POINT (959638.8752050528 1951957.81408901),353765,245425,287285
408,5호선,마천,127.152781,37.49499,969307.1873483228,1944027.10879093,POINT (969307.1873483228 1944027.10879093),304907,270686,346282
411,5호선,마포,126.945932,37.539574,951051.5479145248,1949060.990527324,POINT (951051.5479145248 1949060.990527324),816232,612943,703619
414,5호선,명일,127.143999,37.55137,968554.5621830384,1950285.010841384,POINT (968554.5621830384 1950285.010841384),507450,372846,444699
417,5호선,목동,126.864931,37.526065,943885.4225152994,1947607.482482224,POINT (943885.4225152994 1947607.482482224),1074041,772607,870458
422,5호선,발산,126.837668,37.558598,941501.8671528692,1951233.4822470632,POINT (941501.8671528692 1951233.482247063),1110802,800963,1018011
425,5호선,방이,127.126133,37.508857,966957.7106233404,1945574.5821857585,POINT (966957.7106233404 1945574.582185759),436493,317776,375952
428,5호선,방화,126.812741,37.577446,939315.5448316758,1953340.3988316853,POINT (939315.5448316758 1953340.398831685),399444,289154,329231
431,5호선,상일동,127.166417,37.556712,970536.8450838884,1950870.411771982,POINT (970536.8450838884 1950870.411771982),812415,693023,736301
434,5호선,서대문,126.966641,37.565773,952897.564736103,1951957.056688241,POINT (952897.5647361031 1951957.056688241),1012690,771613,877552
437,5호선,송정,126.811973,37.561184,939234.5196237882,1951536.691012068,POINT (939234.5196237882 1951536.691012068),416372,285461,328607
440,5호선,신금호,127.020331,37.554548,957632.7544570972,1950686.1452931624,POINT (957632.7544570972 1950686.145293162),367239,277827,319976
443,5호선,신길,126.917169,37.517122,948495.0584195396,1946585.4223310496,POINT (948495.0584195396 1946585.42233105),209080,186052,212837
446,5호선,신정,126.856191,37.524997,943112.3383273592,1947494.2434083235,POINT (943112.3383273592 1947494.243408323),704806,557094,631658
449,5호선,아차산,127.089761,37.551691,963763.8750814992,1950340.1486954573,POINT (963763.8750814992 1950340.148695457),831010,646387,753382
452,5호선,애오개,126.95682,37.553736,952022.5200281164,1950626.578846044,POINT (952022.5200281164 1950626.578846044),408411,293525,329867
455,5호선,양평,127.491814,37.492832,999276.3696935328,1943731.116926383,POINT (999276.3696935328 1943731.116926383),386951,325005,366046
458,5호선,여의나루,126.932901,37.527098,949891.9840905672,1947683.707844854,POINT (949891.9840905672 1947683.707844854),424608,326599,476317
461,5호선,여의도,126.924191,37.521624,949118.6572180458,1947081.0731417877,POINT (949118.6572180458 1947081.073141788),1407520,1111459,1378858
464,5호선,영등포구청,126.895951,37.52497,946625.5908628892,1947467.943628047,POINT (946625.5908628892 1947467.943628047),210043,172046,189368
467,5호선,영등포시장,126.905139,37.522669,947435.8455210084,1947207.4859527068,POINT (947435.8455210084 1947207.485952707),594075,426129,526970
470,5호선,오금,127.128111,37.502162,967129.5912186876,1944831.123682449,POINT (967129.5912186876 1944831.123682449),199744,159345,179418
473,5호선,오목교,126.875181,37.524496,944789.9637071404,1947427.3442812809,POINT (944789.9637071404 1947427.344281281),1456737,1015564,1157154
476,5호선,올림픽공원,127.130848,37.516078,967377.5659781854,1946374.0598178625,POINT (967377.5659781854 1946374.059817862),232157,166927,197298
479,5호선,왕십리,127.037732,37.561533,959173.5353594732,1951453.393134703,POINT (959173.5353594732 1951453.393134703),301114,208862,254259
482,5호선,우장산,126.836318,37.548768,941374.9316731644,1950143.728237605,POINT (941374.9316731644 1950143.728237605),858692,595345,713622
485,5호선,을지로4가,126.998079,37.566941,955674.6541476136,1952071.347367781,POINT (955674.6541476136 1952071.347367781),327619,245440,292983
488,5호선,장한평,127.064623,37.56144,961548.4521097564,1951431.733734972,POINT (961548.4521097564 1951431.733734972),1060422,800657,913147
491,5호선,종로3가,126.991806,37.571607,955123.4726345117,1952591.9944645572,POINT (955123.4726345117 1952591.994464557),955323,457742,667146
494,5호선,천호,127.123572,37.538397,966744.483841722,1948852.7617783027,POINT (966744.483841722 1948852.761778303),1180328,828547,967396
497,5호선,청구,127.013828,37.560245,957061.636125894,1951321.148483283,POINT (957061.636125894 1951321.148483283),226736,169505,190754
500,5호선,충정로,126.963672,37.559973,952631.6898234192,1951315.0674651084,POINT (952631.6898234192 1951315.067465108),251218,199031,222177
505,5호선,행당,127.029476,37.557322,958442.0410832412,1950989.8232666573,POINT (958442.0410832412 1950989.823266657),456428,344355,385730
508,5호선,화곡,126.840461,37.541513,941735.2533291404,1949336.2437859385,POINT (941735.2533291404 1949336.243785938),1649359,1209731,1388835
511,6호선,고려대,127.036296,37.590508,959062.575952388,1954668.6496893892,POINT (959062.575952388 1954668.649689389),480451,327693,375003
514,6호선,공덕,126.951592,37.544018,951554.4532490884,1949551.097676697,POINT (951554.4532490884 1949551.097676697),1041738,760277,866515
517,6호선,광흥창,126.931993,37.547456,949825.3966557968,1949942.8054370447,POINT (949825.3966557968 1949942.805437045),531246,365193,436162
520,6호선,구산,126.91727,37.611377,948568.8255878488,1957042.5200524228,POINT (948568.8255878488 1957042.520052423),390961,285445,335166
523,6호선,녹사평,126.986695,37.534675,954649.7639620051,1948497.034444032,POINT (954649.7639620051 1948497.034444032),323310,202787,251411
526,6호선,대흥,126.942069,37.547771,950715.6696583272,1949972.4232509253,POINT (950715.6696583272 1949972.423250925),495010,339585,396039
529,6호선,독바위,126.933031,37.618456,949964.6314273336,1957819.390239001,POINT (949964.6314273336 1957819.390239001),171018,130246,143096
532,6호선,돌곶이,127.056431,37.610537,960850.6708626504,1956882.1894310704,POINT (960850.6708626504 1956882.18943107),489785,367248,456418
535,6호선,동묘앞,127.016429,37.572627,957298.4248585504,1952693.6833524248,POINT (957298.4248585504 1952693.683352425),523631,370021,417719
538,6호선,디지털미디어시티,126.900984,37.576646,947106.8486604348,1953198.3023680248,POINT (947106.8486604348 1953198.302368025),795348,609028,681020
541,6호선,마포구청,126.903343,37.563515,947305.8999902856,1951740.1512627609,POINT (947305.8999902856 1951740.151262761),787689,586699,683197
544,6호선,망원,126.910052,37.556094,947893.2466634704,1950913.0856287333,POINT (947893.2466634704 1950913.085628733),890686,652779,798354
547,6호선,버티고개,127.007055,37.548013,956456.3292074096,1949967.188406197,POINT (956456.3292074096 1949967.188406197),131005,99085,102120
550,6호선,보문,127.019381,37.585286,957566.2867427196,1954096.8003924328,POINT (957566.2867427196 1954096.800392433),413358,305403,349149
553,6호선,봉화산,127.091401,37.617283,963940.3892214248,1957616.6198026105,POINT (963940.3892214248 1957616.61980261),533327,374564,426000
556,6호선,불광,126.929887,37.610469,949681.7873504412,1956934.9434667144,POINT (949681.7873504412 1956934.943466714),284819,192810,220539
559,6호선,삼각지,126.97311,37.534777,953449.5908213292,1948514.9886808333,POINT (953449.5908213292 1948514.988680833),343385,223184,299762
562,6호선,상수,126.922852,37.547716,949018.1012107048,1949976.5689216405,POINT (949018.1012107048 1949976.568921641),626573,352676,480918
565,6호선,상월곡,127.048491,37.606377,960147.6644353248,1956423.996566143,POINT (960147.6644353248 1956423.996566143),348795,257346,293910
568,6호선,새절,126.913629,37.591148,948233.4565155451,1954800.193417636,POINT (948233.4565155451 1954800.193417636),748085,547199,616339
571,6호선,석계,127.065851,37.614805,961684.2725670412,1957351.8186404149,POINT (961684.2725670412 1957351.818640415),754153,550319,622660
577,6호선,신당,127.01782,37.565972,957417.4687592918,1951954.7133613643,POINT (957417.4687592918 1951954.713361364),497598,340248,422925
580,6호선,안암,127.029005,37.586272,958416.5404411457,1954201.8883605977,POINT (958416.5404411457 1954201.888360598),640815,408500,478757
583,6호선,약수,127.010655,37.55434,956777.9865784805,1950667.4739393047,POINT (956777.9865784805 1950667.473939305),217525,153177,178979
586,6호선,역촌,126.922744,37.606021,949048.305961138,1956445.3076338195,POINT (949048.305961138 1956445.30763382),246205,181040,210989
592,6호선,월곡,127.041518,37.601948,959529.7914929454,1955935.6014841525,POINT (959529.7914929454 1955935.601484152),684029,488191,567228
595,6호선,월드컵경기장,126.899298,37.569532,946952.9273727662,1952409.985921608,POINT (946952.9273727662 1952409.985921608),301566,205455,211645
598,6호선,응암,126.915577,37.598605,948410.5816538808,1955626.4452290933,POINT (948410.5816538808 1955626.445229093),1021271,781876,890774
601,6호선,이태원,126.994302,37.534488,955321.73156328,1948472.646640268,POINT (955321.73156328 1948472.646640268),933814,405551,556813
604,6호선,증산,126.909645,37.583876,947876.6633070444,1953995.598821015,POINT (947876.6633070444 1953995.598821015),590857,452597,515218
607,6호선,창신,127.015241,37.579661,957197.5447204588,1953474.611779338,POINT (957197.5447204588 1953474.611779338),181000,140164,155331
610,6호선,청구,127.013828,37.560245,957061.636125894,1951321.148483283,POINT (957061.636125894 1951321.148483283),224776,171518,189037
613,6호선,태릉입구,127.07512,37.617983,962503.9060071326,1957700.660858888,POINT (962503.9060071326 1957700.660858888),338832,240044,287811
616,6호선,한강진,127.001725,37.539631,955980.5791275552,1949039.733145575,POINT (955980.5791275552 1949039.733145575),509174,317135,502180
619,6호선,합정,126.913739,37.549463,948214.313209934,1950175.3708424412,POINT (948214.313209934 1950175.370842441),825323,546560,688898
622,6호선,화랑대,127.084689,37.620064,963349.4054368568,1957927.759247942,POINT (963349.4054368568 1957927.759247942),605939,422875,508778
625,6호선,효창공원앞,126.961351,37.539261,952413.5320628646,1949018.350018815,POINT (952413.5320628646 1949018.350018815),381767,287911,328816
628,7호선,가산디지털단지,126.882343,37.481072,945391.1970125308,1942605.5158650456,POINT (945391.1970125308 1942605.515865046),2306723,1999015,2107203
631,7호선,강남구청,127.04128,37.517186,959462.8868899656,1946531.810581656,POINT (959462.8868899656 1946531.810581656),910013,731945,839581
634,7호선,건대입구,127.07023,37.540693,962033.129702354,1949127.6907836476,POINT (962033.129702354 1949127.690783648),898388,561703,662071
637,7호선,고속터미널,127.004943,37.50481,956244.5399129882,1945175.0456406751,POINT (956244.5399129882 1945175.045640675),1117139,639542,771814
640,7호선,공릉,127.072896,37.625742,962311.5520738908,1958562.379530752,POINT (962311.5520738908 1958562.379530752),706389,510711,588236
643,7호선,광명사거리,126.854876,37.479252,942961.3520438456,1942419.882457292,POINT (942961.3520438456 1942419.882457292),1456623,1024013,1151171
646,7호선,군자,127.079542,37.557121,962863.9283956948,1950946.5651541213,POINT (962863.9283956948 1950946.565154121),766297,591327,688240
655,7호선,남구로,126.887249,37.486056,945828.5533970484,1943155.6266000243,POINT (945828.5533970484 1943155.626600024),948299,747722,803438
658,7호선,남성,126.971251,37.484596,953254.0638651724,1942948.626737024,POINT (953254.0638651724 1942948.626737024),639535,490410,537547
661,7호선,내방,126.993513,37.487618,955224.032584678,1943273.077348618,POINT (955224.032584678 1943273.077348618),796362,640366,714192
664,7호선,노원,127.061368,37.655128,961309.5379340928,1961827.3342881985,POINT (961309.5379340928 1961827.334288199),1281676,895099,1040724
667,7호선,논현,127.021415,37.511093,957703.966760492,1945864.5741141727,POINT (957703.966760492 1945864.574114173),1170985,914724,1032308
670,7호선,대림,126.895801,37.49297,946589.540255082,1943917.807256364,POINT (946589.540255082 1943917.807256364),603723,369214,450337
673,7호선,도봉산,127.046222,37.689313,959991.9038874394,1965626.4060804811,POINT (959991.9038874394 1965626.406080481),560097,437288,493898
676,7호선,뚝섬유원지,127.066704,37.53154,961716.9543339992,1948113.6485572755,POINT (961716.9543339992 1948113.648557276),421572,317107,376528
679,7호선,마들,127.057675,37.66494,960988.9222008476,1962917.4713125168,POINT (960988.9222008476 1962917.471312517),675730,541019,628222
682,7호선,먹골,127.077725,37.610637,962730.1347981932,1956884.6172627192,POINT (962730.1347981932 1956884.617262719),601098,455444,518843
685,7호선,면목,127.087503,37.588579,963582.3920059368,1954433.54985596,POINT (963582.3920059368 1954433.54985596),881591,692095,774858
688,7호선,반포,127.011727,37.508178,956846.0842959934,1945545.5717232665,POINT (956846.0842959934 1945545.571723267),361574,248493,288000
691,7호선,보라매,126.920428,37.499872,948771.2721648732,1944669.854204771,POINT (948771.2721648732 1944669.854204771),544252,422072,479438
703,7호선,사가정,127.088478,37.580894,963664.7358103492,1953580.560118844,POINT (963664.7358103492 1953580.560118844),917694,748750,822915
709,7호선,상도,126.94791,37.502834,951202.371050978,1944983.866020771,POINT (951202.371050978 1944983.866020771),625315,450907,529630
715,7호선,상봉,127.085032,37.596362,963368.0520995698,1955297.996772825,POINT (963368.0520995698 1955297.996772825),993748,752358,851005
718,7호선,수락산,127.055315,37.67785,960787.5735618528,1964350.778046544,POINT (960787.5735618528 1964350.778046544),753191,572790,645320
721,7호선,숭실대입구,126.953822,37.496029,951720.5384404662,1944225.843350587,POINT (951720.5384404662 1944225.843350587),740432,520171,586591
724,7호선,신대방삼거리,126.928276,37.499701,949464.8525586788,1944646.63985568,POINT (949464.8525586788 1944646.63985568),943983,730827,820750
730,7호선,신풍,126.90993,37.50008,947843.483626002,1944698.6966403755,POINT (947843.483626002 1944698.696640376),645669,513338,567475
733,7호선,어린이대공원,127.074658,37.548014,962427.9856642482,1949938.1350863208,POINT (962427.9856642482 1949938.135086321),712118,520537,618226
736,7호선,온수,126.823388,37.492258,940187.677260499,1943882.3655646504,POINT (940187.677260499 1943882.36556465),556252,439235,469282
739,7호선,용마산,127.086727,37.573647,963506.5941864024,1952777.221518244,POINT (963506.5941864024 1952777.221518244),343158,268828,306225
742,7호선,이수,126.981989,37.486263,954204.4193790545,1943128.292214634,POINT (954204.4193790545 1943128.292214634),965448,678050,792886
745,7호선,장승배기,126.93915,37.504898,950429.45842292,1945217.432954239,POINT (950429.45842292 1945217.432954239),608105,433319,459187
748,7호선,장암,127.053196,37.700109,960612.4929097464,1966821.237273204,POINT (960612.4929097464 1966821.237273204),93563,69414,78224
751,7호선,중계,127.064303,37.644583,961562.9926717476,1960656.1989253752,POINT (961562.9926717476 1960656.198925375),844044,582669,662811
754,7호선,중곡,127.08432,37.565923,963290.256189235,1951921.222148602,POINT (963290.256189235 1951921.222148602),558572,434580,525550
757,7호선,중화,127.079264,37.602545,962861.9440325768,1955986.2370555217,POINT (962861.9440325768 1955986.237055522),648020,495010,543223
760,7호선,천왕,126.838713,37.486637,941538.038402729,1943249.119621561,POINT (941538.038402729 1943249.119621561),547172,472914,549075
763,7호선,철산,126.867911,37.47605,944111.4694939991,1942056.8232906505,POINT (944111.4694939991 1942056.82329065),1355048,957984,1076031
766,7호선,청담,127.05335,37.519365,960530.6669410544,1946768.4249392147,POINT (960530.6669410544 1946768.424939215),1175544,885860,980204
772,7호선,태릉입구,127.07512,37.617983,962503.9060071326,1957700.660858888,POINT (962503.9060071326 1957700.660858888),468835,343679,416293
775,7호선,하계,127.06799,37.636352,961884.0547698608,1959741.497270784,POINT (961884.0547698608 1959741.497270784),1053794,747681,855335
778,7호선,학동,127.031656,37.514229,958610.7754723968,1946207.9397706063,POINT (958610.7754723968 1946207.939770606),1285559,1062480,1179010
781,8호선,가락시장,127.118234,37.492522,966252.2447910854,1943765.126418391,POINT (966252.2447910854 1943765.126418391),514066,381570,420832
784,8호선,강동구청,127.120508,37.530341,966470.1872803456,1947960.0855352224,POINT (966470.1872803456 1947960.085535222),626871,485843,536130
787,8호선,남한산성입구,127.159816,37.451535,969911.6412268488,1939203.8251586496,POINT (969911.6412268488 1939203.82515865),737582,593507,648842
790,8호선,단대오거리,127.156866,37.44521,969648.165562597,1938503.0619138165,POINT (969648.165562597 1938503.061913816),597686,483270,528530
793,8호선,모란,127.129087,37.43213,967185.261335675,1937061.2487037135,POINT (967185.261335675 1937061.248703714),255698,184373,221934
796,8호선,몽촌토성,127.112359,37.517409,965744.2714934536,1946528.297252771,POINT (965744.2714934536 1946528.297252771),330464,259327,310974
799,8호선,문정,127.1225,37.485855,966626.3906105586,1943023.9481113232,POINT (966626.3906105586 1943023.948111323),1114002,972667,1061988
802,8호선,복정,127.126662,37.470047,966987.3882472488,1941268.6963999104,POINT (966987.3882472488 1941268.69639991),562528,431083,437632
805,8호선,산성,127.149908,37.457122,969037.6057034384,1939826.8700161425,POINT (969037.6057034384 1939826.870016142),311877,313550,273172
808,8호선,석촌,127.106979,37.505431,965263.2897612918,1945201.388080075,POINT (965263.2897612918 1945201.388080075),504728,375147,439582
811,8호선,송파,127.112183,37.499703,965720.622467666,1944563.9963277895,POINT (965720.622467666 1944563.99632779),537007,355100,378355
814,8호선,수진,127.140722,37.437428,968216.8558489162,1937645.032508948,POINT (968216.8558489162 1937645.032508948),330874,237777,265593
817,8호선,신흥,127.147564,37.440918,968823.5759683156,1938029.934993596,POINT (968823.5759683156 1938029.934993596),302293,230161,232321
820,8호선,암사,127.127562,37.55021,967102.172947623,1950161.9406720216,POINT (967102.172947623 1950161.940672022),1027947,806514,906975
823,8호선,잠실,127.102234,37.51395,964847.9018932933,1946148.2780287464,POINT (964847.9018932933 1946148.278028746),1029474,681461,836291
826,8호선,장지,127.126191,37.478703,966949.5515836104,1942229.1822950183,POINT (966949.5515836104 1942229.182295018),1038462,793053,867066
829,8호선,천호,127.123572,37.538397,966744.483841722,1948852.7617783027,POINT (966744.483841722 1948852.761778303),1113068,756494,842186
832,9호선,가양,126.854456,37.561391,942986.7527503242,1951533.036899391,POINT (942986.7527503242 1951533.036899391),1175949,871481,1010967
835,9호선,개화,126.798153,37.578608,938028.3819638882,1953478.84138942,POINT (938028.3819638882 1953478.84138942),130572,89471,102784
838,9호선,고속터미널,127.004943,37.50481,956244.5399129882,1945175.0456406751,POINT (956244.5399129882 1945175.045640675),1061251,572830,775339
841,9호선,공항시장,126.810678,37.563726,939122.2143697704,1951819.5535798687,POINT (939122.2143697704 1951819.553579869),179752,133765,160511
844,9호선,구반포,126.987332,37.501364,954685.9037727228,1944801.067209046,POINT (954685.9037727228 1944801.067209046),179748,122417,73319
847,9호선,국회의사당,126.917874,37.528105,948564.9006464048,1947803.5407058063,POINT (948564.9006464048 1947803.540705806),875985,631176,776578
850,9호선,김포공항,126.801058,37.562434,938271.54278109,1951682.4866799223,POINT (938271.54278109 1951682.486679922),646921,385500,561461
853,9호선,노들,126.953222,37.512887,951678.367787274,1946096.44600982,POINT (951678.3677872739 1946096.44600982),248407,181671,211118
856,9호선,노량진,126.942454,37.514219,950727.611245132,1946249.808489692,POINT (950727.6112451321 1946249.808489692),1780527,1049053,1360367
859,9호선,당산,126.902281,37.53438,947191.556465964,1948508.360832567,POINT (947191.5564659639 1948508.360832567),1060478,763714,913125
862,9호선,동작,126.979306,37.502971,953977.4768178882,1944983.2487039424,POINT (953977.4768178882 1944983.248703942),108391,65663,91522
865,9호선,등촌,126.865689,37.550632,943970.7858096526,1950332.6196129303,POINT (943970.7858096526 1950332.61961293),602353,476899,572502
868,9호선,마곡나루,126.829497,37.567336,940787.1005108424,1952208.0436296551,POINT (940787.1005108424 1952208.043629655),575515,464526,587931
871,9호선,사평,127.015259,37.504206,957155.9769659484,1945103.289031979,POINT (957155.9769659484 1945103.289031979),181731,135467,173190
874,9호선,샛강,126.928422,37.517274,949489.600382664,1946596.184663795,POINT (949489.600382664 1946596.184663795),311301,242531,281330
877,9호선,선유도,126.893525,37.53802,946420.56131476,1948917.1533542103,POINT (946420.56131476 1948917.15335421),392695,318832,407978
880,9호선,신논현,127.02506,37.504598,958022.4669113926,1945142.3619778487,POINT (958022.4669113926 1945142.361977849),2045696,1336774,1674939
883,9호선,신목동,126.88308,37.544277,945502.3362230852,1949617.339541256,POINT (945502.3362230852 1949617.339541256),211328,155452,186959
886,9호선,신반포,126.995925,37.503415,955446.6524525268,1945024.510207248,POINT (955446.6524525268 1945024.510207248),172545,131351,161767
889,9호선,신방화,126.816601,37.567532,939648.38403585,1952237.9933531648,POINT (939648.3840358499 1952237.993353165),394815,289383,338426
892,9호선,양천향교,126.841333,37.568381,941833.1761285178,1952316.589626374,POINT (941833.1761285178 1952316.589626374),504797,404437,475870
895,9호선,여의도,126.924191,37.521624,949118.6572180458,1947081.0731417877,POINT (949118.6572180458 1947081.073141788),1238207,947899,1277670
898,9호선,염창,126.874916,37.546936,944783.0963155637,1949917.1063947573,POINT (944783.0963155637 1949917.106394757),966830,733649,855367
901,9호선,증미,126.861939,37.557402,943644.6400928748,1951085.961962669,POINT (943644.6400928748 1951085.961962669),399688,322086,366322
904,9호선,흑석,126.963708,37.50877,952602.4742572086,1945634.3553093476,POINT (952602.4742572086 1945634.355309348),521225,339637,408170
